date,NIFTY_ALPHA_50,NIFTY500_MOMENTUM_50,NIFTY500_MULTIFACTOR_MQVLV_50,NIFTY500_QUALITY_50,NIFTY500_VALUE_50,NIFTY500_LOW_VOLATILITY_50,NIFTY_HIGH_BETA_50,NIFTY_500
2003-09-30,,,,,,,,1138.55
2003-10-01,,,,,,,,1142.3
2003-10-03,,,,,,,,1160.8
2003-10-06,,,,,,,,1188.25
2003-10-07,,,,,,,,1184.2
2003-10-08,,,,,,,,1186.5
2003-10-09,,,,,,,,1204.05
2003-10-10,,,,,,,,1208.25
2003-10-13,,,,,,,,1230.9
2003-10-14,,,,,,,,1206.05
2003-10-15,,,,,,,,1215.45
2003-10-16,,,,,,,,1226.9
2003-10-17,,,,,,,,1235.65
2003-10-20,,,,,,,,1211.05
2003-10-21,,,,,,,,1183.5
2003-10-22,,,,,,,,1169.55
2003-10-23,,,,,,,,1155.9
2003-10-24,,,,,,,,1180.4
2003-10-25,,,,,,,,1198.9
2003-10-27,,,,,,,,1173.45
2003-10-28,,,,,,,,1167.1
2003-10-29,,,,,,,,1174.85
2003-10-30,,,,,,,,1185.85
2003-10-31,,,,,,,,1218.3
2003-11-03,,,,,,,,1242.8
2003-11-04,,,,,,,,1257.7
2003-11-05,,,,,,,,1259.7
2003-11-06,,,,,,,,1268.15
2003-11-07,,,,,,,,1259.75
2003-11-10,,,,,,,,1270.55
2003-11-11,,,,,,,,1281.25
2003-11-12,,,,,,,,1286.54
2003-11-13,,,,,,,,1262.65
2003-11-14,,,,,,,,1236.9
2003-11-15,,,,,,,,1247.5
2003-11-17,,,,,,,,1262.2
2003-11-18,,,,,,,,1252.35
2003-11-19,,,,,,,,1233.75
2003-11-20,,,,,,,,1217.05
2003-11-21,,,,,,,,1223.1
2003-11-24,,,,,,,,1231.35
2003-11-25,,,,,,,,1250.75
2003-11-27,,,,,,,,1269.8
2003-11-28,,,,,,,,1285.4
2003-12-01,,,,,,,,1313.15
2003-12-02,,,,,,,,1315.2
2003-12-03,,,,,,,,1329.55
2003-12-04,,,,,,,,1338.2
2003-12-05,,,,,,,,1318.8
2003-12-08,,,,,,,,1326.95
2003-12-09,,,,,,,,1355.95
2003-12-10,,,,,,,,1365.4
2003-12-11,,,,,,,,1377.35
2003-12-12,,,,,,,,1381.55
2003-12-15,,,,,,,,1397
2003-12-16,,,,,,,,1399.3
2003-12-17,,,,,,,,1400.2
2003-12-18,,,,,,,,1428.1
2003-12-19,,,,,,,,1450
2003-12-22,,,,,,,,1466.75
2003-12-23,,,,,,,,1456.9
2003-12-24,,,,,,,,1475
2003-12-26,,,,,,,,1496.35
2003-12-29,,,,,,,,1525.5
2003-12-30,,,,,,,,1525.25
2003-12-31,1000,,,,,,,1531.35
2004-01-01,1015.79,,,,,,,1562.95
2004-01-02,1026.63,,,,,,,1609.3
2004-01-05,1018.69,,,,,,,1616.2
2004-01-06,1005.27,,,,,,,1587.4
2004-01-07,996.9,,,,,,,1579.65
2004-01-08,1033.63,,,,,,,1633.2
2004-01-09,1038.18,,,,,,,1630.6
2004-01-12,1021.97,,,,,,,1605.35
2004-01-13,1023.08,,,,,,,1608.75
2004-01-14,1044.21,,,,,,,1621.2
2004-01-15,1035.59,,,,,,,1597.3
2004-01-16,1015.1,,,,,,,1555.15
2004-01-19,1013.46,,,,,,,1576.95
2004-01-20,1003.53,,,,,,,1546.75
2004-01-21,940.22,,,,,,,1466.15
2004-01-22,920.2,,,,,,,1424.05
2004-01-23,963.31,,,,,,,1494.4
2004-01-27,993.18,,,,,,,1547.65
2004-01-28,974.81,,,,,,,1509.55
2004-01-29,972.34,,,,,,,1496.1
2004-01-30,942.75,,,,,,,1459.8
2004-02-03,901.43,,,,,,,1403.55
2004-02-04,926.15,,,,,,,1444.95
2004-02-05,928.46,,,,,,,1437.15
2004-02-06,939.95,,,,,,,1466.6
2004-02-09,957.38,,,,,,,1501.35
2004-02-10,959.44,,,,,,,1501.65
2004-02-11,967.25,,,,,,,1512.55
2004-02-12,980.08,,,,,,,1511.65
2004-02-13,998.13,,,,,,,1533.4
2004-02-16,1006.64,,,,,,,1535.35
2004-02-17,1004.28,,,,,,,1537.15
2004-02-18,1004.39,,,,,,,1543.5
2004-02-19,986.43,,,,,,,1501.3
2004-02-20,980.32,,,,,,,1494.65
2004-02-23,960.6,,,,,,,1457
2004-02-24,959.85,,,,,,,1461.2
2004-02-25,941.8,,,,,,,1430.8
2004-02-26,935.14,,,,,,,1419.85
2004-02-27,937.48,,,,,,,1442.8
2004-03-01,959.33,,,,,,,1484.2
2004-03-03,965.91,,,,,,,1487.65
2004-03-04,960.45,,,,,,,1480
2004-03-05,971.93,,,,,,,1506.7
2004-03-08,988.07,,,,,,,1535.7
2004-03-09,981.07,,,,,,,1518.75
2004-03-10,980.59,,,,,,,1504.55
2004-03-11,962.15,,,,,,,1476.8
2004-03-12,960.79,,,,,,,1475.45
2004-03-15,942.52,,,,,,,1435.8
2004-03-16,922.88,,,,,,,1429.5
2004-03-17,930.94,,,,,,,1437.1
2004-03-18,916.3,,,,,,,1414.65
2004-03-19,910.93,,,,,,,1418.9
2004-03-22,871.71,,,,,,,1383.25
2004-03-23,862.02,,,,,,,1383.8
2004-03-24,864.63,,,,,,,1384.25
2004-03-25,884.31,,,,,,,1396.2
2004-03-26,905.58,,,,,,,1428.05
2004-03-29,921.62,,,,,,,1442.9
2004-03-30,935.86,,,,,,,1441.2
2004-03-31,946.88,,,,,,,1457.5
2004-04-01,974.14,,,,,,,1491.2
2004-04-02,989.21,,,,,,,1513.15
2004-04-05,998.58,,,,,,,1524.1
2004-04-06,989.47,,,,,,,1517
2004-04-07,982.66,,,,,,,1516.05
2004-04-08,988.47,,,,,,,1531.15
2004-04-12,996.95,,,,,,,1526.75
2004-04-13,1004.23,,,,,,,1557.4
2004-04-15,1008.7,,,,,,,1554.9
2004-04-16,1015.8,,,,,,,1563.05
2004-04-17,1026.68,,,,,,,1567.1
2004-04-19,1010.59,,,,,,,1543.1
2004-04-20,1009.51,,,,,,,1541.7
2004-04-21,1027.59,,,,,,,1567.65
2004-04-22,1042.89,,,,,,,1585.9
2004-04-23,1051.07,,,,,,,1589.25
2004-04-27,1004,,,,,,,1521.35
2004-04-28,1009.7,,,,,,,1518.7
2004-04-29,1017.6,,,,,,,1517.95
2004-04-30,1006.09,,,,,,,1507.55
2004-05-03,982.12,,,,,,,1479.7
2004-05-04,1003.84,,,,,,,1507.25
2004-05-05,1017.58,,,,,,,1521.05
2004-05-06,1028.06,,,,,,,1543.6
2004-05-07,1015.27,,,,,,,1522.5
2004-05-10,1004.21,,,,,,,1493.65
2004-05-11,953.52,,,,,,,1426.8
2004-05-12,960.74,,,,,,,1438.1
2004-05-13,966.4,,,,,,,1436.4
2004-05-14,881.15,,,,,,,1309.85
2004-05-17,778.57,,,,,,,1151.5
2004-05-18,824.41,,,,,,,1243.6
2004-05-19,881.09,,,,,,,1307.1
2004-05-20,883.54,,,,,,,1294.4
2004-05-21,874.84,,,,,,,1301.95
2004-05-24,901.68,,,,,,,1337.4
2004-05-25,892.63,,,,,,,1335.3
2004-05-26,905.47,,,,,,,1335
2004-05-27,896.87,,,,,,,1322
2004-05-28,859.19,,,,,,,1257.3
2004-05-31,823.99,,,,,,,1226.55
2004-06-01,832.34,,,,,,,1248.4
2004-06-02,837.72,,,,,,,1270.65
2004-06-03,821.23,,,,,,,1241.3
2004-06-04,825.44,,,,,,,1258.75
2004-06-07,833.78,,,,,,,1275.35
2004-06-08,836.86,,,,,,,1281.9
2004-06-09,844.23,,,,,,,1284.85
2004-06-10,850.04,,,,,,,1284.25
2004-06-11,834.19,,,,,,,1256.4
2004-06-14,813.22,,,,,,,1229.3
2004-06-15,814.79,,,,,,,1244.55
2004-06-16,818.28,,,,,,,1240.1
2004-06-17,814.37,,,,,,,1250.85
2004-06-18,809.67,,,,,,,1236.4
2004-06-21,799.52,,,,,,,1226.95
2004-06-22,791.16,,,,,,,1219
2004-06-23,767.49,,,,,,,1192.5
2004-06-24,767.45,,,,,,,1207
2004-06-25,789.87,,,,,,,1225.3
2004-06-28,808.81,,,,,,,1250.3
2004-06-29,816.32,,,,,,,1255.4
2004-06-30,819.26,,,,,,,1248
2004-07-01,829.31,,,,,,,1270.85
2004-07-02,832.35,,,,,,,1271.15
2004-07-05,829.79,,,,,,,1260.95
2004-07-06,838.16,,,,,,,1281.85
2004-07-07,839.59,,,,,,,1288.4
2004-07-08,825.45,,,,,,,1247.35
2004-07-09,841.85,,,,,,,1273.3
2004-07-12,854.34,,,,,,,1279.75
2004-07-13,852.43,,,,,,,1267.75
2004-07-14,854.09,,,,,,,1257.7
2004-07-15,865.12,,,,,,,1273.75
2004-07-16,878.6,,,,,,,1293.6
2004-07-19,884.86,,,,,,,1304.65
2004-07-20,880.43,,,,,,,1299.5
2004-07-21,887.73,,,,,,,1312
2004-07-22,894.37,,,,,,,1326.4
2004-07-23,901.54,,,,,,,1329.6
2004-07-26,908.03,,,,,,,1342.9
2004-07-27,901.55,,,,,,,1327.25
2004-07-28,898.85,,,,,,,1321.1
2004-07-29,903.3,,,,,,,1341.1
2004-07-30,913.45,,,,,,,1351.45
2004-08-02,911.18,,,,,,,1360.15
2004-08-03,912.16,,,,,,,1354.25
2004-08-04,915.33,,,,,,,1353.8
2004-08-05,928.99,,,,,,,1377.25
2004-08-06,926.11,,,,,,,1360
2004-08-09,927.55,,,,,,,1365.75
2004-08-10,936.82,,,,,,,1373.05
2004-08-11,925,,,,,,,1347.6
2004-08-12,920.16,,,,,,,1335.7
2004-08-13,926.07,,,,,,,1333.3
2004-08-16,924.91,,,,,,,1331.35
2004-08-17,934.45,,,,,,,1337.35
2004-08-18,925.83,,,,,,,1322.75
2004-08-19,936.07,,,,,,,1341.5
2004-08-20,930.36,,,,,,,1328.75
2004-08-23,922.18,,,,,,,1315.45
2004-08-24,930.22,,,,,,,1327.15
2004-08-25,933.86,,,,,,,1332.15
2004-08-26,944.07,,,,,,,1348.2
2004-08-27,949.5,,,,,,,1353.4
2004-08-30,967.26,,,,,,,1373.1
2004-08-31,978.08,,,,,,,1377.2
2004-09-01,981.22,,,,,,,1383.6
2004-09-02,975.66,,,,,,,1378
2004-09-03,981.49,,,,,,,1383.8
2004-09-06,989.83,,,,,,,1394.95
2004-09-07,996.96,,,,,,,1400.85
2004-09-08,998.28,,,,,,,1407.3
2004-09-09,982.92,,,,,,,1398.35
2004-09-10,985.05,,,,,,,1412.75
2004-09-13,988.97,,,,,,,1417.9
2004-09-14,989.11,,,,,,,1423.45
2004-09-15,988.85,,,,,,,1420.85
2004-09-16,997.91,,,,,,,1440.1
2004-09-17,1006.37,,,,,,,1459.3
2004-09-20,1006.92,,,,,,,1457
2004-09-21,1015.53,,,,,,,1473.65
2004-09-22,1018.71,,,,,,,1480
2004-09-23,1016.29,,,,,,,1460.15
2004-09-24,1026.93,,,,,,,1460.85
2004-09-27,1033.39,,,,,,,1459.35
2004-09-28,1029.89,,,,,,,1446.25
2004-09-29,1039.69,,,,,,,1466.1
2004-09-30,1048.76,,,,,,,1478.75
2004-10-01,1053.96,,,,,,,1498.3
2004-10-04,1066,,,,,,,1520.45
2004-10-05,1075.09,,,,,,,1529.5
2004-10-06,1078.74,,,,,,,1517.6
2004-10-07,1082.4,,,,,,,1530.35
2004-10-08,1092.49,,,,,,,1534.5
2004-10-09,1101.11,,,,,,,1537.15
2004-10-11,1086.02,,,,,,,1525.75
2004-10-12,1065.61,,,,,,,1503
2004-10-14,1062.22,,,,,,,1508.1
2004-10-15,1060.9,,,,,,,1508.55
2004-10-18,1061.9,,,,,,,1501.55
2004-10-19,1070.51,,,,,,,1518.45
2004-10-20,1066.18,,,,,,,1504.7
2004-10-21,1063.31,,,,,,,1497.75
2004-10-25,1049.35,,,,,,,1474.7
2004-10-26,1056.46,,,,,,,1491.4
2004-10-27,1071.75,,,,,,,1498.65
2004-10-28,1082.04,,,,,,,1511
2004-10-29,1090.8,,,,,,,1502.05
2004-11-01,1097.98,,,,,,,1510.6
2004-11-02,1108.96,,,,,,,1526.05
2004-11-03,1130.8,,,,,,,1547
2004-11-04,1141.68,,,,,,,1548.05
2004-11-05,1144.2,,,,,,,1562.6
2004-11-08,1151.55,,,,,,,1568.9
2004-11-09,1144.27,,,,,,,1563.55
2004-11-10,1163.14,,,,,,,1579.75
2004-11-11,1165.72,,,,,,,1574.55
2004-11-12,1171.26,,,,,,,1579.15
2004-11-16,1169.64,,,,,,,1584.8
2004-11-17,1184.09,,,,,,,1597.25
2004-11-18,1191.49,,,,,,,1603.85
2004-11-19,1177.69,,,,,,,1586.6
2004-11-22,1188.32,,,,,,,1589.4
2004-11-23,1205.93,,,,,,,1608.25
2004-11-24,1213.01,,,,,,,1618.25
2004-11-25,1222.2,,,,,,,1617.35
2004-11-29,1240.35,,,,,,,1646.45
2004-11-30,1229.91,,,,,,,1653.2
2004-12-01,1229.2,,,,,,,1658.7
2004-12-02,1247.46,,,,,,,1693.8
2004-12-03,1262.94,,,,,,,1692.95
2004-12-06,1264.17,,,,,,,1691.75
2004-12-07,1269.35,,,,,,,1692.5
2004-12-08,1270.38,,,,,,,1683.95
2004-12-09,1281.19,,,,,,,1694.6
2004-12-10,1278.14,,,,,,,1680.9
2004-12-13,1294.09,,,,,,,1695.05
2004-12-14,1310.61,,,,,,,1715.2
2004-12-15,1317.54,,,,,,,1729.95
2004-12-16,1321.23,,,,,,,1736.5
2004-12-17,1318.54,,,,,,,1725.45
2004-12-20,1328.33,,,,,,,1741.65
2004-12-21,1340.77,,,,,,,1758.25
2004-12-22,1341.13,,,,,,,1748.9
2004-12-23,1360.42,,,,,,,1760.3
2004-12-24,1371.2,,,,,,,1774.25
2004-12-27,1378.81,,,,,,,1778.4
2004-12-28,1396.17,,,,,,,1794.05
2004-12-29,1384.46,,,,,,,1790.3
2004-12-30,1386.87,,,,,,,1781.1
2004-12-31,1410.88,,,,,,,1804.9
2005-01-03,1445.94,,,,,,,1834.75
2005-01-04,1454.82,,,,,,,1831.3
2005-01-05,1404.6,,,,,,,1769.2
2005-01-06,1375.44,,,,,,,1741.1
2005-01-07,1407.02,,,,,,,1758.05
2005-01-10,1413.53,,,,,,,1738.4
2005-01-11,1381.72,,,,,,,1705.9
2005-01-12,1327.05,,,,,,,1662
2005-01-13,1377.62,,,,,,,1700.35
2005-01-14,1372.33,,,,,,,1683.55
2005-01-17,1366.03,,,,,,,1679.8
2005-01-18,1382.85,,,,,,,1683.8
2005-01-19,1384.21,,,,,,,1676
2005-01-20,1369.56,,,,,,,1668.3
2005-01-24,1359.18,,,,,,,1653.8
2005-01-25,1373.38,,,,,,,1672.6
2005-01-27,1407.25,,,,,,,1692.8
2005-01-28,1436.74,,,,,,,1732.7
2005-01-31,1455.76,,,,,,,1768.25
2005-02-01,1471.41,,,,,,,1775
2005-02-02,1482.84,,,,,,,1775.9
2005-02-03,1498.88,,,,,,,1799.8
2005-02-04,1501.01,,,,,,,1798.2
2005-02-07,1503.08,,,,,,,1786.7
2005-02-08,1502.19,,,,,,,1788.85
2005-02-09,1520.98,,,,,,,1805.15
2005-02-10,1511.91,,,,,,,1803
2005-02-11,1512.57,,,,,,,1817.5
2005-02-14,1520.5,,,,,,,1828.65
2005-02-15,1517.29,,,,,,,1819.05
2005-02-16,1505.59,,,,,,,1803.45
2005-02-17,1491.14,,,,,,,1797.25
2005-02-18,1492.25,,,,,,,1794.1
2005-02-21,1476.1,,,,,,,1781.5
2005-02-22,1486.31,,,,,,,1793.2
2005-02-23,1502.13,,,,,,,1794.95
2005-02-24,1501.16,,,,,,,1794.55
2005-02-25,1493.4,,,,,,,1796.3
2005-02-28,1519.41,,,,,,,1827.4
2005-03-01,1519.79,,,,,,,1811.9
2005-03-02,1545.47,,,,,,,1825.3
2005-03-03,1569.83,,,,,,,1854.3
2005-03-04,1583.7,,,,,,,1871.95
2005-03-07,1600.39,,,,,,,1883.6
2005-03-08,1614.15,,,,,,,1893.2
2005-03-09,1596.13,,,,,,,1881.8
2005-03-10,1622.7,,,,,,,1889
2005-03-11,1626.71,,,,,,,1880.85
2005-03-14,1614.54,,,,,,,1871.8
2005-03-15,1594.65,,,,,,,1860.6
2005-03-16,1592.32,,,,,,,1859.65
2005-03-17,1575.14,,,,,,,1835.95
2005-03-18,1565.85,,,,,,,1838.35
2005-03-21,1584.54,,,,,,,1829.3
2005-03-22,1557.99,,,,,,,1793.3
2005-03-23,1504.9,,,,,,,1758.5
2005-03-24,1498.9,,,,,,,1748.6
2005-03-28,1511.81,,,,,,,1762.6
2005-03-29,1484.34,,,,,,,1724.65
2005-03-30,1503.5,,,,,,,1737.45
2005-03-31,1543.13,,,,,,,1772.85
2005-04-01,1589.39,1000,1000,1000,1000,1000,,1805.3
2005-04-04,1607.36,1015.42,998.17,996.81,994.18,1002.46,,1804.05
2005-04-05,1598.08,1008.76,989.12,985.34,980.92,998.47,,1793.05
2005-04-06,1619.39,1025.13,998.57,994.42,1001.34,1003.99,,1807
2005-04-07,1622.37,1019.09,1001.89,992.09,1001.88,999.23,,1798.4
2005-04-08,1605.66,1009.69,995.68,982.17,996.57,989.93,,1783.3
2005-04-11,1582.9,999.58,990.65,973.97,990.16,982.73,,1764.35
2005-04-12,1597.09,1005.32,999.63,982.55,996.6,990.83,,1778.2
2005-04-13,1598.94,1005.21,1002.15,982.54,997.5,994.08,,1779.35
2005-04-15,1552.51,970.69,982.36,948.26,971.11,970.63,,1726.75
2005-04-18,1530.89,958.05,972.68,934.03,965.13,960.09,,1706.45
2005-04-19,1526.52,957.1,969.2,922.97,955.63,956.23,,1693.55
2005-04-20,1542.32,970.42,981.72,941.84,960.54,966.59,,1707
2005-04-21,1576.45,988.07,989.56,953.51,973.16,974.66,,1727.15
2005-04-22,1601.09,1011.97,1000.93,964.93,975.25,986.01,,1742.15
2005-04-25,1610.17,1012.76,1002.87,967.07,984.12,990.18,,1748.3
2005-04-26,1612.1,1008.01,1001.15,962.65,988.22,986.37,,1740.6
2005-04-27,1589.28,1003.14,998.19,956.4,974.97,981.64,,1723.05
2005-04-28,1582.21,996.41,1004.4,957.66,962.25,987.08,,1718.15
2005-04-29,1548.58,974.03,990.77,939.42,944.49,966.3,,1688.65
2005-05-02,1545.44,958.87,988.63,943.21,947.29,969.2,,1695.25
2005-05-03,1549.88,960.43,988.21,942.66,948.69,973.67,,1698.4
2005-05-04,1572.5,979.52,998.12,955.2,961.48,986.48,,1717.65
2005-05-05,1578.85,985.47,1007.23,966.77,982.1,995.01,,1737.6
2005-05-06,1585.59,992.14,1013.82,971.52,986.65,999.44,,1748.55
2005-05-09,1597.33,1010.83,1028.59,985.23,997.71,1011.43,,1769.7
2005-05-10,1594.14,1009.94,1025.14,984.09,991.97,1011.91,,1765.9
2005-05-11,1591.67,1013.55,1026.63,979.59,990.92,1010.54,,1760.3
2005-05-12,1608.57,1027.13,1029.77,984.54,1004.58,1015.14,,1768.9
2005-05-13,1620.48,1036.11,1036.03,983.76,1008.99,1016.8,,1768.25
2005-05-16,1643.95,1049.95,1045.53,992.46,1026.43,1022.73,,1785.95
2005-05-17,1624.91,1037.93,1035.9,983.13,1015.06,1015,,1766.35
2005-05-18,1631.03,1041.34,1034.54,979.53,1017.42,1011.63,,1761.6
2005-05-19,1642.15,1052.37,1040.48,985.9,1027.63,1016.11,,1770.6
2005-05-20,1631.56,1050.89,1040.76,985.32,1030.85,1017.46,,1771.3
2005-05-23,1640.53,1058.17,1041.62,988.28,1040.52,1023.53,,1788.15
2005-05-24,1645.19,1061.05,1047.87,997.13,1044.73,1025.98,,1797.95
2005-05-25,1653.51,1061.22,1051.73,1004.62,1048.47,1034.1,,1808.5
2005-05-26,1646.04,1057.1,1054.49,1012.98,1037.72,1044.15,,1822.25
2005-05-27,1640.45,1048.25,1052.62,1016.84,1040.23,1047.6,,1824.75
2005-05-30,1626.47,1040.17,1048.65,1012.86,1034.72,1043.37,,1819.2
2005-05-31,1635.78,1047.16,1055.09,1020.12,1040.17,1050.62,,1834.85
2005-06-01,1644.99,1055.72,1062.04,1022.33,1042.61,1057.93,,1838.45
2005-06-02,1633.57,1049.68,1057.34,1013.47,1037.66,1049.93,,1821.45
2005-06-03,1642.9,1059.23,1061.56,1021.74,1046.84,1057.37,,1843.05
2005-06-04,1649.17,1067.25,1070.18,1025.32,1055.15,1059.71,,1844.85
2005-06-06,1658.88,1069.2,1066.58,1023.66,1054.08,1059.78,,1849.2
2005-06-07,1669.78,1068.22,1068.38,1023.2,1070.22,1061.14,,1856.5
2005-06-08,1675.48,1062.47,1070.91,1029.16,1080.94,1068.95,,1867.3
2005-06-09,1681.48,1067.09,1071.52,1025.19,1084.27,1067.78,,1862.15
2005-06-10,1670.97,1062.97,1063.9,1016.08,1072.36,1062.38,,1851
2005-06-13,1667.71,1060.26,1062,1015.35,1069.96,1066.94,,1858.15
2005-06-14,1678.61,1065.6,1063.17,1016.6,1070.85,1069.74,,1863.1
2005-06-15,1692.97,1073.81,1066.2,1021.54,1070.2,1072.02,,1874.75
2005-06-16,1668.12,1054.91,1057.52,1016.65,1049.58,1066.95,,1862.75
2005-06-17,1647.49,1035.65,1049.06,1012.92,1036.07,1064.53,,1854.6
2005-06-20,1635.71,1023.13,1046.03,1015.41,1027.78,1069.4,,1861.65
2005-06-21,1645.79,1029.26,1050.64,1026.25,1026.43,1082.04,,1877.5
2005-06-22,1648.62,1037.05,1050.93,1029.69,1021.21,1089.1,,1889.05
2005-06-23,1655.6,1040.58,1053.38,1032.95,1029.06,1089.1,,1890.8
2005-06-24,1670.49,1053.91,1062.15,1038.62,1030.8,1096.72,,1901.35
2005-06-27,1657.1,1060.23,1063.55,1037.41,1031.95,1095,,1903.3
2005-06-28,1619.66,1042,1048.58,1020.09,1014.29,1082.23,,1875.8
2005-06-29,1643.51,1057.44,1056.44,1028.31,1019.19,1087.62,,1892.85
2005-06-30,1643.81,1064.25,1061.32,1031.1,1010.75,1098.8,,1906.2
2005-07-01,1674.42,1076.51,1074.43,1037.79,1026.77,1105.84,,1912.35
2005-07-04,1709.74,1089.86,1086.8,1046.9,1041.14,1117.84,,1933.35
2005-07-05,1706.22,1078.23,1078.32,1040.1,1035.17,1110.55,,1917.95
2005-07-06,1745.84,1094.38,1091.04,1050.52,1054.79,1120.63,,1939.3
2005-07-07,1715.84,1086.64,1083.22,1035.57,1036.61,1101.42,,1903.05
2005-07-08,1759.03,1108.98,1092.15,1048.88,1051.43,1109.09,,1924.4
2005-07-11,1796.24,1133.02,1106.45,1056.88,1065.32,1124.71,,1945
2005-07-12,1805.03,1133.68,1109.34,1056.51,1071.71,1127.82,,1948.55
2005-07-13,1811.34,1143.11,1113.93,1054.43,1081.35,1121.23,,1942.8
2005-07-14,1804.7,1152.97,1108.14,1047.96,1077.32,1116.29,,1933.6
2005-07-15,1823.76,1166.81,1118.1,1057.72,1090.47,1125.98,,1955.05
2005-07-18,1844.99,1193.09,1131.45,1072.97,1116.5,1137.59,,1976.75
2005-07-19,1847.02,1197.89,1131.96,1077.41,1126.24,1138.26,,1982.3
2005-07-20,1845.99,1198.48,1136.12,1079.48,1134.72,1139.56,,1989.7
2005-07-21,1838.86,1205.73,1133.59,1075.88,1126.64,1134.18,,1979.45
2005-07-22,1864.3,1224.62,1144.54,1087.02,1143.38,1146.87,,2007.4
2005-07-25,1874.6,1232.09,1148.44,1092.65,1140.53,1154.94,,2027.95
2005-07-26,1883.93,1226.93,1146.86,1091.32,1136.39,1156.36,,2028.8
2005-07-27,1889.34,1229.15,1146.24,1092.31,1135.39,1161.15,,2038.35
2005-07-29,1877.89,1224.23,1132.08,1078.8,1123.39,1153.52,,2027.4
2005-08-01,1891.7,1228.76,1138.76,1089.48,1129.33,1165.42,,2039.6
2005-08-02,1949.73,1265.07,1159.86,1107.47,1157.25,1178.73,,2073.5
2005-08-03,1948.83,1267.22,1162.67,1112.18,1154.77,1183.74,,2073.35
2005-08-04,1963.68,1286.51,1176.84,1120.44,1156.66,1190.43,,2083.65
2005-08-05,1986.74,1309.35,1178.61,1117.22,1164.41,1182.71,,2086
2005-08-08,1951.93,1292.94,1165.82,1100.13,1144.14,1164.69,,2055.4
2005-08-09,1946.04,1296.41,1160.55,1096.27,1133.49,1161.08,,2051
2005-08-10,1996.61,1328.07,1184.75,1118.41,1157.29,1181,,2086.45
2005-08-11,2008.55,1342.26,1197.56,1132.4,1164.31,1199.72,,2103.2
2005-08-12,2019.78,1360.36,1201.96,1133.42,1158.35,1202.42,,2093.2
2005-08-16,2034.09,1382.57,1210.34,1139.7,1166.58,1205.72,,2103.65
2005-08-17,2058.43,1404.32,1218.55,1149.68,1179.37,1214.79,,2129.6
2005-08-18,2053.99,1395.06,1209.35,1137.03,1171.63,1205.67,,2119.15
2005-08-19,2055.26,1407.29,1213.41,1136.18,1168.88,1205.46,,2116.5
2005-08-22,2061.97,1410.14,1209.07,1134.51,1175.38,1204.38,,2104.3
2005-08-23,2007.18,1369.59,1189.62,1111.6,1145.79,1184.3,,2066.25
2005-08-24,1986.77,1344.26,1176.73,1097.26,1129.83,1176.24,,2056.4
2005-08-25,2010.3,1371.72,1188.4,1111.37,1139.27,1183.98,,2080.35
2005-08-26,2061.38,1394.7,1198,1117.34,1157.3,1190.41,,2094.9
2005-08-29,2055.35,1400.06,1196.81,1107.46,1152.63,1180.75,,2083
2005-08-30,2094.07,1416.86,1214.82,1127.01,1166.37,1198.36,,2110.4
2005-08-31,2105.66,1430.37,1225.29,1134.2,1182.54,1206.59,,2126.35
2005-09-01,2131.43,1440.64,1235.31,1148.13,1190.06,1216.23,,2143.6
2005-09-02,2131.37,1444.64,1238.03,1152.93,1198.36,1217.81,,2150.94
2005-09-05,2132.81,1461.96,1245.49,1156.18,1198.93,1226.04,,2157.75
2005-09-06,2128.16,1464.76,1249.36,1160.42,1207.84,1230.22,,2161.5
2005-09-08,2146.22,1480.08,1255.59,1169.22,1221.77,1241.75,,2179.5
2005-09-09,2142.06,1474.37,1252.1,1165.67,1220.63,1237.1,,2179.15
2005-09-12,2157.83,1487.56,1258.85,1174.3,1241.16,1248.97,,2205.7
2005-09-13,2169.08,1499.52,1264.76,1181.94,1253,1254.65,,2220.85
2005-09-14,2155.86,1488.66,1257.32,1180.46,1238.75,1252.98,,2211.4
2005-09-15,2193.3,1520.34,1270.89,1193.1,1258.2,1267.55,,2236.65
2005-09-16,2220.33,1535.38,1276.52,1198.22,1274.02,1274.52,,2258.15
2005-09-19,2258.43,1562.37,1296.29,1211.69,1288.3,1280.86,,2275
2005-09-20,2245.17,1541.04,1287.82,1210.23,1271.63,1284.61,,2278.45
2005-09-21,2177.8,1498.26,1272.64,1193.71,1240.35,1277.2,,2260.25
2005-09-22,2053.22,1418.44,1231.25,1149.04,1168.59,1236.87,,2167.1
2005-09-23,2084.8,1434.26,1233.29,1148.47,1184.39,1237.86,,2174.65
2005-09-26,2162.21,1497.29,1274.68,1187.93,1222.44,1274.87,,2245.4
2005-09-27,2189.88,1530.3,1284.34,1196.53,1232.47,1282.5,,2259.35
2005-09-28,2226.88,1551.04,1296.26,1204.24,1243.09,1291.23,,2280.35
2005-09-29,2241.45,1554.21,1298.01,1205.3,1230.08,1296.28,,2281.75
2005-09-30,2221.46,1534.38,1304.43,1208.1,1226.94,1297.95,,2274
2005-10-03,2228.28,1545.04,1321.09,1226.87,1242.57,1313.86,,2299.45
2005-10-04,2238.85,1558.36,1336.1,1248.51,1266.94,1328.57,,2327.75
2005-10-05,2238.98,1545.52,1327.13,1241.08,1261.19,1321.25,,2313.25
2005-10-06,2197.47,1521.12,1301.06,1211.85,1246.77,1293.62,,2270.05
2005-10-07,2189.93,1511.73,1292.07,1203.79,1235.84,1287.78,,2264.1
2005-10-10,2182.45,1509.54,1281.26,1197.99,1218.81,1283.43,,2253.6
2005-10-11,2171.22,1489.73,1280.68,1202.96,1223.53,1285.66,,2264
2005-10-13,2150.73,1479.99,1263.31,1174.44,1202.41,1264.93,,2226.25
2005-10-14,2099.23,1434.16,1239.12,1159.38,1177.41,1240.57,,2181.05
2005-10-17,2076.86,1420.81,1242.64,1160.63,1169.27,1238.87,,2172.6
2005-10-18,2063.24,1414.02,1238.71,1155.51,1164.4,1232.27,,2157.9
2005-10-19,1988.27,1357.46,1210.41,1128.52,1128.48,1208.66,,2105.65
2005-10-20,1942.28,1326.3,1198.92,1120.58,1109.6,1200.93,,2085.15
2005-10-21,1983.31,1354.95,1218.84,1137.63,1122.53,1221.26,,2119.45
2005-10-24,1980.31,1357.66,1208.26,1122.93,1125.53,1201.43,,2092.05
2005-10-25,1976.83,1352.07,1211.71,1129.55,1134.46,1208.83,,2108.5
2005-10-26,1962.5,1349.24,1206.37,1123.21,1129.25,1205.52,,2098.2
2005-10-27,1907.75,1319.62,1184.74,1103.41,1102.17,1183.6,,2052.05
2005-10-28,1882.52,1298.13,1162.8,1070.33,1083.1,1166.49,,2022.15
2005-10-31,1952.19,1341.92,1190.87,1098.87,1094.7,1189.41,,2067.8
2005-11-01,1979.65,1365.91,1201.53,1110.17,1110.29,1197.42,,2084.65
2005-11-02,1996.9,1379.68,1214.97,1122.15,1121.72,1212.31,,2106.4
2005-11-07,2035.84,1410.18,1232.51,1143.08,1136.4,1234.35,,2141.95
2005-11-08,2073.33,1437.92,1245.96,1158.96,1153.29,1252.01,,2173
2005-11-09,2074.68,1445.34,1246.15,1152.95,1148.98,1249.62,,2166.6
2005-11-10,2079.24,1444.43,1250.57,1156.69,1156.99,1257.8,,2177.25
2005-11-11,2109.99,1477.63,1274.27,1180.91,1181.82,1280.96,,2220.2
2005-11-14,2118.09,1481.3,1277.52,1180.71,1190.19,1282.51,,2227.15
2005-11-16,2125.52,1494.59,1288.17,1191.68,1198.06,1294.81,,2245.25
2005-11-17,2128.85,1497.22,1295.05,1199.98,1202.07,1302.16,,2259.55
2005-11-18,2143.43,1494.6,1302.02,1205.91,1198.38,1312.59,,2269
2005-11-21,2124.47,1477.35,1296.71,1200.55,1183.76,1307.61,,2255.25
2005-11-22,2108.07,1471.16,1288.71,1190.46,1171.65,1298.42,,2233.9
2005-11-23,2125.4,1486.5,1299.88,1202.39,1170.16,1313.75,,2255.5
2005-11-24,2136.83,1500.69,1315.95,1211.07,1175.37,1326.48,,2274.7
2005-11-25,2157.5,1515.19,1340.71,1234.04,1188.03,1347.24,,2300.7
2005-11-26,2193.8,1534.68,1357.56,1244.81,1195.11,1360.43,,2321.95
2005-11-28,2222.43,1549.57,1372.18,1260.9,1202.26,1377.22,,2346.85
2005-11-29,2206.2,1545.07,1363.92,1255.7,1195.37,1371.15,,2336.8
2005-11-30,2191.93,1541.25,1347.55,1237.26,1187.43,1350.31,,2306.15
2005-12-01,2228.47,1562,1372.16,1259.62,1201.42,1376.2,,2342.3
2005-12-02,2248.27,1583.85,1376.94,1265.43,1201.32,1379.93,,2345.15
2005-12-05,2239,1581.95,1368.06,1255.28,1192.61,1364.77,,2319.7
2005-12-06,2235.85,1584.85,1363.41,1253.88,1183.5,1362.75,,2318.45
2005-12-07,2244.11,1598.36,1374.15,1265.33,1186.46,1374.31,,2339.75
2005-12-08,2275.11,1619.34,1380.75,1270.08,1190.43,1379.54,,2350.9
2005-12-09,2305.85,1643.08,1397.61,1288.46,1198.33,1401.64,,2385.85
2005-12-12,2312.86,1648.93,1404.43,1300.64,1206.92,1406.94,,2402.5
2005-12-13,2337.01,1649.83,1417.38,1315.96,1213.38,1423.84,,2427.9
2005-12-14,2323.62,1646.78,1414.81,1312.21,1222.81,1421.42,,2425.7
2005-12-15,2297.09,1623.57,1390.64,1298.98,1203.35,1408.13,,2401.2
2005-12-16,2315.68,1631.86,1406.76,1311.65,1218.04,1421.89,,2425.4
2005-12-19,2345.13,1649.6,1424.73,1329.47,1230.48,1440.39,,2452.65
2005-12-20,2326.19,1637.78,1417.21,1322.66,1226.9,1434.91,,2446.85
2005-12-21,2328.79,1641.84,1417.79,1324.94,1222.89,1433.88,,2445.5
2005-12-22,2332.34,1645.84,1423.73,1329.19,1220.05,1438.27,,2454.35
2005-12-23,2310.92,1637.7,1414.39,1319.84,1213.63,1421.83,,2426.1
2005-12-26,2257.64,1604.47,1383.42,1293.56,1183.74,1397.08,,2377.25
2005-12-27,2305.39,1634.67,1414.39,1317.12,1203.63,1425.05,,2424.65
2005-12-28,2307.91,1642.52,1411.84,1313.2,1206.2,1419.95,,2422.05
2005-12-29,2325.7,1661.93,1423.79,1326.57,1213.6,1430.37,,2440.3
2005-12-30,2367,1694.88,1440.58,1339.14,1231.23,1443.41,,2459.2
2006-01-02,2402.3,1721.33,1445.55,1339.97,1248.51,1442.19,,2464.25
2006-01-03,2427.25,1743.55,1467.55,1361.15,1268,1470.29,,2502.55
2006-01-04,2438.77,1751.33,1476.41,1369.65,1283.78,1484.05,,2522.55
2006-01-05,2423.89,1743.47,1475.86,1372.92,1295.09,1484.69,,2525.4
2006-01-06,2445.24,1760.79,1490.53,1386.33,1300.75,1491.53,,2537.3
2006-01-09,2467.1,1780.01,1500.44,1389.74,1305.74,1491.73,,2540.4
2006-01-10,2445.87,1769.32,1480.44,1375.49,1292.74,1473.18,,2512.05
2006-01-12,2437.63,1775.72,1468.54,1368.59,1284.78,1463.96,,2502.05
2006-01-13,2448.6,1794.37,1475.22,1368.52,1274.39,1465.98,,2502.75
2006-01-16,2453.11,1781.71,1470.84,1361.33,1260.14,1459.24,,2486.15
2006-01-17,2436.67,1773.09,1461.71,1347.98,1234.55,1452.16,,2473.65
2006-01-18,2413.83,1754.93,1453.79,1340.67,1228.84,1446.98,,2455.75
2006-01-19,2474.18,1798.88,1473.7,1372.82,1250.19,1475.9,,2506.3
2006-01-20,2505.21,1820.72,1491.77,1385.89,1255.42,1492.65,,2529.1
2006-01-23,2524.87,1832.73,1492.32,1378.17,1246.1,1486.99,,2517.75
2006-01-24,2536.45,1849,1504.72,1390.82,1251.81,1500.7,,2532.5
2006-01-25,2519.65,1841.92,1504.61,1400.42,1234.13,1516.22,,2548.6
2006-01-27,2569.82,1871.19,1529.52,1428.3,1263.64,1538.77,,2587.5
2006-01-30,2540.17,1850.32,1518.86,1419.24,1244.23,1537.39,,2570.15
2006-01-31,2551.63,1853.6,1520.64,1428.89,1238.23,1549.69,,2585.95
2006-02-01,2522.96,1831.14,1500.87,1410,1210.29,1537.9,,2560.55
2006-02-02,2520.76,1818.64,1503.87,1416.9,1208.26,1539.89,,2559.55
2006-02-03,2528.81,1814.04,1499.36,1407.12,1207.58,1530.76,,2550.2
2006-02-06,2559.07,1827.4,1519.72,1429.49,1217.69,1555.73,,2588.65
2006-02-07,2598.15,1838.6,1539.15,1446,1230.34,1570.27,,2605.35
2006-02-08,2587.14,1834.52,1531.67,1444.13,1227.68,1566.18,,2603.25
2006-02-10,2618.53,1866.29,1542.4,1461.84,1244.02,1577.55,,2621.4
2006-02-13,2654.7,1896.42,1549.34,1466.07,1258.72,1587.35,,2634.6
2006-02-14,2635.68,1890.63,1544.5,1447.67,1254.18,1575.91,,2618
2006-02-15,2638.63,1892.24,1546.94,1451.78,1252.94,1579.29,,2624.85
2006-02-16,2658.29,1905.11,1547.51,1454.24,1274.57,1581.1,,2630.25
2006-02-17,2620.26,1884.83,1521.45,1433.64,1255.51,1558.08,,2593.55
2006-02-20,2609.9,1865.51,1516.81,1435.46,1246.33,1565.7,,2598.95
2006-02-21,2631.72,1895.32,1528.86,1451.54,1253.17,1576.63,,2620.65
2006-02-22,2620.74,1883.06,1532.65,1463.93,1259.14,1584.45,,2635.85
2006-02-23,2601.69,1872.74,1533.08,1468,1256.08,1582.73,,2640.15
2006-02-24,2604.14,1868.94,1536.99,1464.83,1273.11,1579.15,,2644.95
2006-02-27,2633.12,1889.05,1541.7,1468.29,1275.59,1590.52,,2660.7
2006-02-28,2635.75,1893.52,1548.24,1471.91,1251.39,1603.8,,2658.95
2006-03-01,2688.14,1930.74,1573.45,1496.59,1255.82,1630.81,,2698.6
2006-03-02,2739.71,1965.52,1590.73,1507.28,1265.68,1636,,2722
2006-03-03,2777.17,1995.48,1592.67,1509.26,1264.49,1633.19,,2724.25
2006-03-06,2806.35,2021.59,1611.52,1532.71,1282.19,1653.16,,2761.05
2006-03-07,2862.96,2041.14,1622.86,1537.13,1287.26,1654.4,,2767.2
2006-03-08,2807.32,2011.34,1597.56,1507.96,1259.22,1628.88,,2715
2006-03-09,2837.27,2017.57,1610.18,1511.61,1262.86,1639.5,,2726.75
2006-03-10,2878.38,2053.38,1633.49,1538.19,1276.51,1662.49,,2765.85
2006-03-13,2902.94,2057.96,1634.17,1542.43,1279.16,1667.63,,2780
2006-03-14,2897.51,2051.5,1627.52,1533.52,1270.6,1662.69,,2771.15
2006-03-16,2924.62,2063.37,1639.02,1543.25,1272.69,1673.97,,2789.35
2006-03-17,2900.74,2061.01,1637.14,1540.9,1264.03,1677.03,,2790.05
2006-03-20,2926.06,2074.61,1649.21,1562.05,1275.33,1692.59,,2812.5
2006-03-21,2940.05,2083.07,1656.19,1560.57,1275.42,1695.62,,2809.4
2006-03-22,2895.87,2076.82,1647.71,1547.35,1273.14,1690.34,,2789.3
2006-03-23,2897.43,2073.45,1655.01,1555.08,1284.47,1693.97,,2796.9
2006-03-24,2943.63,2097.56,1675.95,1578.56,1302.42,1705.28,,2821.55
2006-03-27,2989.24,2113.78,1700.34,1594.06,1324,1726.03,,2851.75
2006-03-28,3000.85,2105.56,1695.22,1592.69,1313.18,1724.59,,2844.15
2006-03-29,3018.94,2126.16,1703.04,1604.19,1306.24,1740.19,,2864.4
2006-03-30,3062.61,2139.16,1720.32,1637.36,1318.54,1762.1,,2901.15
2006-03-31,3096.14,2162.02,1723.36,1644.08,1330.86,1760.29,,2910.35
2006-04-03,3174.85,2227.95,1767.86,1683.43,1371.69,1792.57,,2974.1
2006-04-04,3217.51,2255.64,1781.98,1686.67,1391.09,1804.8,,2993
2006-04-05,3257.34,2290.03,1809.29,1707.63,1405.2,1826.31,,3022.3
2006-04-07,3193.53,2261.1,1781.06,1674.75,1376.44,1803.69,,2977.5
2006-04-10,3202.85,2282.67,1797.18,1691.17,1404.86,1816.41,,2994.3
2006-04-12,3135.95,2243.28,1750.92,1640.61,1381.97,1769.96,,2924.25
2006-04-13,3049.79,2202.87,1717.76,1607.29,1357.91,1746.53,,2884.4
2006-04-17,3105.26,2236.18,1754.92,1652.77,1385.24,1789.43,,2943.9
2006-04-18,3153.32,2269.88,1778.69,1688.23,1394.13,1819.43,,3005.85
2006-04-19,3148.79,2279.77,1786.53,1696.15,1389.6,1827.08,,3017.65
2006-04-20,3176.5,2299.18,1795.69,1711.01,1398.3,1832.25,,3038.3
2006-04-21,3181.29,2308.39,1795.79,1711.23,1391.63,1832.66,,3034.75
2006-04-24,3196.12,2315.01,1789.71,1699.86,1390.14,1822.51,,3024.9
2006-04-25,3151.69,2277.38,1749.21,1656,1365.19,1786.91,,2960.3
2006-04-26,3217.85,2340.78,1790.66,1695.94,1396.94,1826.84,,3032.2
2006-04-27,3238.95,2345.26,1771.89,1679.88,1388.51,1802.66,,3005.35
2006-04-28,3261.42,2367.5,1784.22,1678.55,1383.74,1805.99,,3014.1
2006-04-29,3324.7,2414.42,1818.74,1705.32,1411.24,1838.21,,3064.7
2006-05-02,3340.2,2443.11,1828.83,1726.57,1444.03,1856.18,,3100.7
2006-05-03,3330.86,2452.87,1844.24,1739.36,1467.87,1864.17,,3124.2
2006-05-04,3321.67,2459.66,1850.93,1736.19,1484.49,1869.56,,3133.2
2006-05-05,3324,2484.72,1857.86,1743.8,1500.13,1874.77,,3143.1
2006-05-08,3326.82,2493.26,1865.43,1752.52,1515.95,1881.7,,3163.25
2006-05-09,3342.77,2510.14,1873.64,1762.69,1520.42,1890.21,,3178.8
2006-05-10,3354.42,2525.71,1882.74,1783.5,1542.68,1896.96,,3208.85
2006-05-11,3333.29,2523.67,1858.19,1762.39,1518.39,1873.55,,3168.65
2006-05-12,3312.41,2532.16,1839.65,1755.27,1495.01,1847.67,,3132.35
2006-05-15,3196.66,2428.08,1752.09,1669.07,1429.53,1772.62,,3007.8
2006-05-16,3177.56,2408.95,1756.17,1669.81,1427.73,1781.31,,3011.85
2006-05-17,3294.66,2482.31,1804.8,1717.86,1484.38,1823.02,,3099.8
2006-05-18,3071.87,2296.43,1681.54,1593.23,1373.88,1706.04,,2889.05
2006-05-19,2908.17,2185.17,1604.57,1507.15,1312.83,1636.73,,2767.75
2006-05-22,2704.92,2063.77,1519.45,1422.25,1220.74,1557.53,,2611.3
2006-05-23,2819.76,2145.14,1577.84,1483,1286.72,1611.27,,2712.35
2006-05-24,2782.09,2128.92,1553.26,1455.21,1277.53,1581.23,,2662.55
2006-05-25,2753.92,2129.37,1568.44,1476.08,1275.89,1600.99,,2684.6
2006-05-26,2822.12,2173.29,1611.38,1513.9,1328.55,1624.35,,2726.45
2006-05-29,2848.64,2213.96,1620.52,1532.6,1341.48,1625.94,,2737.55
2006-05-30,2843.8,2217.3,1606.75,1520.39,1336.23,1614.18,,2721.8
2006-05-31,2751.17,2176.96,1549.1,1462.32,1293.34,1559.52,,2635.25
2006-06-01,2651.02,2112.69,1485.24,1404.46,1262.56,1506.65,,2548.35
2006-06-02,2651.81,2138.95,1533.38,1443.46,1269.71,1560.68,,2615.75
2006-06-05,2602.11,2081.09,1501.38,1419.99,1241.95,1523.08,,2559.55
2006-06-06,2508.2,2000.42,1458.76,1376.69,1205.8,1480.61,,2486.75
2006-06-07,2327.8,1903.3,1392.13,1306.34,1129.82,1440.8,,2384.9
2006-06-08,2113.07,1803.7,1318.12,1236.65,1040.69,1372.7,,2248.8
2006-06-09,2236.71,1882.39,1392.21,1305.5,1105.75,1441.7,,2376.3
2006-06-12,2203.23,1822.91,1349.26,1265.01,1070.22,1399.9,,2310.8
2006-06-13,2051.87,1707.36,1284.57,1198.09,1008.3,1337.8,,2201.4
2006-06-14,1975.19,1652.54,1266.9,1172.22,996.37,1319.46,,2163.95
2006-06-15,2117.89,1748.41,1355.74,1258,1053.9,1402.36,,2299.25
2006-06-16,2224.7,1824.39,1398.54,1313.59,1079.65,1442.29,,2386.25
2006-06-19,2280.54,1878.15,1419.57,1333.5,1100.44,1459.62,,2418.7
2006-06-20,2288.45,1872.76,1400.93,1318.3,1099.67,1437.23,,2388.85
2006-06-21,2366.4,1921.69,1424.86,1350.07,1123.48,1461.53,,2442.95
2006-06-22,2422.51,1975.6,1461.96,1386.23,1148.9,1496.54,,2503.5
2006-06-23,2416.41,1983.89,1479.03,1409.02,1160.45,1512.45,,2529.45
2006-06-25,2434.29,2009.42,1485.37,1417.09,1170.85,1518.9,,2539.85
2006-06-26,2315.82,1938.06,1429.15,1353.67,1120.86,1471.94,,2441.2
2006-06-27,2292.37,1954.56,1443.15,1367.94,1119.79,1487.76,,2456.65
2006-06-28,2298.5,1968.56,1441.59,1359.39,1111.55,1486.88,,2452.85
2006-06-29,2305.52,1996.42,1448.12,1369.71,1103.84,1488.75,,2463.25
2006-06-30,2404.94,2090.03,1502.12,1423.36,1137.2,1546.3,,2562.5
2006-07-03,2424.42,2111.51,1505.29,1431.06,1135.51,1550.63,,2577.2
2006-07-04,2424.31,2111.6,1493.76,1418.72,1137.1,1546.36,,2574.1
2006-07-05,2468.37,2161.6,1519.73,1440.68,1154.29,1572.07,,2616.85
2006-07-06,2478.28,2158.99,1506.5,1426.55,1149.31,1556.68,,2591.8
2006-07-07,2466.6,2144.31,1471.94,1387.2,1115.24,1517.9,,2534.25
2006-07-10,2463.12,2144.4,1491.36,1410.53,1118.12,1544.13,,2573.9
2006-07-11,2452.26,2123.81,1484.38,1399.56,1118.71,1538.67,,2559.85
2006-07-12,2462.39,2135.69,1502.55,1424.89,1118.49,1566.49,,2606.9
2006-07-13,2447.38,2115.07,1497.21,1420.07,1112.57,1559.92,,2590.7
2006-07-14,2413.75,2067.63,1475.71,1401.03,1096.19,1537.89,,2560.15
2006-07-17,2338.34,1989.88,1434.02,1356,1065.72,1492.02,,2471.35
2006-07-18,2283.36,1949.19,1423.05,1345.56,1044.46,1484.25,,2450
2006-07-19,2179.24,1869,1388.33,1311.49,1021.42,1452.67,,2392.4
2006-07-20,2216.76,1907.39,1426.47,1349.42,1046.88,1495.34,,2455.65
2006-07-21,2144.82,1848.14,1393.72,1318.37,1025.47,1462.28,,2391.85
2006-07-24,2112.17,1832.93,1393.78,1322.79,1034.37,1471.59,,2410.7
2006-07-25,2171.83,1880.48,1421.84,1347.68,1057.95,1500.36,,2462.3
2006-07-26,2229.33,1929.07,1453.14,1373.36,1073.77,1532.85,,2516.4
2006-07-27,2272.44,1971.9,1465.67,1384.93,1076.84,1552.83,,2549.25
2006-07-28,2306.73,1993.22,1464.76,1389.24,1089.28,1549.67,,2545.6
2006-07-31,2340.99,2024.6,1475.06,1395.09,1100.1,1556.35,,2562.55
2006-08-01,2310.08,2001.86,1472.43,1386.96,1096.72,1553.76,,2559.65
2006-08-02,2340.01,2030.78,1488.78,1404.6,1113.13,1569.81,,2592.7
2006-08-03,2354.52,2039.24,1490.57,1409.47,1122.56,1570.97,,2601.2
2006-08-04,2340.25,2030.78,1486.47,1405.09,1113.72,1567.97,,2588.35
2006-08-07,2334.88,2026.52,1481.55,1395.43,1114.5,1561.23,,2576.5
2006-08-08,2371.54,2066.94,1506.12,1420.03,1132.04,1582.76,,2620.35
2006-08-09,2412.54,2103.4,1529.93,1444.42,1149.96,1604.35,,2656.25
2006-08-10,2480.56,2144.49,1534.47,1450.38,1166.49,1609.95,,2674.1
2006-08-11,2536.83,2163.68,1550.14,1463.32,1180.44,1618.01,,2692.65
2006-08-14,2604.97,2200.51,1570.85,1477.89,1202.69,1639.16,,2730.1
2006-08-16,2636.65,2233.9,1598.5,1494.78,1238.61,1665.3,,2768.25
2006-08-17,2609.08,2224.38,1593.75,1490.76,1221.53,1658.79,,2760.25
2006-08-18,2629.05,2240.05,1615,1497.82,1229.59,1672.94,,2767.4
2006-08-21,2634.34,2248.81,1620.82,1499.43,1247.03,1681.21,,2779.85
2006-08-22,2618.38,2233.4,1612.77,1499.07,1239,1677.3,,2775.75
2006-08-23,2551.91,2194.48,1593.64,1482.63,1226.93,1656.83,,2750.45
2006-08-24,2554.91,2209.08,1601.66,1492.12,1233.29,1669.31,,2776.05
2006-08-25,2589.81,2226.24,1610.46,1499.16,1243.77,1680.54,,2793.7
2006-08-28,2602.1,2229.23,1622.68,1508.78,1258.61,1687.95,,2806.85
2006-08-29,2604.39,2235.21,1627.91,1514.25,1258.6,1697.84,,2826.45
2006-08-30,2582.58,2221.74,1632.58,1511.65,1263.33,1703.52,,2825.9
2006-08-31,2570.87,2211.44,1619.77,1495.08,1247.43,1697.9,,2807.95
2006-09-01,2598.27,2236.12,1636.12,1504.74,1261.31,1714.73,,2828.3
2006-09-04,2662.52,2267.99,1657.88,1525.63,1287.42,1731.29,,2865.95
2006-09-05,2693.32,2273.12,1659.02,1524.75,1294.09,1729.68,,2871.9
2006-09-06,2722.88,2285.75,1667.18,1533.47,1306.82,1731.07,,2882.85
2006-09-07,2707.2,2278.84,1656.96,1524.79,1295.2,1718.98,,2866.3
2006-09-08,2736.67,2297.34,1677.03,1527.61,1310.24,1731.09,,2884.3
2006-09-11,2641.65,2217.35,1623.48,1479.62,1267.56,1683.98,,2794.8
2006-09-12,2676.85,2237.46,1640.26,1489.62,1281.96,1697.13,,2820.45
2006-09-13,2741.72,2270.62,1665.29,1510.35,1313.03,1730.68,,2878.1
2006-09-14,2769.83,2282.13,1671.84,1515.85,1324.82,1735.73,,2894.75
2006-09-15,2777.34,2292.64,1669.99,1518.97,1322.16,1735.98,,2898.9
2006-09-18,2790.98,2307.8,1670.87,1525.71,1330.13,1748.97,,2911.6
2006-09-19,2770.03,2273.08,1652.35,1509.63,1310.92,1735.97,,2878.9
2006-09-20,2804.86,2287.56,1660.21,1522.69,1317.95,1749.56,,2910.2
2006-09-21,2839.65,2319.14,1681.4,1539.99,1329.75,1772.79,,2945.1
2006-09-22,2823.33,2318.13,1672.65,1528.64,1321.32,1764.72,,2934.65
2006-09-25,2829.54,2301.47,1666.97,1520.11,1324.12,1757.44,,2920
2006-09-26,2857.36,2320.04,1680.32,1534.28,1332.22,1776.84,,2950.8
2006-09-27,2901.63,2331.88,1681.71,1536.88,1344.89,1782.97,,2963.4
2006-09-28,2903.61,2326.37,1683.57,1535.15,1358.46,1789.95,,2965.5
2006-09-29,2963.78,2356.52,1690.61,1545.18,1363.36,1795.08,,2988.25
2006-10-03,2990.85,2348.47,1689.37,1541.81,1367.81,1784.41,,2985
2006-10-04,2966.36,2326.71,1668.59,1525.33,1361.71,1761.27,,2948.8
2006-10-05,3036.75,2366.78,1693.47,1550.39,1391.04,1788.96,,2993.35
2006-10-06,3033.78,2377.4,1703.14,1554.13,1413.96,1786.77,,3002.65
2006-10-09,3019.36,2390.56,1706.42,1557.52,1409.62,1787.55,,3003.75
2006-10-10,3006.82,2389.81,1703.61,1558.26,1407.39,1787.33,,3007.55
2006-10-11,2962.16,2364.29,1696.81,1547.01,1384.54,1784.29,,2987.4
2006-10-12,3009.54,2401.45,1721.11,1567.47,1412.8,1803.57,,3032.6
2006-10-13,3037.67,2435.48,1733.25,1581.62,1409.25,1819.9,,3064.9
2006-10-16,3037.41,2451.65,1745.42,1591.98,1405.59,1842.93,,3090.25
2006-10-17,3040.63,2438.62,1734,1591.33,1396.13,1832,,3077.85
2006-10-18,3033.45,2435.8,1730.48,1591.82,1399.25,1833.32,,3076.05
2006-10-19,3045.43,2426.67,1723.94,1582.8,1392.26,1824.38,,3051.35
2006-10-20,3089.98,2438.13,1720.28,1584.28,1391.88,1826.18,,3057.05
2006-10-21,3139.39,2459.29,1730.47,1593.5,1400.72,1833.98,,3069.9
2006-10-23,3119.31,2443.63,1721.96,1578.1,1396.99,1818.61,,3048.05
2006-10-26,3145.78,2470.36,1730.95,1587.47,1400.7,1836.07,,3064.45
2006-10-27,3182.52,2507.62,1749.54,1604.91,1420.95,1859.14,,3111.3
2006-10-30,3187.68,2517.99,1761.16,1599.92,1416.33,1877.51,,3130.65
2006-10-31,3174.37,2507.87,1758.34,1594.96,1404.9,1867.53,,3114.55
2006-11-01,3176.2,2519.89,1771.88,1600.48,1414.14,1874.9,,3130.45
2006-11-02,3217.04,2537.28,1773.82,1602.23,1412.92,1879.93,,3150.4
2006-11-03,3256.07,2551.11,1776.86,1598.69,1406.21,1884.07,,3161.4
2006-11-06,3294.1,2574.55,1785.57,1612.36,1405.73,1888.77,,3173.05
2006-11-07,3295.87,2577.54,1786.38,1610.04,1394.67,1889.99,,3167.05
2006-11-08,3240.66,2546.1,1772.32,1592.97,1378.15,1884.43,,3141.4
2006-11-09,3245.97,2548.03,1781.52,1606.72,1380.54,1896.17,,3156.2
2006-11-10,3303.49,2576.85,1794.64,1618.53,1385.16,1911.94,,3186.7
2006-11-13,3364.58,2599.75,1798.72,1620.78,1384.47,1928.39,,3215.4
2006-11-14,3379.04,2585.48,1802.87,1615.32,1382.88,1935.34,,3216.85
2006-11-15,3426.35,2594.58,1805.8,1610.3,1392.92,1942.96,,3225.65
2006-11-16,3455.52,2607.47,1810.5,1607.15,1383.17,1948.37,,3226.85
2006-11-17,3373.53,2564.19,1798.4,1588.98,1375.71,1933.41,,3200.6
2006-11-20,3367.88,2532.19,1782.74,1581.43,1354.62,1927.01,,3191.3
2006-11-21,3444.04,2580.7,1807.27,1606.67,1378,1954.27,,3244.65
2006-11-22,3526.04,2622.64,1818.89,1628.09,1375.02,1965.14,,3273.55
2006-11-23,3579.4,2635.44,1825.82,1626.54,1389.39,1969.9,,3277.35
2006-11-24,3580.26,2642.09,1828.05,1628.15,1393.53,1976.78,,3291
2006-11-27,3576.61,2653.15,1834.41,1628.61,1389.5,1987.74,,3307.55
2006-11-28,3513.98,2634.04,1821.29,1605.38,1368.23,1969.02,,3267.2
2006-11-29,3554.88,2654.03,1830.86,1613.12,1372.27,1976.5,,3274.65
2006-11-30,3539.83,2644.57,1825.94,1611.98,1351.77,1990.29,,3280.45
2006-12-01,3574.32,2685.58,1846.09,1634,1367.82,2011.09,,3318.9
2006-12-04,3620.32,2732.6,1855.42,1639.12,1376,2014.48,,3331.65
2006-12-05,3594.66,2729.41,1848.02,1647.09,1381.22,2007.87,,3339.15
2006-12-06,3554.35,2713.69,1842.59,1639.52,1366.87,2005.41,,3326
2006-12-07,3578.02,2723.35,1839.71,1642.35,1367.93,2005.66,,3330.2
2006-12-08,3549.24,2711.05,1819.06,1620.47,1358.75,1989.45,,3295.6
2006-12-11,3450.56,2640.58,1767.41,1585.61,1309.3,1928.54,,3195.25
2006-12-12,3277.49,2533.33,1706.24,1535.91,1251.33,1862.64,,3071.8
2006-12-13,3396.15,2579.42,1729.27,1550.32,1275.46,1883.45,,3128.7
2006-12-14,3517.45,2638.7,1758.5,1582.2,1305.82,1922.34,,3202.6
2006-12-15,3540.77,2664.11,1781.71,1600.13,1324.5,1942.84,,3235.45
2006-12-18,3498,2660.58,1789.35,1617.49,1325.54,1956.27,,3252.7
2006-12-19,3433.47,2599.77,1750.79,1580.2,1305.14,1913.28,,3180
2006-12-20,3395.46,2586.54,1739.1,1569.99,1305.27,1903.81,,3164.95
2006-12-21,3409.55,2584.2,1740.06,1584.23,1307.74,1910.02,,3176.75
2006-12-22,3471.2,2613.84,1762.45,1602.29,1328.2,1922.96,,3208.8
2006-12-26,3517.63,2662.94,1787.51,1628.28,1335.63,1958.17,,3261.4
2006-12-27,3542.31,2688.02,1802.56,1642.67,1354.56,1977.71,,3289.2
2006-12-28,3541.28,2673.08,1802.89,1641.06,1353.66,1979.1,,3288.55
2006-12-29,3563.39,2692.14,1805.8,1649.91,1361.93,1979.36,,3295.05
2007-01-02,3619.71,2738.49,1822.41,1671.36,1374.92,1997.56,,3323.1
2007-01-03,3646.52,2747.07,1831.32,1682.24,1400.04,2005.49,,3342.7
2007-01-04,3669.31,2738.53,1826.72,1670.98,1403.73,1991.41,,3327.9
2007-01-05,3653.47,2717.07,1832.43,1667.81,1410.04,1993.84,,3325.3
2007-01-08,3608.04,2683.7,1812.25,1646.9,1410.05,1971.9,,3286.9
2007-01-09,3573.11,2664.29,1803.3,1631.77,1398.73,1961.09,,3264.1
2007-01-10,3512.98,2626.19,1782.38,1620.57,1379.41,1933.32,,3214.6
2007-01-11,3575.2,2669.55,1813.71,1654.41,1409.27,1970.42,,3284.3
2007-01-12,3621.58,2720.68,1856.74,1687.46,1444.27,2026.65,,3362.1
2007-01-15,3666.61,2748.18,1868.46,1709.61,1450.78,2033.92,,3385.2
2007-01-16,3685.31,2758.86,1865.13,1707.31,1449.64,2035.05,,3386.2
2007-01-17,3737.65,2778.81,1871.53,1712.31,1467.25,2035.33,,3396.45
2007-01-18,3741.5,2783.94,1886.55,1725.97,1473.91,2049.76,,3415.2
2007-01-19,3708.73,2772.83,1877.1,1709.1,1469.07,2043.81,,3397.6
2007-01-22,3729.24,2791.9,1884.74,1712.14,1463.23,2048.65,,3405.85
2007-01-23,3643.36,2722.59,1855.52,1698.67,1445.15,2026.32,,3368.5
2007-01-24,3660.62,2724.59,1869.84,1719.13,1460.53,2029.21,,3388.8
2007-01-25,3681.02,2740.96,1887.15,1744.86,1480.6,2055.91,,3431.6
2007-01-29,3663.85,2730.13,1882.21,1740.6,1483.14,2040.07,,3424.5
2007-01-31,3654.25,2706.76,1865.96,1711.82,1472.43,2026.36,,3393.1
2007-02-01,3693.29,2734.93,1879.71,1730.77,1487.3,2048.52,,3432
2007-02-02,3721.83,2759.53,1884.96,1743.1,1484.53,2066.92,,3462.15
2007-02-05,3735.92,2775.35,1892.33,1748.95,1487.52,2083.59,,3480.6
2007-02-06,3764.95,2783.8,1888.13,1755.1,1482.15,2082.29,,3474.1
2007-02-07,3757.13,2800.19,1893.72,1773.7,1479.77,2094.81,,3494.2
2007-02-08,3756,2796.56,1903.42,1772.11,1485.25,2100.89,,3492.7
2007-02-09,3678.97,2748.47,1876.9,1751.49,1454.7,2080.79,,3453.35
2007-02-12,3477.17,2655.09,1828.97,1704.9,1393.66,2027.1,,3338.45
2007-02-13,3455.08,2627.91,1819.26,1695.18,1392.37,2018.25,,3324.55
2007-02-14,3419.63,2621.99,1821.27,1707.13,1390.2,2011.07,,3322.75
2007-02-15,3523.12,2696.79,1864.94,1763.86,1422.2,2061.31,,3403.7
2007-02-19,3535.98,2704.57,1863.12,1767.55,1424.43,2068.36,,3414.65
2007-02-20,3508.85,2674.94,1847.14,1743.79,1408.33,2046.13,,3373.35
2007-02-21,3504.71,2665.77,1847.48,1745.92,1405.6,2041.37,,3365.1
2007-02-22,3448.06,2612.63,1815.65,1715.04,1386.77,2009.58,,3322.45
2007-02-23,3338.4,2540.98,1775.05,1676.38,1362.82,1958.59,,3241.75
2007-02-26,3340.23,2562.19,1791.57,1691.53,1374.68,1961.42,,3244.75
2007-02-27,3369.93,2552.37,1776.68,1674.99,1380.17,1939.76,,3223.8
2007-02-28,3239.57,2456.4,1713.24,1606.87,1338.23,1877.51,,3107.75
2007-03-01,3213.36,2453.89,1720.58,1622.44,1344.05,1896.06,,3147.5
2007-03-02,3190.77,2408.87,1698.02,1602.94,1325.55,1860.63,,3091.25
2007-03-05,3016.96,2301.95,1634.11,1529.56,1248,1792.83,,2957.85
2007-03-06,3046.57,2328.3,1656.3,1549.47,1260.02,1825.02,,3002.95
2007-03-07,2993.83,2294.6,1627.19,1524.08,1230.98,1810.76,,2968.45
2007-03-08,3089.19,2381.66,1670.56,1574.82,1284.96,1865.58,,3072.6
2007-03-09,3068.87,2334.98,1659.15,1569.1,1284.04,1850.6,,3048.15
2007-03-12,3116.81,2337.41,1661.07,1579.02,1291.08,1857.35,,3066.3
2007-03-13,3179.78,2366.08,1674.13,1593.48,1306.91,1871.45,,3102.8
2007-03-14,3133.44,2310.42,1636.21,1544.26,1273,1815.4,,3010.05
2007-03-15,3172.36,2321.26,1639.72,1552.88,1278.75,1819.72,,3019.3
2007-03-16,3168.3,2295.26,1626.94,1535.11,1270.61,1801.71,,2993.15
2007-03-19,3185.82,2331.85,1648.71,1552.95,1284.44,1831.12,,3042.35
2007-03-20,3219.7,2346.05,1660.16,1561.93,1298.24,1842.04,,3062.7
2007-03-21,3228.19,2354.59,1677.98,1582.22,1309.99,1872.51,,3102.55
2007-03-22,3254.88,2400.73,1716.32,1617.99,1333.03,1918.22,,3174.5
2007-03-23,3254.03,2415.2,1707.8,1618.63,1323.98,1913.94,,3168.65
2007-03-26,3231.02,2400.41,1694.5,1603.66,1320.03,1891.21,,3141.85
2007-03-28,3197.52,2367.08,1670.84,1583.22,1302.51,1860.23,,3095.6
2007-03-29,3216.18,2377.57,1677.99,1596.11,1307.55,1875.05,,3116.25
2007-03-30,3237.7,2412.75,1694.72,1613.89,1323.78,1890.5,,3145.35
2007-04-02,3116.92,2300.42,1627.54,1541.06,1277.09,1811.67,,3008.75
2007-04-03,3117.31,2325.29,1647.03,1563.27,1284.93,1831.73,,3046.65
2007-04-04,3153.46,2356.44,1658.18,1577.2,1292.52,1853.42,,3082.65
2007-04-05,3189.3,2369.21,1669.3,1587.99,1312.87,1862.56,,3100.85
2007-04-09,3301.44,2433.81,1704.42,1622.93,1343.75,1899.78,,3172.55
2007-04-10,3359.19,2474.66,1722.47,1628.72,1358.47,1908.86,,3183.7
2007-04-11,3367.63,2501.66,1727.36,1642.12,1359.52,1910.34,,3195.45
2007-04-12,3365.3,2495.93,1714.77,1628.85,1350.59,1895.88,,3173.3
2007-04-13,3455.17,2546.86,1741.25,1663.6,1367.86,1927.85,,3233.9
2007-04-16,3521.41,2588.22,1772.21,1693.66,1397.21,1960.83,,3302.85
2007-04-17,3464.76,2565.81,1768.3,1673.64,1406.37,1951.93,,3281.8
2007-04-18,3476.69,2560.6,1772.37,1682.19,1410.05,1961.1,,3305.05
2007-04-19,3482.26,2550.61,1773.37,1675.46,1407.04,1958.29,,3295.25
2007-04-20,3556.63,2580.27,1793.37,1704.69,1415.71,1985.11,,3353.6
2007-04-23,3558.42,2582.99,1794.83,1704.64,1409.89,1984.5,,3352.65
2007-04-24,3611.35,2598.74,1818.07,1715.72,1432.71,2010.53,,3394.7
2007-04-25,3647.4,2618.1,1845.27,1734.5,1462.18,2033.5,,3416.5
2007-04-26,3634.34,2619.15,1848.98,1731.62,1467.19,2037.38,,3422.4
2007-04-27,3581.37,2593.83,1813.77,1707.52,1459.99,1993.26,,3363.5
2007-04-30,3614.8,2633.36,1826.61,1716.72,1462.78,1991.85,,3379.1
2007-05-03,3636.92,2637.91,1849.06,1728.94,1500.12,2017,,3429.25
2007-05-04,3649.74,2612.02,1839.52,1723.06,1501.36,2003.02,,3410.4
2007-05-07,3642.07,2607.32,1840.49,1715.96,1495.37,1999.73,,3401.3
2007-05-08,3618.18,2583.16,1817.86,1700.31,1472.29,1978.47,,3370.7
2007-05-09,3652.04,2590.04,1824.18,1700.12,1489.58,1981.18,,3378.65
2007-05-10,3647.84,2593.57,1822.09,1699.3,1490.78,1980.72,,3369.25
2007-05-11,3676.82,2608.68,1817.2,1696.3,1496.08,1973.73,,3378.4
2007-05-14,3767.23,2648.67,1843.94,1714.24,1528.68,2000.7,,3424.05
2007-05-15,3800.59,2666.32,1854.24,1712.86,1548.15,2003.12,,3421.9
2007-05-16,3891.63,2683.3,1862.6,1728.55,1564.14,2024.69,,3466.1
2007-05-17,3953.52,2719.19,1881.8,1737.07,1581.17,2047.39,,3507.5
2007-05-18,3948.48,2719.34,1880.39,1742.83,1570.62,2047.91,,3503.55
2007-05-21,3940.7,2713.79,1915.58,1754.12,1605.4,2071.01,,3537.15
2007-05-22,3971.16,2732.17,1919.13,1756.41,1608.72,2076.88,,3550.2
2007-05-23,3979.85,2721.75,1910.23,1751.43,1591.3,2068.51,,3524
2007-05-24,3956.24,2716.64,1890.62,1748.95,1569.5,2048.78,,3501.95
2007-05-25,3982.76,2730.54,1888.7,1764.24,1572.85,2056.44,,3528.25
2007-05-28,4078.86,2740.25,1903.79,1770.17,1589.6,2068.74,,3545.85
2007-05-29,4090.65,2773.28,1919.68,1790.1,1591.92,2087.18,,3571.8
2007-05-30,4015.6,2764.18,1900.93,1778.67,1575.03,2066.74,,3533.75
2007-05-31,4071.89,2795.64,1915.53,1794.86,1576.01,2091.14,,3563.65
2007-06-01,4103.59,2816.65,1918.81,1798.67,1596.82,2096.04,,3575.15
2007-06-04,4074.43,2805.2,1911.33,1783.01,1590.01,2083.76,,3557.2
2007-06-05,4090.8,2850.52,1912.44,1782.36,1593.81,2088.35,,3571.45
2007-06-06,4021.2,2812.41,1880.89,1754.81,1551.48,2049.47,,3502.7
2007-06-07,4022.82,2825.11,1869.05,1750.17,1545.61,2035.45,,3488.15
2007-06-08,3977.72,2802.59,1853.37,1735.94,1525.34,2019.78,,3457.4
2007-06-11,3981.06,2807.3,1858.13,1738.09,1524.02,2026.15,,3458.25
2007-06-12,3948.37,2794.62,1860.49,1739.23,1511.27,2028.25,,3453.9
2007-06-13,3940.58,2782.99,1845.17,1731.63,1503.6,2009.75,,3429.2
2007-06-14,4032.14,2821.21,1868.48,1755.86,1526.3,2031.1,,3482.65
2007-06-15,4035.35,2840.92,1869.76,1757.52,1531.11,2031.43,,3486.7
2007-06-18,4019.62,2836.37,1856,1748.39,1514.29,2022.58,,3468.4
2007-06-19,4104.62,2875.84,1874.15,1765.3,1537.18,2043.39,,3519.8
2007-06-20,4194.7,2923.04,1888.08,1778.05,1560.61,2061.66,,3555.15
2007-06-21,4186.73,2941.57,1902.88,1785.08,1575.15,2073.9,,3575.75
2007-06-22,4197.8,2947.12,1901.53,1777.02,1564.98,2078.6,,3571.2
2007-06-25,4199.59,2954.32,1892.99,1777.21,1569.58,2075.68,,3574.15
2007-06-26,4242.86,2995.81,1893.51,1787.77,1559.67,2083.85,,3593.85
2007-06-27,4236.79,3008.81,1883.79,1780.55,1554.54,2071.83,,3575.65
2007-06-28,4224.39,3036.34,1890.1,1789.43,1554.52,2089.79,,3585.95
2007-06-29,4266.59,3077.08,1912.96,1805.46,1590.93,2113.3,,3625.75
2007-07-02,4312.76,3099.47,1914.61,1802.93,1593.67,2112.46,,3631.6
2007-07-03,4355.19,3126.55,1926.49,1813.94,1602.34,2130.06,,3666.6
2007-07-04,4338.87,3123.56,1929.84,1818.36,1605.02,2129.97,,3669.3
2007-07-05,4303.24,3103.61,1924.67,1819.19,1593.5,2123.33,,3652.4
2007-07-06,4309.34,3131.38,1929.62,1828.55,1595.47,2132.08,,3672.55
2007-07-09,4355,3179.6,1939.22,1835.18,1620.97,2144.71,,3703.65
2007-07-10,4342.19,3165.95,1937.81,1838.28,1623.57,2134.98,,3693.2
2007-07-11,4384.99,3167.1,1940.1,1835.12,1634.91,2124.09,,3690.95
2007-07-12,4441.15,3215.87,1964.46,1854.02,1659.65,2154.39,,3744.45
2007-07-13,4436.64,3224.85,1980.4,1878.69,1669.03,2167.84,,3780.75
2007-07-16,4427.41,3238.27,1987.16,1873.51,1705.61,2172.81,,3791.65
2007-07-17,4383.86,3189.2,1975.09,1859.92,1691.82,2166.12,,3775.95
2007-07-18,4369.51,3184.15,1970.76,1852.72,1684.09,2169.18,,3774.65
2007-07-19,4404.42,3222.75,1989.27,1865.47,1698.31,2184.64,,3816.25
2007-07-20,4401.35,3233.14,1984.29,1864.32,1687.87,2178.82,,3819.3
2007-07-23,4425.92,3243.28,1990.23,1877.6,1691.05,2201.67,,3859.9
2007-07-24,4415.91,3232.79,1982.71,1872.67,1691.22,2199.84,,3856.15
2007-07-25,4402.85,3221.25,1979.85,1857.8,1678.46,2195.28,,3828.65
2007-07-26,4427.84,3233.32,2002.31,1875.05,1692.45,2213.25,,3848.95
2007-07-27,4279.58,3161.56,1942.72,1807.74,1637.66,2142.97,,3711.55
2007-07-30,4286.87,3179.57,1948.71,1799.33,1634.72,2151.71,,3710.35
2007-07-31,4372.8,3246.71,1978.64,1826.31,1660.27,2189.15,,3783.85
2007-08-01,4129.88,3121.17,1902.43,1761.96,1579.23,2110.46,,3628.85
2007-08-02,4172.26,3190.46,1904.74,1759.97,1586.92,2114.19,,3642.85
2007-08-03,4257.67,3257.6,1922.66,1782.85,1603.53,2133.06,,3688.4
2007-08-06,4186.75,3224.36,1906.84,1769.41,1588.66,2110.83,,3639.95
2007-08-07,4204.57,3247.32,1915.72,1770.83,1609.32,2121.56,,3660.55
2007-08-08,4262.08,3289.94,1951.72,1804.98,1644.27,2164.68,,3739.4
2007-08-09,4189.88,3241.39,1926.12,1786.43,1612.52,2137.42,,3684.1
2007-08-10,4160.37,3223.35,1896.3,1770.31,1588.14,2104.16,,3628.7
2007-08-13,4175.06,3249.56,1911.78,1780.09,1606.88,2124.12,,3659.9
2007-08-14,4162.57,3254.16,1915.06,1776.7,1609.3,2121.7,,3660.9
2007-08-16,3987.28,3155.69,1845.2,1714.47,1539.29,2045.28,,3506.1
2007-08-17,3897.86,3099.74,1807.07,1678.64,1508.2,2018.05,,3447.4
2007-08-20,3955.23,3157.28,1838.63,1706.78,1553.61,2056.69,,3519.95
2007-08-21,3800.15,3042.15,1780.82,1653.81,1490.21,1994.8,,3405.15
2007-08-22,3843.73,3048.08,1797.94,1676.34,1499.25,2021.04,,3450.8
2007-08-23,3813.68,3004.53,1778.39,1666.4,1471.78,2003.18,,3421.5
2007-08-24,3917.3,3072.01,1802.12,1695,1497.95,2034.92,,3478.95
2007-08-27,4062.56,3160.47,1842.81,1733.84,1544.06,2083.72,,3575.85
2007-08-28,4098.57,3215.77,1850.63,1749.36,1552.68,2089.13,,3599.7
2007-08-29,4106.2,3250.79,1869.4,1768.91,1564.81,2100.01,,3625.65
2007-08-30,4096.46,3271.48,1884.1,1785.11,1576.64,2121.34,,3656.75
2007-08-31,4232.95,3342.1,1915.03,1806.45,1621.98,2141.37,,3711.55
2007-09-03,4375.05,3412.96,1925.65,1816.83,1646.83,2153.45,,3746.25
2007-09-04,4396.92,3415.65,1932.77,1822.42,1663.74,2163.98,,3755
2007-09-05,4385.37,3418.81,1939.56,1827.45,1668.63,2167.8,,3755.1
2007-09-06,4440.9,3462.79,1965.06,1851.91,1693.18,2191.04,,3789.9
2007-09-07,4437.02,3482.64,1967.21,1850.99,1694.92,2188.34,,3782.75
2007-09-10,4480.57,3502,1970.4,1849.5,1702.42,2189.21,,3788
2007-09-11,4466.89,3492.78,1974.73,1846.43,1705.42,2184.08,,3788
2007-09-12,4468.1,3511.65,1975.41,1846.25,1712.71,2181.05,,3789.6
2007-09-13,4515.75,3561.99,1990.85,1852.3,1728.78,2196.55,,3822.75
2007-09-14,4489.24,3564.69,1977.48,1843.55,1703.79,2188.66,,3800.85
2007-09-17,4506.93,3594.5,1971.45,1844.43,1701.26,2182.12,,3793.25
2007-09-18,4561.82,3668.22,1989.83,1858.68,1728.5,2203.23,,3834.75
2007-09-19,4658,3741.45,2043.11,1904.32,1766.56,2276.42,,3963.65
2007-09-20,4685.71,3788.87,2061.75,1916.85,1771.44,2281.56,,3987.95
2007-09-21,4697.64,3833.1,2078.02,1928.94,1794.22,2308.32,,4036.5
2007-09-24,4750.07,3969.24,2110.92,1937.2,1820.99,2343.22,,4104.5
2007-09-25,4741.17,3982.93,2118.37,1941.22,1836.67,2344.9,,4111.05
2007-09-26,4739.61,3956.81,2129.88,1950.02,1889.04,2351.67,,4122.45
2007-09-27,4722.61,3990.26,2138.75,1955.01,1866.45,2361.48,,4150.15
2007-09-28,4837.57,4116.04,2152.87,1974.44,1905.44,2374.71,,4188.55
2007-10-01,4932.01,4237.92,2186.38,1987.49,1938.73,2399.38,,4237.8
2007-10-03,4989.07,4314.54,2227.94,2008.32,1941.1,2453.84,,4327.5
2007-10-04,5036.55,4348.72,2226.85,2012.78,1954.1,2448.12,,4335.25
2007-10-05,5031.13,4325.25,2212.3,1999.25,1914.34,2422.52,,4301.75
2007-10-08,4842.42,4176.78,2146.69,1951.53,1816.21,2376.24,,4195.25
2007-10-09,5033.07,4397.14,2219.81,2007.46,1868.19,2459.95,,4369.7
2007-10-10,5132.5,4529.51,2257,2040.65,1879.15,2503.81,,4454.55
2007-10-11,5242.01,4623.5,2277.29,2063.35,1888.76,2516.37,,4523.8
2007-10-12,5243.54,4592.32,2247.79,2042.95,1869.47,2478.57,,4451.4
2007-10-15,5454.84,4794.92,2325.35,2110.07,1930.63,2535.62,,4621.05
2007-10-16,5508.58,4868.74,2347.68,2107.45,1945.32,2544.03,,4634.05
2007-10-17,5412.99,4740.46,2289.53,2067.67,1876.51,2495.96,,4531.7
2007-10-18,5279.12,4564.56,2245.56,2018.17,1837.92,2452.84,,4372.85
2007-10-19,5133.69,4366.42,2165.24,1971.96,1780.3,2396.15,,4250.45
2007-10-22,5112.41,4367.06,2172.64,1971.81,1791.16,2391.28,,4238.35
2007-10-23,5342.09,4644.16,2266.23,2049.93,1887.82,2477.84,,4465.75
2007-10-24,5398.74,4745.88,2294.59,2069.67,1933.46,2487.29,,4494
2007-10-25,5530.8,4823.43,2327.83,2090.15,1945.11,2517.72,,4545.65
2007-10-26,5693.5,5027.27,2379.39,2142.31,1982.51,2548.72,,4650.2
2007-10-29,5780.78,5180.64,2450.63,2211.17,1997.81,2605.62,,4782.95
2007-10-30,5733.18,5228.98,2451.34,2194.81,2013.43,2585.51,,4770.9
2007-10-31,5772.32,5273.42,2466,2192.82,2032.78,2603.76,,4806.85
2007-11-01,5681.54,5221.48,2461.41,2174.22,2000.78,2579.24,,4757.85
2007-11-02,5687.64,5310.45,2491.34,2184.29,2043.65,2599.53,,4810.5
2007-11-05,5734.88,5312.62,2478.86,2159.06,2059.06,2585.46,,4775.4
2007-11-06,5683.43,5228.12,2436.29,2145.87,2049.57,2546.2,,4754.8
2007-11-07,5635.07,5211.84,2438.54,2132.79,2053.32,2527.75,,4747.45
2007-11-08,5591.62,5224.18,2409.58,2105.26,2044.34,2499.5,,4689.45
2007-11-09,5608.99,5223,2414.57,2096.21,2054.77,2496.23,,4673.75
2007-11-12,5577.64,5160.11,2397.55,2084.88,2050.21,2474.68,,4639.4
2007-11-13,5699.21,5288.45,2428.67,2110.01,2112.48,2493.86,,4717.15
2007-11-14,5889.16,5434.12,2483.13,2166.11,2189.47,2550.84,,4902.45
2007-11-15,6010.34,5490.6,2522.23,2173.24,2279.08,2548.34,,4923.85
2007-11-16,5985.64,5487.17,2550.56,2184.83,2347.74,2578,,4939.1
2007-11-19,6141.58,5622.78,2556.13,2212.63,2387.23,2590.03,,4983.35
2007-11-20,6073.88,5537.93,2494.02,2185.24,2330.61,2542.2,,4883.15
2007-11-21,5759.02,5243.12,2389.41,2112.11,2179.15,2468.2,,4666.8
2007-11-22,5690.76,5238.42,2362.01,2084.87,2134.42,2454.09,,4620.75
2007-11-23,5860.09,5355.59,2392.02,2114.94,2165.05,2474.48,,4705.05
2007-11-26,6067.02,5446.46,2442.16,2156.91,2211.88,2512.29,,4814.3
2007-11-27,5988.53,5411.45,2434.67,2148.63,2246.68,2493.12,,4805.3
2007-11-28,5980.66,5393.27,2405.11,2118.92,2225.24,2469.64,,4754.75
2007-11-29,5943.77,5388.2,2401.3,2105.94,2200.84,2481.95,,4741.05
2007-11-30,6156.48,5549.18,2463.79,2145.6,2281.78,2523.91,,4869.55
2007-12-03,6355.79,5727.48,2519.22,2183.41,2345.36,2571.89,,4969.95
2007-12-04,6507.77,5811.5,2543.37,2208.91,2409.89,2571.71,,5003.3
2007-12-05,6632.43,5876.55,2577.13,2234.48,2460.94,2607.49,,5081.2
2007-12-06,6617.06,5843.36,2580.35,2226.75,2454.93,2615.38,,5081.55
2007-12-07,6552.12,5802.54,2578.78,2224.74,2451.82,2627.26,,5095.65
2007-12-10,6573.96,5772.23,2582.24,2226,2496.01,2625.22,,5107.4
2007-12-11,6633.13,5818.4,2611.78,2246.54,2511.01,2664.63,,5192.55
2007-12-12,6770.82,5901.18,2634,2264.3,2553.34,2685.43,,5263.8
2007-12-13,6814.85,5907.89,2614.75,2255.17,2563.2,2661.55,,5217.15
2007-12-14,6833.63,5892.26,2636.9,2279.42,2574.09,2687.83,,5224
2007-12-17,6493.58,5606.71,2533.36,2202.43,2438.37,2598.79,,4980.85
2007-12-18,6478.98,5580.37,2525.55,2195.71,2449.17,2596.95,,4965.7
2007-12-19,6487.7,5606.39,2527.73,2189.96,2440.85,2600.67,,4969.15
2007-12-20,6449.27,5604.63,2533.75,2194.91,2442.27,2609.54,,4971.05
2007-12-24,6608.31,5787.83,2604.59,2248.17,2513.36,2684.69,,5126.4
2007-12-26,6784.57,5972.13,2657.39,2271.09,2598.73,2717.05,,5228.55
2007-12-27,6796.17,5953.58,2662.77,2269.08,2641.63,2720.08,,5234.3
2007-12-28,6966.95,6067.15,2683.04,2283.05,2681.96,2722.85,,5284.2
2007-12-31,7120.01,6127.25,2733.09,2302.56,2754.14,2764.78,,5354.7
2008-01-01,7197.74,6192.01,2757.52,2314.72,2799.33,2797.36,,5384.55
2008-01-02,7268.49,6285.32,2778.96,2319.35,2847.89,2810.26,,5437.8
2008-01-03,7272.25,6325.7,2797.5,2300.52,2859.39,2819.71,,5442.2
2008-01-04,7294.42,6393.72,2832.94,2321.34,2848.34,2840.46,,5502.6
2008-01-07,7342.95,6473.11,2825.26,2316.38,2827.95,2835.56,,5500.15
2008-01-08,7229.05,6443.47,2783.36,2296.46,2727.63,2808.14,,5460.3
2008-01-09,7135.95,6383.79,2749.43,2280.79,2687.03,2782.96,,5451.9
2008-01-10,6851.41,6112.8,2661.93,2220.67,2578.33,2710.47,,5319.9
2008-01-11,6850.16,6101.46,2655.93,2207.24,2572.55,2706,,5348.2
2008-01-14,6992.91,6209.01,2691.82,2193.49,2647.05,2713.93,,5385.25
2008-01-15,6866.74,6086.89,2640.37,2166.37,2600.66,2675.4,,5282.1
2008-01-16,6719.54,5955.91,2584.51,2133.85,2541.68,2628.29,,5164.95
2008-01-17,6800.51,5963.71,2593.28,2147.77,2568.59,2636.18,,5151.15
2008-01-18,6343.88,5628.91,2495.12,2085.75,2418.77,2554.19,,4925.85
2008-01-21,5325.78,4921.74,2235.22,1919.36,2088.26,2335.87,,4425.55
2008-01-22,4789.49,4591.94,2077,1799.21,1873.8,2179.95,,4134.3
2008-01-23,5242.93,4948.62,2224.97,1900.46,2036.35,2310.14,,4417
2008-01-24,4954.51,4726.55,2159.59,1834.25,1957.32,2247.58,,4267.1
2008-01-25,5412.43,5095.65,2295.69,1956.95,2120.02,2377.64,,4567.2
2008-01-28,5423.98,5072.36,2260.91,1927.54,2113,2342.91,,4497.5
2008-01-29,5480.29,5067.94,2264.39,1941.55,2094.09,2364.29,,4491.25
2008-01-30,5275.76,4908.51,2211.15,1914.62,2043.12,2319.07,,4385.6
2008-01-31,5177.2,4837.99,2186.75,1908.49,2015.05,2323.62,,4349
2008-02-01,5230.22,4880.18,2240.2,1943.3,2057.3,2390.52,,4450.05
2008-02-04,5423.87,5013.88,2323.14,1993.77,2161.39,2460.04,,4588.4
2008-02-05,5560.3,5097.78,2342.98,1999.98,2193.1,2469.3,,4617.3
2008-02-06,5515.25,5003.68,2293.79,1946.54,2179.71,2402.56,,4503.4
2008-02-07,5304.78,4836.98,2228.27,1893.94,2113.5,2331.94,,4354.2
2008-02-08,5181.85,4722.8,2211.35,1888.85,2076.23,2336.17,,4313.95
2008-02-11,4786.9,4385.51,2101.42,1819.97,1979.6,2238.79,,4086.8
2008-02-12,4692.74,4333.62,2083.82,1804.29,1938.71,2217.01,,4054.4
2008-02-13,4759.04,4370.3,2107.37,1823.3,1939.66,2231.1,,4111.65
2008-02-14,5116.81,4663.91,2227.25,1892.96,2064.73,2322.02,,4343.55
2008-02-15,5253.89,4791.74,2262.3,1919.14,2110.09,2353.47,,4432.6
2008-02-18,5303.66,4789.21,2267.9,1925.2,2133.13,2357.08,,4421.3
2008-02-19,5323.91,4782.2,2264.8,1936.74,2128.37,2359.76,,4428.7
2008-02-20,5224.43,4620.32,2233.37,1902.53,2087.06,2326.61,,4326.35
2008-02-21,5296.04,4660.75,2246.79,1931.11,2084.99,2350.74,,4357.35
2008-02-22,5225.05,4592.27,2234.85,1920.26,2065.72,2337.72,,4295.35
2008-02-25,5229.72,4638.48,2258.58,1941.04,2075.01,2369.97,,4346.85
2008-02-26,5316.64,4717.56,2295.82,1960.72,2104.36,2397.85,,4406.05
2008-02-27,5310.56,4716.76,2304.96,1972.12,2104.43,2399.74,,4407.95
2008-02-28,5279.46,4693.37,2313.8,1984.83,2108.82,2404.99,,4404.35
2008-02-29,5238.78,4628.29,2317.11,1972.37,2094.42,2408.05,,4360.7
2008-03-03,4932.68,4346.75,2235.48,1905.15,2005.33,2337.71,,4138.95
2008-03-04,4790.23,4224.23,2195.97,1876.81,1950.19,2297.14,,4045.3
2008-03-05,4736.83,4177.72,2205.94,1890.43,1921.8,2323.33,,4065.65
2008-03-07,4441.82,3933.08,2127.18,1835.67,1833.98,2258.22,,3922.5
2008-03-10,4429.87,3940.54,2127.49,1824.61,1831.48,2263.83,,3927.9
2008-03-11,4617.38,4106.76,2182.42,1849.11,1895.7,2295.05,,4024.4
2008-03-12,4613.37,4073.15,2175.03,1839.87,1868.98,2290.91,,4010.15
2008-03-13,4271.47,3763.24,2077.84,1759.03,1752.88,2210.19,,3785.1
2008-03-14,4364.82,3846.96,2096.37,1797.26,1769.75,2233.52,,3868.65
2008-03-17,4032.47,3580.01,1964.37,1695.09,1652.13,2135.12,,3642.35
2008-03-18,3949.25,3518.25,1978.04,1711.2,1645.19,2154.68,,3642.8
2008-03-19,3849.31,3492.75,1976.32,1728.91,1627.94,2171.79,,3657.8
2008-03-24,3652.01,3407.37,1951.26,1719.86,1598.74,2188.83,,3656.45
2008-03-25,4007.88,3687.48,2037.93,1801.81,1706.84,2276.38,,3879.75
2008-03-26,4069.37,3690.69,2052.01,1802.26,1716.32,2268.04,,3867.25
2008-03-27,4086.89,3679.72,2049.07,1804.84,1699.27,2267.18,,3862.25
2008-03-28,4270.19,3880.04,2102,1850,1768.36,2316.54,,3971.15
2008-03-31,4101.8,3723.54,2084.12,1799.47,1737.71,2275.04,,3825.85
2008-04-01,4099.03,3683.56,2073.76,1786.26,1735.12,2279.44,,3817.45
2008-04-02,4095.23,3679.27,2089.68,1794.85,1747.42,2291.79,,3835.5
2008-04-03,4094.63,3657.71,2095.95,1801.81,1745.24,2310.93,,3840.3
2008-04-04,3996.43,3553.46,2067.23,1759.5,1715.29,2268.82,,3747.95
2008-04-07,4064.92,3610.46,2092.75,1791,1739.03,2318.72,,3830.5
2008-04-08,4060.93,3572.43,2089.74,1765.88,1747.76,2297.18,,3807.1
2008-04-09,4147.37,3650.69,2105.4,1777.76,1772.82,2307.52,,3844.4
2008-04-10,4171.17,3679.68,2102.58,1780.33,1768.76,2297.06,,3830.75
2008-04-11,4217.37,3753.29,2110.75,1785.35,1788.08,2297.78,,3861.7
2008-04-15,4311.35,3815.5,2138.15,1814.15,1808.61,2348.49,,3938
2008-04-16,4390.81,3832.9,2146.71,1829.46,1823.89,2364.31,,3959.75
2008-04-17,4517.21,3904.82,2176.2,1851.59,1884.55,2386.63,,4027.9
2008-04-21,4653.39,4020.94,2216.72,1882.07,1939.74,2406.65,,4099.75
2008-04-22,4714.3,4092.27,2218.18,1887.44,1937,2389.41,,4120.85
2008-04-23,4726.89,4081.22,2231.91,1891.93,1941.06,2394.66,,4105.25
2008-04-24,4701.03,4057.43,2220.18,1884.87,1908.08,2396.71,,4083.6
2008-04-25,4779.03,4139.35,2242.48,1902.41,1935.53,2420.1,,4162.55
2008-04-28,4812.06,4149.07,2239.72,1897.11,1939.08,2404.34,,4156.9
2008-04-29,4880.27,4231.79,2282.94,1942.3,1976.65,2429.27,,4233.25
2008-04-30,4881.47,4241.24,2293.5,1948.97,1968.49,2432.84,,4222.1
2008-05-02,4980.41,4332.81,2315.61,1967.42,2003.48,2463.82,,4280.4
2008-05-05,5028.06,4335.88,2305.26,1963.17,2012.8,2452.36,,4267.85
2008-05-06,4904.83,4225.21,2291.24,1948.17,1999.01,2443.95,,4217.5
2008-05-07,4891.57,4215.67,2281.52,1939.85,1979.1,2446.94,,4198.6
2008-05-08,4833.77,4159.09,2268.26,1914.44,1960.77,2429.81,,4152.3
2008-05-09,4636,4014.23,2236.68,1890.71,1911.53,2406.8,,4064.1
2008-05-12,4622.6,4016.49,2216,1884.96,1893.92,2412.54,,4066.3
2008-05-13,4630.07,4030.43,2205.42,1877,1889.45,2395.02,,4041.5
2008-05-14,4703.66,4088.92,2223.85,1887.6,1903.99,2433.91,,4081.3
2008-05-15,4822.85,4186.21,2247.82,1910.05,1929.7,2455.23,,4159.3
2008-05-16,4861.25,4203.9,2270.28,1920.41,1964.2,2465.8,,4198.1
2008-05-20,4793.35,4145.92,2265.6,1903.39,1963.33,2447.96,,4158.9
2008-05-21,4904.83,4201.91,2279.09,1906.81,1971.06,2446.59,,4174.6
2008-05-22,4790.19,4111.14,2259.14,1884.04,1936.36,2420.33,,4099.85
2008-05-23,4676.52,4028.67,2240.94,1859.87,1915.92,2397.14,,4037.35
2008-05-26,4547.34,3912.39,2206.63,1829.46,1868.8,2367.99,,3962.5
2008-05-27,4491.61,3859.36,2203.75,1827.81,1851.45,2381.09,,3944.2
2008-05-28,4561.02,3904.23,2224.09,1852.66,1896.45,2421.07,,3991.5
2008-05-29,4525.26,3885.28,2201.24,1840.06,1870.34,2394.23,,3939.4
2008-05-30,4486.87,3871.97,2212.04,1852.65,1859.6,2414.84,,3959.65
2008-06-02,4350.24,3746.03,2159.92,1817.96,1811.82,2383.11,,3853.55
2008-06-03,4332.93,3717.6,2151.7,1814.38,1801.07,2370.04,,3831.65
2008-06-04,4136.92,3565.45,2087.82,1768.9,1736.63,2314.57,,3719.4
2008-06-05,4184.99,3625.09,2092.96,1812.28,1728.35,2351.21,,3774.6
2008-06-06,4124.73,3571.2,2088.46,1794.99,1707.63,2326.94,,3730.5
2008-06-09,3994.06,3465.07,2034.57,1746.44,1649.89,2276.01,,3611.8
2008-06-10,3964.98,3425.78,2025.86,1729.61,1636.4,2266.63,,3570.6
2008-06-11,4020.8,3478.01,2049.33,1746.7,1663.35,2297.94,,3632.35
2008-06-12,4070.31,3534.59,2051.73,1754.52,1672.7,2295.55,,3645.6
2008-06-13,4056.91,3508.91,2048.28,1743.57,1674.98,2295.68,,3634.8
2008-06-16,4119.8,3553.9,2069.45,1766.84,1698.37,2316.38,,3679.75
2008-06-17,4228.33,3652.14,2102.18,1794.98,1735.81,2340.86,,3753.55
2008-06-18,4188.12,3594.69,2087.45,1779.1,1724.35,2325.02,,3701.2
2008-06-19,4093.62,3498.31,2055.57,1755.12,1692.43,2303.39,,3633.45
2008-06-20,3902.8,3350.13,2002.82,1710.94,1634.83,2239.32,,3510.95
2008-06-23,3715.03,3193.04,1955.26,1675.96,1577.6,2199.64,,3416.6
2008-06-24,3596.11,3110.36,1932.47,1636.87,1554.59,2167.48,,3359.05
2008-06-25,3655.33,3157.29,1946.28,1640.4,1564.56,2173.58,,3401.05
2008-06-26,3639.45,3168.67,1946.61,1661.96,1573.35,2196.07,,3431
2008-06-27,3489.04,3045.9,1895.32,1601.95,1525.11,2122.33,,3293.65
2008-06-30,3331.27,2941.69,1856.02,1576.6,1472.47,2093.81,,3203.35
2008-07-01,3119.39,2798.65,1790,1521.51,1393.2,2037.12,,3075.8
2008-07-02,3312.82,2981.05,1838.6,1575.22,1447.92,2085.26,,3225
2008-07-03,3143.74,2832.27,1804.49,1527,1425.94,2032.92,,3098.7
2008-07-04,3259.06,2928.1,1821.71,1549.91,1452.43,2055.22,,3178.15
2008-07-07,3295.91,2952.96,1843.96,1580.63,1468.36,2076.91,,3207.8
2008-07-08,3274.71,2935.01,1843.47,1562.72,1482.77,2044.31,,3186
2008-07-09,3431.7,3066,1887.29,1619.17,1523.31,2116.08,,3321.4
2008-07-10,3468.62,3097.04,1887.7,1615.52,1530.55,2101.13,,3323.65
2008-07-11,3365.85,2987.72,1856.77,1567.06,1491.49,2056.79,,3232.2
2008-07-14,3373.98,3003.54,1845.45,1552.57,1486.51,2032.81,,3222.8
2008-07-15,3234.32,2876.06,1802.85,1501.51,1433.87,1972.97,,3085.5
2008-07-16,3180.86,2824.96,1783.35,1482.51,1417.75,1969.06,,3049.85
2008-07-17,3223.03,2901.02,1805.95,1515.72,1447.29,2012.2,,3146.15
2008-07-18,3290.98,2971.84,1833.96,1532.9,1477.17,2038.37,,3248.05
2008-07-21,3297.68,2985.58,1846.77,1550.44,1482.16,2068.83,,3289.8
2008-07-22,3399.75,3092.99,1861.38,1586.05,1506.04,2088.94,,3355.9
2008-07-23,3638.1,3339.87,1925.14,1649.73,1586.09,2148.53,,3550.8
2008-07-24,3640.52,3310.09,1914.77,1638.48,1594.16,2134.16,,3524.5
2008-07-25,3657.67,3242.7,1912.87,1622.77,1592.19,2114.78,,3452.45
2008-07-28,3692.24,3270.79,1922.81,1630.77,1617.76,2119.5,,3469.4
2008-07-29,3568.13,3142.02,1890.71,1595.91,1566.82,2085.01,,3350.45
2008-07-30,3674.5,3262.37,1926.14,1629.32,1612.2,2128.86,,3449.75
2008-07-31,3688.44,3287.21,1933.37,1630.92,1603.84,2128.93,,3456.7
2008-08-01,3791.32,3371.58,1949.84,1659.68,1642.57,2152.79,,3524.25
2008-08-04,3883.69,3407.96,1970.32,1676.31,1666.29,2162.48,,3531.15
2008-08-05,3910.2,3461.3,1992.33,1706.07,1702.31,2203.76,,3615.9
2008-08-06,3840.37,3415.72,2007.12,1711.72,1688.62,2225.28,,3618.6
2008-08-07,3836.14,3413.63,2020.81,1723.66,1689.66,2229.52,,3625.7
2008-08-08,3854.1,3440.36,2028.73,1725.42,1697.18,2221.99,,3635
2008-08-11,3902.87,3526.26,2044.99,1748.42,1722.55,2241.01,,3707.8
2008-08-12,3844.24,3459.73,2028.95,1729.35,1705.68,2220.42,,3656.1
2008-08-13,3851.52,3444.41,2024.99,1729.5,1695.58,2219.02,,3637.7
2008-08-14,3755.97,3344.34,2006.48,1709.72,1655.65,2205.68,,3551.3
2008-08-18,3692.99,3293.81,1990.71,1701.25,1633.78,2191.16,,3519.3
2008-08-19,3715.58,3292.95,1980.74,1686.41,1634.43,2179.77,,3500.75
2008-08-20,3778.38,3352.11,1996.5,1704.09,1649.47,2201.22,,3536.9
2008-08-21,3660.15,3251.23,1948.98,1665.72,1600.6,2169.9,,3434
2008-08-22,3692.69,3280.83,1945.79,1671.82,1592.48,2179.95,,3459.75
2008-08-25,3672.38,3279.53,1952,1674.62,1602.51,2181.57,,3467.4
2008-08-26,3674.9,3292.52,1943.71,1678.9,1603.76,2179.99,,3468.9
2008-08-27,3606.33,3243.94,1937.88,1672.36,1587.14,2173.57,,3435.25
2008-08-28,3539.89,3199.38,1915.2,1651.28,1551.98,2157.8,,3376.8
2008-08-29,3646.09,3319.26,1947.94,1690.63,1606.33,2203.61,,3489.05
2008-09-01,3645.26,3306.26,1944.11,1688.77,1607.48,2197.02,,3481.55
2008-09-02,3701.64,3400.03,1975.4,1727.73,1653.89,2236.15,,3599.7
2008-09-04,3672.1,3371.59,1978.52,1714.42,1648.55,2231,,3562.7
2008-09-05,3575.51,3288.86,1960.6,1687.38,1639.76,2187.89,,3489.35
2008-09-08,3634.02,3353.84,1976.02,1718.34,1639.63,2224.88,,3575.05
2008-09-09,3606.9,3313.48,1967.07,1711.01,1634.99,2217.72,,3560.5
2008-09-10,3533.34,3280.9,1958.14,1697.74,1620.27,2204.43,,3507.4
2008-09-11,3461.68,3237.78,1937.03,1669.69,1603.19,2173.96,,3433.1
2008-09-12,3378.34,3193.95,1914.38,1648.18,1582.75,2150.52,,3377.9
2008-09-15,3159.64,3062.86,1862.37,1591.62,1522.09,2098.13,,3243.6
2008-09-16,3126.48,3021.38,1847.82,1575.1,1531.88,2083.99,,3229.1
2008-09-17,3064.81,2968.17,1835.41,1560.95,1500.1,2061.57,,3169
2008-09-18,3038.25,2954.04,1821.45,1554.42,1498.46,2050.92,,3169.75
2008-09-19,3170.09,3051,1855.33,1610.54,1524.95,2117.24,,3314.35
2008-09-22,3184.76,3052.6,1854.36,1610.9,1511.89,2115.3,,3301.15
2008-09-23,3116.08,3003.83,1830.88,1584.57,1495.65,2075.84,,3234
2008-09-24,3144.1,3033.7,1836.81,1585.09,1502.87,2080.77,,3255.95
2008-09-25,3094.88,3015.6,1830.87,1566.72,1481.68,2060.14,,3221.7
2008-09-26,2954.45,2939.06,1798.06,1528.69,1446.95,2022.68,,3123.75
2008-09-29,2787.75,2827.4,1756.91,1493.14,1396.27,1980.68,,3007.9
2008-09-30,2834.96,2867.49,1776.79,1497.06,1416.02,1999.84,,3058.6
2008-10-01,2840.99,2876.12,1776.46,1507.42,1435.2,2009.16,,3082.8
2008-10-03,2720.22,2801.75,1747.88,1482.87,1407.22,1976.79,,2984.3
2008-10-06,2478.92,2617.84,1673.29,1408.25,1342.63,1891.72,,2809.35
2008-10-07,2446.56,2593.63,1653.88,1384.47,1327.06,1868.54,,2790.9
2008-10-08,2322.88,2509.94,1588.77,1335.13,1250.39,1822.32,,2693.9
2008-10-10,2065.36,2327.82,1493.97,1255.83,1169.55,1724.56,,2507.55
2008-10-13,2158.44,2398.92,1545.4,1303.46,1223.39,1781.89,,2654.35
2008-10-14,2208.99,2459.13,1569.68,1316.36,1235.28,1819.89,,2685.05
2008-10-15,2066.69,2363.01,1531.5,1263.76,1200.35,1753.39,,2553.3
2008-10-16,2049.55,2339.89,1499.59,1246.33,1205.74,1724.23,,2514.7
2008-10-17,1935.36,2273.74,1477.5,1202.28,1183.55,1668.89,,2386.45
2008-10-20,1923.16,2269.54,1470.2,1220.17,1185.7,1690.04,,2409.9
2008-10-21,1988.13,2328.81,1500.39,1268.99,1198.39,1733.64,,2491.45
2008-10-22,1907.49,2272.03,1467.59,1230.64,1149.75,1680.85,,2378.2
2008-10-23,1834.77,2172,1419.05,1196.52,1106.72,1625.12,,2285.4
2008-10-24,1634.18,2005.35,1333.68,1109.91,1014.34,1506.34,,2035.25
2008-10-27,1567.35,1912.75,1280.56,1073.76,964.68,1457.05,,1973.7
2008-10-28,1681.73,2018.77,1344.91,1128.22,1025.13,1527.37,,2095.55
2008-10-29,1670.32,1992.04,1335.58,1125.76,1021,1522.59,,2098.5
2008-10-31,1791.24,2080.29,1366.18,1162.22,1043.99,1563.95,,2225.7
2008-11-03,1916.63,2172.15,1410.1,1198.03,1095.03,1605.29,,2341
2008-11-04,2001.87,2217.92,1420.72,1210.76,1143.91,1620.76,,2421.25
2008-11-05,1918.04,2182.22,1413.26,1193.85,1125.78,1597.7,,2329.85
2008-11-06,1851.41,2142.19,1395.05,1169.23,1091.42,1565.12,,2257.05
2008-11-07,1897.02,2171.91,1408.28,1186.83,1118.95,1588.42,,2312.25
2008-11-10,2013.36,2258.63,1436.07,1227.95,1148.37,1642.01,,2438.1
2008-11-11,1896.92,2182.28,1403.23,1176.63,1104.99,1589.31,,2302.4
2008-11-12,1850.62,2140.97,1390.15,1156.65,1092.69,1563.64,,2239.3
2008-11-14,1815.61,2118.36,1371.5,1135.73,1081.15,1543.41,,2203.55
2008-11-17,1754.13,2091,1358.58,1126.7,1061.98,1534.09,,2176.3
2008-11-18,1696.42,2049.26,1336.98,1094.21,1034.91,1496.13,,2094.25
2008-11-19,1636.97,2023.97,1321.55,1082.34,1022.52,1485.07,,2055.2
2008-11-20,1565.29,1959.07,1287.02,1058.11,995.41,1446.48,,1988.45
2008-11-21,1595.12,1978.47,1295.74,1083.83,1012.6,1476.25,,2067.2
2008-11-24,1597.15,1986.64,1298.32,1087.36,1017.16,1486.85,,2075.05
2008-11-25,1587.36,1975.63,1292.79,1076.17,1013.7,1471.37,,2040.4
2008-11-26,1608.32,2014.07,1297.28,1091.88,1027.01,1499.74,,2090.75
2008-11-28,1628.65,2026.27,1307.49,1096.54,1030.61,1506.15,,2093.1
2008-12-01,1597.74,1978.37,1291,1076.45,1021.58,1471.67,,2048.4
2008-12-02,1578.13,1965.12,1279.94,1066.26,1012.61,1459.76,,2029.4
2008-12-03,1600.96,1967.7,1281.89,1061.65,1026.21,1456.64,,2040.6
2008-12-04,1672.47,2011.45,1317.01,1092.01,1049.69,1496.96,,2132.65
2008-12-05,1645.78,1991.19,1298.15,1077.56,1025.2,1474.88,,2083.1
2008-12-08,1652.35,2010.42,1303.79,1093.36,1016.05,1495.83,,2121.65
2008-12-10,1718.94,2050.44,1326.17,1129.62,1039.66,1537.83,,2214.6
2008-12-11,1762.93,2067.82,1335.2,1121.79,1055.93,1530.88,,2222.35
2008-12-12,1794.03,2071.1,1337.64,1112.92,1073.55,1516.76,,2230.25
2008-12-15,1854.09,2126.47,1363.31,1135.91,1109.32,1536.03,,2282.35
2008-12-16,1906.96,2172.32,1387.42,1167.07,1120.92,1566.28,,2336.85
2008-12-17,1823.36,2112.53,1370.72,1147.76,1102.29,1549.62,,2268.4
2008-12-18,1887.64,2150.47,1395.75,1178.99,1140.82,1583.93,,2347.35
2008-12-19,1908.35,2165.18,1426.68,1190.8,1168.87,1606.69,,2370.35
2008-12-22,1897.25,2142.86,1419.03,1184.03,1159.31,1595.26,,2343.3
2008-12-23,1845.92,2104.22,1401.57,1162.32,1134.83,1574.3,,2286.1
2008-12-24,1820.44,2095.43,1397.42,1144.56,1134.33,1553.96,,2255.1
2008-12-26,1788.84,2094.4,1393.35,1125.87,1121.52,1540.82,,2212.5
2008-12-29,1826.44,2139.85,1405.34,1138.98,1132.72,1561.55,,2258.85
2008-12-30,1868.35,2162.53,1423.86,1158.61,1156.06,1584.73,,2304.4
2008-12-31,1873.74,2174.47,1427.46,1156.62,1157.16,1582.11,,2295.75
2009-01-01,1907.54,2204.91,1437.09,1179.27,1172.79,1605.87,,2361.2
2009-01-02,1927.02,2216.5,1451.9,1184.36,1198.96,1614.68,,2380.4
2009-01-05,1951.3,2231.31,1460.97,1202.03,1226.42,1625.59,,2433.5
2009-01-06,1946.46,2232.07,1470.27,1216.75,1222.42,1634.91,,2431.25
2009-01-07,1832.7,2142.2,1419.66,1177.09,1161.84,1587.32,,2271.4
2009-01-09,1801.06,2120.71,1417.43,1178.67,1147.23,1596.98,,2225.45
2009-01-12,1752.24,2085.43,1406.99,1151.05,1116.99,1571.01,,2160.25
2009-01-13,1732.01,2057.14,1407.5,1150.54,1120.91,1574.65,,2136.6
2009-01-14,1782.23,2106.44,1418.36,1171.74,1136.24,1595.54,,2200.65
2009-01-15,1743.34,2072.86,1404.53,1145.59,1113.38,1568.97,,2133.3
2009-01-16,1792.7,2104.17,1414.73,1160.16,1127.86,1588.52,,2189.45
2009-01-19,1798.03,2114.91,1418.25,1164.57,1136.2,1587.06,,2204.3
2009-01-20,1773.33,2092.52,1412.83,1148.03,1128.86,1566.44,,2173.35
2009-01-21,1712.32,2056.39,1406.47,1132.99,1110.29,1551.67,,2110.85
2009-01-22,1715.34,2042.48,1390.52,1129.95,1096.52,1544.05,,2105.4
2009-01-23,1683.62,2035.24,1384.67,1113.42,1064.46,1534.54,,2072.85
2009-01-27,1725.59,2064.76,1398.22,1125.81,1073.72,1565.43,,2129.45
2009-01-28,1759.95,2105.75,1404.43,1149.12,1087.51,1587.51,,2188.35
2009-01-29,1755.26,2079.79,1404.08,1144.2,1103.57,1579.04,,2171.9
2009-01-30,1780.59,2106.28,1417.95,1157.04,1116.92,1593.45,,2209.05
2009-02-02,1724.05,2062.98,1401.66,1134.41,1096.85,1571.72,,2138.8
2009-02-03,1716.01,2060.39,1398.33,1142.13,1091.86,1579.27,,2142.6
2009-02-04,1714.54,2064.74,1400.06,1147.52,1093.27,1586.25,,2153.25
2009-02-05,1701.87,2062.49,1388.47,1135.48,1088.67,1571.5,,2136.55
2009-02-06,1734.24,2085.76,1404.82,1155.46,1103.83,1598.19,,2180.7
2009-02-09,1772.98,2112.14,1412.69,1171.66,1117.78,1616.12,,2237.25
2009-02-10,1788.33,2127.38,1423.23,1175.41,1124.4,1623.88,,2248.9
2009-02-11,1802.69,2120.53,1421.21,1173.97,1124.15,1617.25,,2244.25
2009-02-12,1804.06,2129.61,1423.55,1169.96,1121.41,1605.89,,2225.8
2009-02-13,1842.09,2153.26,1432.25,1176.7,1124.55,1614.31,,2264.3
2009-02-16,1776.66,2096.2,1412.15,1156.25,1099.85,1588.55,,2193.3
2009-02-17,1731.67,2065.93,1395.01,1135.94,1076.02,1565.32,,2137.35
2009-02-18,1727.87,2056.89,1398.83,1135.49,1075.97,1568.56,,2138.85
2009-02-19,1729.11,2053.56,1394.72,1139.3,1069.79,1576.83,,2145.85
2009-02-20,1685.78,2033.79,1385.06,1125.53,1059.16,1559.4,,2106.1
2009-02-24,1660.61,2018.23,1376.65,1117.52,1036.14,1552.45,,2095.9
2009-02-25,1664.85,2031.19,1382.18,1126.95,1040.46,1562.77,,2113.1
2009-02-26,1663.63,2032.77,1385.7,1132.15,1024.6,1572.53,,2122.4
2009-02-27,1669.03,2031.12,1386.3,1125.67,1031.1,1566.76,,2112.85
2009-03-02,1629.03,1987.74,1366.14,1101.68,1008.94,1537.02,,2052.9
2009-03-03,1595.75,1958.23,1352.69,1085.72,998.08,1516.76,,2016.3
2009-03-04,1607.71,1976.69,1357.93,1098,995.88,1530.72,,2027.4
2009-03-05,1562.69,1937.22,1336.85,1083.54,976.87,1506.85,,1981.2
2009-03-06,1568.48,1934.16,1339.2,1090.87,970.08,1515.13,,2002.4
2009-03-09,1537.91,1918.83,1321.92,1075.28,939.82,1494.1,,1966.85
2009-03-12,1560.97,1947.6,1330.98,1094.21,946.43,1512.89,,1994.4
2009-03-13,1614.86,1989.22,1337.95,1120.25,963.46,1543.73,,2064.6
2009-03-16,1659.59,2043.12,1361.27,1135.34,987.5,1561.96,,2114.8
2009-03-17,1649.59,2054.57,1357.13,1128.03,979.68,1553.59,,2104.05
2009-03-18,1668.21,2107.81,1365.61,1134.13,980.81,1564.21,,2134.9
2009-03-19,1679.08,2120.51,1367.49,1140.81,982.8,1570.74,,2145.25
2009-03-20,1662.54,2083.42,1371.09,1148.12,975.85,1573.09,,2139.7
2009-03-23,1736.4,2152.13,1396.15,1175.88,1007,1614.78,,2230.55
2009-03-24,1734.68,2147.93,1400.03,1171.91,1010.98,1620.27,,2224.25
2009-03-25,1752.46,2162.23,1395.63,1176.67,1017.81,1624.02,,2255.6
2009-03-26,1790.45,2133.8,1412.52,1204.86,1035.59,1663.75,,2314.2
2009-03-27,1825.7,2163.15,1441.83,1227.07,1071.88,1685.53,,2343.7
2009-03-30,1763.42,2138.37,1433.19,1200.98,1031.68,1674.57,,2259.5
2009-03-31,1793.01,2173.87,1458.78,1222.96,1053.71,1708.91,,2294.85
2009-04-01,1798.86,2158.66,1459.48,1229.19,1074.05,1698.13,,2324.75
2009-04-02,1846.54,2198.3,1491.05,1268.17,1125.33,1724.02,,2429.05
2009-04-06,1859.07,2198.4,1498.34,1274.4,1164.93,1726.94,,2473.3
2009-04-08,1884,2261.32,1533.92,1315.16,1194.98,1757.54,,2537.55
2009-04-09,1901.09,2248.29,1537.23,1316.21,1235.39,1763.16,,2545.95
2009-04-13,1919.17,2256.13,1567.89,1332.09,1282.4,1785.47,,2598.95
2009-04-15,1969.69,2311.38,1610.12,1370.93,1342.21,1818.76,,2691.3
2009-04-16,1912.43,2274.13,1592.19,1342.66,1274.19,1814.01,,2593.9
2009-04-17,1929.32,2285.42,1601.26,1353.06,1283.38,1822.99,,2612.6
2009-04-20,1948.59,2308.31,1608.98,1369.21,1292.78,1828.66,,2621.7
2009-04-21,1935.2,2296.75,1610.24,1364.13,1284.05,1834.93,,2612.65
2009-04-22,1918.79,2266.24,1593.97,1348.81,1252.29,1822.37,,2584.9
2009-04-23,1959.98,2295.85,1617,1382.44,1282.18,1836.21,,2646
2009-04-24,1993.97,2315.28,1640.81,1393.54,1306.43,1854.23,,2689.95
2009-04-27,1975.89,2300.94,1637.29,1391.4,1287.83,1855.89,,2674.75
2009-04-28,1898.35,2253.22,1604.15,1358.43,1233.36,1832.09,,2588.4
2009-04-29,1949.76,2296.32,1635.06,1389.58,1251.56,1864.26,,2662.95
2009-05-04,2010.87,2353.98,1679.72,1456.25,1314.07,1899.72,,2788.05
2009-05-05,2041.79,2350.73,1688.61,1451.05,1341.79,1898.32,,2808.65
2009-05-06,2009.84,2325.59,1667.88,1442.57,1319.26,1889.1,,2778.3
2009-05-07,2040.61,2343.43,1689.27,1462.74,1368.86,1906.55,,2831.55
2009-05-08,2025.03,2333.86,1688.76,1447.14,1362.9,1905.32,,2795.95
2009-05-11,2003.96,2298.64,1673.4,1428.86,1338.48,1888.55,,2748.65
2009-05-12,2048.92,2334.2,1696.01,1448.01,1363.89,1899.33,,2825.5
2009-05-13,2037.03,2318.67,1690.58,1438.07,1362.96,1902.8,,2799.05
2009-05-14,2033.7,2325.97,1699.29,1439.98,1375.13,1908.5,,2786.05
2009-05-15,2060.85,2348.89,1725.73,1476.4,1391.99,1924.95,,2833.65
2009-05-18,2348.3,2657.25,1907.45,1666.91,1597.69,2106.31,,3293.35
2009-05-19,2368.52,2632.34,1915.64,1643.61,1622.7,2037.13,,3309.05
2009-05-20,2411.02,2696.37,1971.83,1692.85,1746.75,2072.19,,3341.65
2009-05-21,2395.29,2669.72,1986.49,1674.63,1759.11,2090.66,,3327.65
2009-05-22,2420.16,2681.07,1994.79,1681.1,1786.11,2096.08,,3355.05
2009-05-25,2465.49,2711.07,2015.87,1696.63,1845.41,2133.23,,3401.7
2009-05-26,2393.57,2619.88,1969.48,1658.94,1788.82,2116.21,,3309.7
2009-05-27,2461.46,2664.85,2020.23,1708.28,1859.39,2159.71,,3442.3
2009-05-28,2470.92,2667.23,2025.82,1710.63,1884.17,2156.32,,3487.7
2009-05-29,2507.13,2707.99,2067.06,1743.19,1952.9,2174.28,,3579.9
2009-06-01,2568.37,2786.31,2114.49,1791,2014.84,2214.17,,3654.2
2009-06-02,2575.92,2775.55,2111.91,1803.85,2027.2,2221.14,,3641.5
2009-06-03,2579.71,2814.53,2142.09,1825.72,2064.72,2253.75,,3656.5
2009-06-04,2622.41,2876.03,2169.6,1844.21,2080.87,2283.82,,3708.1
2009-06-05,2626.72,2886.41,2175.53,1859.39,2075.85,2292.44,,3710.5
2009-06-08,2515.28,2775.58,2102.43,1803.98,1927.73,2237.67,,3562.7
2009-06-09,2592.92,2824.72,2156.54,1869.41,1973.45,2279.01,,3661.25
2009-06-10,2666.73,2866.07,2174.72,1909.52,1987.22,2308.45,,3732.8
2009-06-11,2676.82,2866.9,2155.46,1894.09,1998.89,2293.9,,3711.1
2009-06-12,2621.09,2829.81,2127.25,1876.32,1965.11,2275.93,,3664.9
2009-06-15,2607.76,2790.42,2112.23,1856.47,1926.38,2264.78,,3594.25
2009-06-16,2653.37,2836.09,2133.89,1871.92,1977.23,2270.83,,3639.4
2009-06-17,2557.81,2752.11,2074.25,1802.98,1878.77,2230.69,,3504.3
2009-06-18,2509.87,2693.28,2021.68,1754.63,1799.6,2199.78,,3412.45
2009-06-19,2560.42,2718.28,2049.02,1785.32,1841.71,2227.47,,3458.85
2009-06-22,2537.77,2691.12,2032.21,1766.05,1823.98,2211.86,,3408.1
2009-06-23,2542.84,2686.48,2031.78,1762.86,1819.16,2211.25,,3420.45
2009-06-24,2603.56,2734.96,2064.77,1800.61,1858.38,2246.6,,3467.1
2009-06-25,2589.61,2704.58,2050.97,1784.47,1836.95,2235.13,,3433.15
2009-06-26,2642.36,2737.54,2086.25,1818.62,1877.34,2253.25,,3521.85
2009-06-29,2671.26,2771.11,2089.99,1816.76,1904.06,2248.83,,3555.3
2009-06-30,2624.67,2713.4,2057.21,1785.31,1847.03,2234.28,,3469.7
2009-07-01,2670.77,2748.57,2067.28,1798.48,1863.97,2241.8,,3503.65
2009-07-02,2671.78,2753.79,2079.08,1818.42,1885.81,2258.91,,3526.7
2009-07-03,2715.65,2773.15,2094.27,1831.85,1900.19,2278.26,,3568.05
2009-07-06,2531.12,2660.83,2037.81,1772.64,1788.11,2224.2,,3374.15
2009-07-07,2559.51,2700.29,2067.88,1803.89,1787.12,2252.38,,3382.8
2009-07-08,2475.03,2674.6,2035.88,1778.11,1717.69,2223.77,,3295.1
2009-07-09,2499.9,2706.41,2041.47,1788.33,1719.62,2232.96,,3306.05
2009-07-10,2439.64,2667.34,2017.19,1767.83,1686.35,2222.93,,3244.9
2009-07-13,2378.09,2647.6,1980.1,1736.43,1628.14,2188.73,,3198.5
2009-07-14,2498.3,2732.22,2040.79,1798.17,1697.59,2236.08,,3313.1
2009-07-15,2604.64,2805.25,2104.04,1855.1,1793.26,2272.79,,3435.7
2009-07-16,2591.11,2805.76,2120.11,1856.59,1796,2280.31,,3442.55
2009-07-17,2664.49,2858.24,2162.65,1913.48,1838.91,2320.57,,3542.2
2009-07-20,2729.13,2911.78,2218.96,1985.15,1884.8,2360.87,,3630.95
2009-07-21,2714.57,2900.74,2217.86,1986.65,1892.96,2367.84,,3602.95
2009-07-22,2673.98,2862.14,2215.78,1956.33,1872.79,2360.32,,3565
2009-07-23,2734.13,2936.16,2273.75,2003.17,1922.69,2408.14,,3646.25
2009-07-24,2756.26,2962.57,2304.96,2026.94,1972.38,2438.33,,3689.65
2009-07-27,2783.16,2991.15,2337.89,2045.93,2000.98,2487.91,,3708
2009-07-28,2806.65,2985.71,2351.22,2057.77,2023.49,2494.06,,3726.15
2009-07-29,2788.61,2956.08,2319.76,2026.25,1998.12,2461.47,,3685.65
2009-07-30,2823.21,2980.26,2342.36,2053.31,2017.41,2472.13,,3721.35
2009-07-31,2832.97,2993.48,2369.05,2081.65,2039.37,2496.08,,3764.1
2009-08-03,2891.1,3013.32,2400.05,2103.88,2088.39,2511.72,,3823.8
2009-08-04,2883.29,3019.31,2407.15,2097.32,2098.08,2511.09,,3806.2
2009-08-05,2883.1,3008.54,2413.46,2118.94,2097.97,2517.11,,3827.3
2009-08-06,2809.26,2948.85,2365.99,2069.35,2049.47,2474.93,,3742.55
2009-08-07,2747.62,2900.78,2332.74,2029.92,2007,2445.55,,3663.6
2009-08-10,2691.29,2842.47,2295.2,2016.6,1970.95,2418.25,,3625
2009-08-11,2720.29,2857.77,2309.36,2025.81,1991.58,2423.49,,3647.75
2009-08-12,2722.62,2862.23,2313.83,2013.47,1987.18,2428.93,,3641
2009-08-13,2824.1,2947.18,2388.05,2076.19,2077.33,2487.08,,3758.15
2009-08-14,2817.45,2921.07,2376.78,2067.39,2090.45,2481.39,,3749.6
2009-08-17,2700.26,2823.09,2296.61,1994.41,1991.14,2419.05,,3606.25
2009-08-18,2766.56,2865.41,2321.45,2015.29,2043.39,2437.27,,3665.75
2009-08-19,2725.75,2827.39,2295.49,1973.63,2007.97,2416.22,,3607.05
2009-08-20,2759.1,2870.21,2316.5,2000.06,2030.97,2436.33,,3650.9
2009-08-21,2796.7,2896.29,2344.13,2032.77,2059.43,2461.01,,3701.05
2009-08-24,2856.02,2944.27,2393.2,2078.86,2121.86,2499.91,,3779.55
2009-08-25,2855.22,2941.32,2399.67,2093.68,2129.04,2512.54,,3794.5
2009-08-26,2874.74,2952.95,2416.64,2108.26,2146.4,2533.43,,3820.75
2009-08-27,2869.75,2957.93,2406.8,2109.15,2154.47,2530.73,,3831.9
2009-08-28,2900.6,2976.26,2427.75,2122.88,2165.1,2542.35,,3864.4
2009-08-31,2912.61,2986.12,2430.4,2111.41,2165.02,2536.58,,3840.25
2009-09-01,2892.1,2977.27,2411.27,2091.39,2131.87,2524.24,,3803.2
2009-09-02,2887.47,2974.7,2402.17,2090.34,2128,2517.41,,3788.95
2009-09-03,2895.41,2969.34,2410.14,2089.85,2146.09,2517.5,,3784.45
2009-09-04,2928.81,3004.94,2440.53,2120.48,2173.88,2544.45,,3837.8
2009-09-07,2987.07,3041.87,2486.37,2152.76,2225.59,2572.38,,3924.1
2009-09-08,2982.78,3023.72,2480.36,2151.12,2240.13,2571.35,,3929.65
2009-09-09,2982.3,3010.8,2478.9,2141.88,2246.1,2563.52,,3925.4
2009-09-10,2977.23,2999.51,2472.27,2144.29,2242.64,2570.68,,3922.35
2009-09-11,2965.34,2978.76,2461.75,2140.16,2275.91,2556.69,,3914.05
2009-09-14,2980.58,2977.09,2454.08,2133.14,2292.02,2549.5,,3908.95
2009-09-15,3051.68,3035.39,2501.88,2163.6,2350.97,2582.77,,3973
2009-09-16,3101.36,3065.65,2525.17,2196.98,2396.08,2607.98,,4019.3
2009-09-17,3095.51,3066.89,2529.19,2215.07,2395.14,2613.45,,4023.1
2009-09-18,3109.97,3082.36,2546.09,2230.85,2395.81,2625.38,,4045.25
2009-09-22,3151.45,3112.44,2563.51,2245.28,2416.43,2636.84,,4069.25
2009-09-23,3115.3,3091.62,2537.64,2220.52,2405.56,2617.94,,4028.3
2009-09-24,3133.37,3098.66,2548.08,2225.25,2417.79,2629.43,,4040.9
2009-09-25,3152.39,3125.33,2565.96,2213.29,2419.4,2661.34,,4041.35
2009-09-29,3162.99,3139.29,2586.71,2236.85,2438.73,2687.87,,4072.05
2009-09-30,3209.09,3159.13,2597.73,2250.95,2490.26,2703.63,,4118.65
2009-10-01,3183.1,3145.35,2590.89,2254.7,2463.41,2699.34,,4119.05
2009-10-05,3123.48,3120.48,2567.71,2239.28,2405.24,2675.87,,4046.7
2009-10-06,3129.45,3127.15,2570.73,2245.8,2405.18,2683.46,,4047.95
2009-10-07,3160.63,3125.91,2584.15,2245.53,2429.03,2697.53,,4042.95
2009-10-08,3190.66,3138.59,2602.84,2248.7,2460.7,2712.81,,4059.5
2009-10-09,3162.33,3121.57,2586.16,2231.5,2431.11,2696.79,,4029.55
2009-10-12,3224.27,3161.92,2629.96,2269.35,2460.48,2732.62,,4100.05
2009-10-14,3298.55,3197.66,2670.07,2311.74,2501.38,2755.19,,4159.6
2009-10-15,3312.34,3209.59,2676.44,2304.38,2520.41,2749.13,,4165.45
2009-10-16,3346.8,3218.64,2689.01,2302.59,2543.39,2751.42,,4194.95
2009-10-17,3361.38,3227.84,2704.21,2315.91,2549.21,2775.89,,4207.05
2009-10-20,3366.73,3212.09,2699.78,2310.8,2583.11,2763.45,,4193.2
2009-10-21,3314.01,3167.22,2677.9,2285.72,2548.72,2744.73,,4153.1
2009-10-22,3253.18,3126.43,2655.51,2265.18,2502.53,2726.86,,4089.8
2009-10-23,3301.1,3156.25,2686.09,2290,2519.33,2759.74,,4104.75
2009-10-26,3273.59,3131.98,2674.96,2279.7,2476.33,2759.64,,4067.75
2009-10-27,3161.33,3059.71,2604.22,2233.31,2368.27,2711.5,,3960.2
2009-10-28,3175.86,3072.91,2609.47,2236.21,2346.54,2711.13,,3949.3
2009-10-29,3104.03,3030.93,2595.04,2232.51,2296.96,2686.59,,3882.85
2009-10-30,3086.27,3014.93,2593.37,2217.94,2287.98,2687.35,,3853.15
2009-11-03,2976.74,2917.58,2533.72,2153.79,2185.75,2649.79,,3727.45
2009-11-04,3089.8,3001.68,2582.93,2194.91,2242.69,2691.96,,3836.2
2009-11-05,3166.88,3072.62,2633.35,2220.38,2293.26,2725.46,,3899.75
2009-11-06,3247.76,3116.22,2660.07,2230.48,2339.97,2734.89,,3950.45
2009-11-09,3330.43,3192.02,2703.76,2258.05,2392.61,2764.65,,4026.8
2009-11-10,3314.04,3173.44,2690.15,2250.99,2380.58,2755.14,,4034.7
2009-11-11,3398.38,3263.79,2740.52,2304.45,2438.75,2797.75,,4130.9
2009-11-12,3347.83,3233.45,2716.41,2293.49,2402.01,2777.91,,4084.1
2009-11-13,3369.66,3255.25,2727.88,2323.2,2410.42,2787.3,,4114.45
2009-11-16,3410.3,3289.37,2754.95,2346.57,2435.6,2805.93,,4162.25
2009-11-17,3410.46,3292.89,2755.25,2358.27,2440.55,2809.99,,4160.85
2009-11-18,3421.93,3303.58,2764.95,2366.29,2458.32,2816.16,,4164.9
2009-11-19,3355.03,3246.89,2732.95,2334.85,2412.14,2790.53,,4109.45
2009-11-20,3384.51,3271.56,2745.19,2352.28,2466.88,2809.76,,4147.6
2009-11-23,3393.11,3288.72,2762.96,2373.58,2472.12,2841.15,,4180.8
2009-11-24,3411.49,3299.67,2784.39,2372.66,2488.6,2852.06,,4178.9
2009-11-25,3416.87,3303,2801.94,2388.47,2505.46,2862.12,,4184.6
2009-11-26,3359.63,3246.52,2779.56,2365.85,2467.8,2840.7,,4121.35
2009-11-27,3319.21,3229.33,2757.58,2336.87,2434.96,2817.02,,4069.05
2009-11-30,3380.42,3271.72,2782.18,2372.44,2476.57,2846.08,,4145.45
2009-12-01,3429.99,3338.59,2808.87,2397.83,2532.29,2873.17,,4216.4
2009-12-02,3432.28,3342.2,2823.71,2397.19,2546.66,2882.61,,4224.1
2009-12-03,3464.58,3367.86,2840.37,2409.32,2556.23,2889.23,,4247.15
2009-12-04,3464.77,3347.62,2844.25,2409.92,2561.66,2899.85,,4238.85
2009-12-07,3424.57,3327.78,2828.95,2395.98,2536.53,2887.24,,4199.7
2009-12-08,3457.87,3361.16,2857.74,2424.37,2582.16,2910.75,,4255
2009-12-09,3435.04,3363.17,2854.81,2425.63,2560.71,2906.5,,4238.7
2009-12-10,3444.92,3351.27,2852.18,2418.92,2591.83,2903.65,,4258.25
2009-12-11,3426.39,3346.68,2846.54,2423.89,2558.25,2898.33,,4242.9
2009-12-14,3408.93,3350.36,2828.4,2425.89,2530.22,2889.84,,4231.35
2009-12-15,3356.38,3301.44,2807.88,2412.03,2495.1,2874.74,,4173.15
2009-12-16,3356.97,3322.22,2808.25,2420.88,2507.02,2877.7,,4177.3
2009-12-17,3382.97,3346.03,2822.49,2439.73,2525.33,2899.41,,4189.45
2009-12-18,3350.89,3338.47,2808.81,2429.47,2508.13,2896.92,,4153.05
2009-12-21,3317.45,3310.59,2797.09,2418.6,2494.04,2887.94,,4132.35
2009-12-22,3350.99,3336.94,2823.35,2436.3,2527.68,2899.34,,4168.6
2009-12-23,3419.4,3396.81,2858.17,2486.52,2578.68,2943.6,,4274.85
2009-12-24,3427.79,3420.54,2873.61,2503.87,2595.63,2957.38,,4300.35
2009-12-29,3436.48,3431.83,2872.01,2501.47,2606.02,2957.6,,4310.25
2009-12-30,3451.61,3445.28,2886,2503.75,2617.24,2957.98,,4306.85
2009-12-31,3476.84,3465.99,2908.07,2515.14,2627.95,2967.71,,4329.1
2010-01-04,3521.89,3513.62,2930.34,2543.31,2684.96,2984.22,,4367.65
2010-01-05,3554.25,3534.53,2950.38,2566.41,2742.98,3007.21,,4416.05
2010-01-06,3565.81,3527.5,2968.2,2566.1,2755.9,3018.56,,4422.65
2010-01-07,3561.3,3515.95,2970.71,2549.58,2756.29,3009.18,,4411.55
2010-01-08,3543.29,3506.45,2965.36,2534.43,2742.54,3013.79,,4405.3
2010-01-11,3565.4,3527.42,2996.75,2559.58,2777.02,3043.57,,4432.5
2010-01-12,3568.08,3536.48,2972.01,2554.64,2722.93,3021.89,,4391.7
2010-01-13,3585.74,3559.28,2989.31,2586.67,2739.03,3046.78,,4415.6
2010-01-14,3628.48,3577.68,3012.34,2605.89,2755.29,3065.53,,4450.45
2010-01-15,3622.22,3586.44,3026.87,2601.35,2763.94,3075.67,,4468.15
2010-01-18,3619.34,3601.47,3040.54,2605.9,2790,3087.06,,4499.6
2010-01-19,3597.37,3579.78,3019.48,2579.06,2778.79,3057.98,,4469.3
2010-01-20,3621.99,3584.58,3021.34,2582.18,2767.01,3061.28,,4453.65
2010-01-21,3532.37,3510.78,2963.93,2532.67,2700.06,3010.89,,4343.25
2010-01-22,3493.7,3493.83,2940.77,2514.81,2674.99,2994.26,,4310.75
2010-01-25,3452.14,3411.68,2914.76,2496.26,2645.86,2978.84,,4278.55
2010-01-27,3277.36,3231.75,2830.89,2422.62,2530.82,2918.72,,4125.5
2010-01-28,3301.86,3260.62,2837.67,2432.44,2531.18,2918.7,,4137.5
2010-01-29,3304.75,3260.39,2848.03,2423.39,2559.45,2920.02,,4156.05
2010-02-01,3373.69,3313.44,2894.77,2464.85,2604.54,2962.94,,4196.3
2010-02-02,3335.95,3282.29,2869.3,2441.27,2571.99,2950.88,,4138.25
2010-02-03,3402.62,3347.45,2899.76,2480.09,2612.08,2987.39,,4212.1
2010-02-04,3331.19,3272.67,2858.71,2436.87,2550.43,2964.46,,4139.7
2010-02-05,3232.35,3209.25,2818.66,2387.05,2480.25,2913.54,,4023.65
2010-02-06,3278.25,3250.51,2850.49,2413.69,2510.61,2942.91,,4066.85
2010-02-08,3270.72,3243.97,2841.52,2407.7,2508.8,2928.96,,4067.3
2010-02-09,3309.86,3276.04,2866.47,2428.35,2520.61,2945.83,,4104
2010-02-10,3294.65,3273.42,2871.46,2422.4,2515.12,2948.06,,4079.7
2010-02-11,3346.05,3328.77,2895.08,2450,2535.35,2973.37,,4123.6
2010-02-15,3337.05,3338.46,2886.9,2450.59,2515.21,2966.93,,4096.2
2010-02-16,3356.15,3369,2895.76,2473.26,2542.4,2984.3,,4134.65
2010-02-17,3392.42,3398.54,2915.61,2488,2584.33,2998.18,,4171.55
2010-02-18,3363,3370.71,2911.23,2481.24,2588.56,2987.73,,4145.85
2010-02-19,3302.97,3343.97,2889.92,2463.11,2555.48,2968.17,,4102.7
2010-02-22,3284.5,3344.37,2892.14,2463.4,2555.41,2964.02,,4094.25
2010-02-23,3262.82,3319.69,2872.62,2463.79,2528.36,2957.69,,4089.7
2010-02-24,3244.22,3304.71,2861.68,2456.93,2514.77,2935.92,,4080.65
2010-02-25,3221.04,3265.18,2836.93,2457.36,2494.27,2919.98,,4072.35
2010-02-26,3277.25,3323.38,2885.58,2477.48,2533.29,2957.2,,4127.55
2010-03-02,3365.74,3418.31,2933.94,2525.85,2569.91,3000,,4192.3
2010-03-03,3424.85,3469.57,2964.9,2548.39,2610.3,3030.4,,4249.85
2010-03-04,3465.44,3479.46,2986.81,2569.14,2635.61,3039.41,,4262.35
2010-03-05,3481.61,3489.68,2997.34,2577.42,2659.63,3053.9,,4270.25
2010-03-08,3504.44,3525.4,3031.7,2607.81,2676.68,3084.03,,4287.75
2010-03-09,3481.01,3508.14,3022.81,2602.17,2644.21,3077.76,,4252.4
2010-03-10,3473.03,3501.55,3018.78,2604.2,2638.75,3082.33,,4253.8
2010-03-11,3460.79,3491.64,3023.35,2610.44,2615.34,3088.93,,4252.85
2010-03-12,3465.67,3499.13,3028.78,2611.33,2622.08,3081.53,,4253.35
2010-03-15,3447.66,3485.44,3022.23,2610.07,2607.83,3076.44,,4233.4
2010-03-16,3490.29,3521.51,3037.52,2629.69,2641.11,3095.96,,4273.65
2010-03-17,3513.27,3530.34,3042.11,2644.72,2642.44,3113.69,,4304.2
2010-03-18,3527.12,3521.41,3046.11,2644.67,2643.59,3121.77,,4306.6
2010-03-19,3534.67,3523.67,3057.83,2654.85,2642.94,3141.23,,4324
2010-03-22,3496.54,3487.47,3040.45,2640.26,2608.96,3131.88,,4278.75
2010-03-23,3511.4,3479.1,3049.26,2649.4,2610.94,3140.01,,4287.3
2010-03-25,3531.84,3503.43,3064.07,2664.22,2604.21,3157.48,,4293.7
2010-03-26,3554.92,3537.08,3071.35,2672.45,2632.13,3157.5,,4312.95
2010-03-29,3542.25,3535.74,3082.87,2674.5,2672.23,3165.09,,4320.95
2010-03-30,3526.17,3506.02,3076.62,2659.22,2688.87,3161.01,,4313.2
2010-03-31,3529.18,3514.83,3090.07,2668.01,2689.58,3165.39,,4313.25
2010-04-01,3579.97,3547.99,3101.74,2681.04,2705.36,3175.73,,4345.2
2010-04-05,3629.15,3603.48,3139.96,2703.19,2742.64,3218.12,,4403.9
2010-04-06,3629.89,3587.33,3131.59,2690.73,2770.15,3221.05,,4410.3
2010-04-07,3648.02,3594.48,3155.89,2698.3,2786.81,3228.03,,4424.95
2010-04-08,3625.21,3579.63,3145.06,2684.09,2766.93,3214.09,,4381.7
2010-04-09,3650.73,3584.82,3154.19,2688.22,2789.74,3226.42,,4410.05
2010-04-12,3639.5,3578.14,3151.92,2690.86,2782.66,3218.1,,4394.7
2010-04-13,3636.51,3590.62,3147.5,2692.93,2771.13,3214.1,,4383.35
2010-04-15,3625.74,3592.14,3151.42,2695.19,2761.67,3217.17,,4359.4
2010-04-16,3604.37,3577.96,3160.03,2698.97,2761.22,3213.54,,4342.25
2010-04-19,3575.35,3544.72,3129.23,2660.96,2727.17,3179.15,,4290.2
2010-04-20,3610.7,3560.63,3156.13,2665.14,2768.78,3193.17,,4319.75
2010-04-21,3640.2,3607.3,3176.87,2684.66,2785.78,3201.96,,4344.4
2010-04-22,3639.12,3625.56,3180.76,2687.56,2792.41,3208.81,,4356.6
2010-04-23,3650.85,3631.52,3191.87,2682.58,2808.83,3218.06,,4369
2010-04-26,3681.8,3655.87,3205.06,2691.4,2842.93,3224.18,,4383.8
2010-04-27,3649.56,3645.75,3195.8,2685.95,2834.58,3220.25,,4378.3
2010-04-28,3594.32,3595.73,3167.75,2661.55,2790.73,3197.65,,4315.1
2010-04-29,3628.01,3626.65,3173.61,2656.41,2813.86,3190.2,,4338.25
2010-04-30,3659.35,3645.38,3208.72,2670.98,2851.91,3216.44,,4368.1
2010-05-03,3616.14,3598.67,3197.84,2647.56,2835.23,3199.19,,4341.25
2010-05-04,3549.55,3548.65,3159.3,2613.37,2779.4,3165.99,,4277.85
2010-05-05,3541.19,3561.33,3160.38,2614.5,2795.58,3172.88,,4271.5
2010-05-06,3551.96,3543.72,3156.76,2591.28,2791.67,3171.37,,4256.75
2010-05-07,3448.29,3442.1,3105.21,2551.6,2723.98,3133.15,,4182.25
2010-05-10,3545.51,3556.36,3155.38,2613.5,2782.45,3176.31,,4298.6
2010-05-11,3491.99,3519.24,3132.45,2582.61,2758.22,3159.24,,4250
2010-05-12,3506.77,3544.14,3147.04,2592.75,2765.46,3178.9,,4263.9
2010-05-13,3532.84,3579.77,3164.62,2608.9,2774.93,3188.39,,4290.6
2010-05-14,3489.75,3541.31,3154.5,2590,2755.6,3170.3,,4236.65
2010-05-17,3465.21,3516.22,3147.71,2590.77,2750.93,3156.35,,4213.25
2010-05-18,3469.84,3519.44,3163.84,2589.26,2755.7,3171.97,,4217.4
2010-05-19,3353.69,3415.05,3110.6,2533.87,2686.91,3130.74,,4106.4
2010-05-20,3360.12,3422.13,3119.3,2537.01,2688.44,3141.51,,4133.45
2010-05-21,3307.06,3379,3097.78,2520.41,2660.73,3131.39,,4101.6
2010-05-24,3311.51,3376.37,3094.7,2534.04,2664.75,3132.56,,4110.8
2010-05-25,3190.67,3262.21,3026.22,2464.63,2591.55,3079.34,,4001.9
2010-05-26,3246.45,3329.02,3051.61,2508.99,2610.04,3113.54,,4070.55
2010-05-27,3273.95,3365,3067.2,2536.72,2641.43,3152.01,,4125.75
2010-05-28,3340.93,3425.8,3126.44,2585.45,2675.63,3190.56,,4186.8
2010-05-31,3384.99,3471.2,3163.92,2600.36,2709.77,3221.24,,4226.6
2010-06-01,3332.71,3404.51,3140.23,2566.56,2669.52,3198.31,,4149.1
2010-06-02,3360.13,3435.84,3164.62,2591.69,2693.98,3221.99,,4189.75
2010-06-03,3406.76,3491.53,3197.4,2626.72,2725.34,3255.64,,4253.15
2010-06-04,3398.73,3494.91,3214.56,2635.67,2730.48,3270.55,,4263.45
2010-06-07,3335.79,3421.1,3180.53,2607.7,2684.87,3240.13,,4190
2010-06-08,3316.87,3393.14,3176.67,2597.69,2651.85,3231.24,,4152
2010-06-09,3320.13,3399.42,3184.65,2593.02,2661.63,3232.91,,4172
2010-06-10,3360.71,3454.45,3214.51,2625.57,2686.22,3277.67,,4228.95
2010-06-11,3385.74,3480.57,3233,2629.75,2690.41,3289.85,,4247.25
2010-06-14,3417.09,3508.53,3250.92,2656.7,2722.46,3314.71,,4299.05
2010-06-15,3437.17,3514.75,3269.34,2673.95,2719.01,3326.77,,4314.8
2010-06-16,3440.81,3525.78,3273.68,2676.65,2716.55,3331.88,,4319.95
2010-06-17,3458.51,3551.79,3285.07,2688.21,2723.43,3337.99,,4344.3
2010-06-18,3442.24,3535.69,3286.55,2690.14,2709.68,3339.23,,4328.65
2010-06-21,3494.01,3591.94,3326.83,2727.7,2745.22,3372.88,,4388.7
2010-06-22,3490.45,3569.14,3316.14,2712.7,2762.11,3361.37,,4368.7
2010-06-23,3514.99,3588.54,3333.46,2725.85,2783.65,3390.68,,4379.75
2010-06-24,3513.43,3580.25,3333.1,2723.24,2762,3395.71,,4372.35
2010-06-25,3479.4,3546.09,3320.83,2694.44,2793.8,3388.03,,4365.85
2010-06-28,3513.94,3582.59,3355.31,2719.73,2849.04,3408.47,,4429.25
2010-06-29,3485.02,3540.89,3331.5,2688.02,2823.3,3375.03,,4383.75
2010-06-30,3497.09,3550.46,3344.96,2701.69,2856.53,3390.42,,4420.7
2010-07-01,3494.88,3533.94,3335.74,2682.22,2845.42,3375.28,,4386.35
2010-07-02,3488.86,3534.56,3337.11,2678.73,2846.05,3377.41,,4382.55
2010-07-05,3500.95,3551.27,3345.06,2680.57,2846.26,3380.58,,4379.65
2010-07-06,3536.79,3586.82,3369.04,2705.54,2871.96,3398.74,,4413.7
2010-07-07,3525.82,3568.28,3358.23,2691.92,2873.94,3384.02,,4385.9
2010-07-08,3566.22,3601.87,3389.81,2707.44,2908.25,3414.65,,4424.35
2010-07-09,3586.66,3622.2,3398.11,2714.35,2940.08,3428.94,,4461.55
2010-07-12,3589.02,3644.55,3410.62,2724.84,2944.16,3430.64,,4474.7
2010-07-13,3592.95,3646.27,3417.54,2725.93,2962.43,3427.77,,4491.35
2010-07-14,3596.91,3642.93,3397.06,2714.75,2945.81,3408.79,,4479.25
2010-07-15,3617.64,3641.36,3401.27,2722.75,2919.77,3401.04,,4468.45
2010-07-16,3638.86,3685.16,3415.03,2737.31,2936.12,3407.66,,4490.05
2010-07-19,3628.73,3687.84,3423.66,2728.1,2954.3,3402.18,,4488.95
2010-07-20,3613.47,3671.65,3419.27,2721.35,2938.14,3391.27,,4474.75
2010-07-21,3636.7,3699.95,3422.87,2741.02,2949.82,3396.67,,4499.15
2010-07-22,3647.05,3717.16,3441.85,2758.62,2950.33,3405.68,,4528.65
2010-07-23,3643.1,3707.01,3435.89,2755.68,2955.71,3400.65,,4523.25
2010-07-26,3615.45,3689.51,3415.05,2750.22,2918.15,3373.3,,4497.5
2010-07-27,3628.87,3710.18,3424.41,2752.75,2929.15,3382.9,,4508.9
2010-07-28,3632.14,3699.11,3424.77,2753.84,2920.24,3384.04,,4494.6
2010-07-29,3634.85,3708.4,3418.64,2750.67,2919.56,3392.58,,4490.4
2010-07-30,3629.12,3703.65,3424.04,2743.48,2949.55,3379.1,,4475.15
2010-08-02,3669.47,3737.33,3444.59,2751.61,3002.25,3399.23,,4523.5
2010-08-03,3689.76,3749.27,3453.68,2747.46,3027.72,3405.45,,4535.85
2010-08-04,3687.96,3782.82,3477.53,2772.23,3030.63,3424.58,,4551.85
2010-08-05,3693.45,3783.76,3456.41,2767.84,3041.88,3408.62,,4543.2
2010-08-06,3703.39,3786.03,3450.41,2766.63,3033.96,3408.5,,4539.85
2010-08-09,3741.57,3828.18,3482.34,2791,3083.69,3428.12,,4579.65
2010-08-10,3727.56,3817.74,3468.33,2777.5,3066.9,3416.02,,4557.7
2010-08-11,3708.5,3795.75,3451.78,2765.27,3060.67,3407.89,,4535.4
2010-08-12,3726.56,3809.49,3458.7,2748.82,3091.88,3406.88,,4544.7
2010-08-13,3764.61,3832.41,3490.37,2768.4,3123.01,3428.56,,4576.4
2010-08-16,3764.25,3811.08,3493.77,2760.54,3133.08,3422.42,,4554.45
2010-08-17,3777.93,3826.88,3505.63,2752.44,3171.9,3428.77,,4558.5
2010-08-18,3821.27,3895.4,3544.73,2789.43,3209.52,3474.18,,4600.55
2010-08-19,3861.9,3948.05,3573.49,2807.45,3229.73,3506.15,,4631.85
2010-08-20,3867.66,3941.27,3578.68,2798.58,3221.01,3504.31,,4629.55
2010-08-23,3908.38,3954.23,3599.79,2807.16,3276.37,3523.74,,4655.75
2010-08-24,3891.39,3940.1,3593.29,2796.22,3239.3,3518.26,,4624.85
2010-08-25,3836.84,3886.58,3560.07,2777.74,3205.04,3483.83,,4582
2010-08-26,3847.05,3901.59,3565.64,2792.3,3211.87,3492.87,,4592.75
2010-08-27,3826.31,3858.95,3544.97,2763.37,3186.73,3468.04,,4550.9
2010-08-30,3828.34,3857.78,3531.77,2756.84,3180.37,3457,,4557.6
2010-08-31,3802.28,3832.41,3530.93,2752.63,3152.92,3471.16,,4537.25
2010-09-01,3841.44,3887.95,3569.37,2774.38,3209.11,3513.32,,4603.45
2010-09-02,3879.13,3907.64,3595.2,2788.63,3248.31,3520.91,,4610.95
2010-09-03,3926.94,3937.78,3623.07,2794.98,3256.33,3540.54,,4623.65
2010-09-06,3997.99,4024.77,3665.14,2824.43,3290.36,3579.68,,4693.8
2010-09-07,3988.59,4030.16,3680.46,2846.44,3286.4,3592.93,,4712.15
2010-09-08,3978.56,4035.54,3697.99,2856.05,3313.78,3594.24,,4720.75
2010-09-09,3976.25,4017.11,3696.6,2860.94,3351.87,3594.85,,4740.35
2010-09-13,4000.8,4060.71,3731.95,2885.16,3373.72,3624.82,,4813.25
2010-09-14,3998.99,4059.45,3728.3,2889.8,3350.85,3630.44,,4828.55
2010-09-15,4003.61,4092.04,3734.01,2919,3353.58,3653.63,,4861.3
2010-09-16,3980.86,4057.08,3697.85,2895.2,3328.79,3623.83,,4824.15
2010-09-17,4064.1,4108.86,3740.5,2933.4,3359.84,3659.77,,4876.5
2010-09-20,4072.96,4138.27,3782.06,2974.97,3389.07,3707.17,,4930
2010-09-21,4043.43,4141.96,3756.76,2978.24,3335.1,3707.63,,4925.95
2010-09-22,4016.57,4112.79,3733.34,2975.5,3323.18,3699.59,,4909.1
2010-09-23,4005.96,4092.72,3751.71,2983.45,3315.85,3708.65,,4891.55
2010-09-24,4048.58,4132.58,3790.95,3017.56,3342.49,3760.07,,4934.2
2010-09-27,4066.48,4145.2,3785.6,3013.01,3352.7,3749.45,,4958.4
2010-09-28,4066.22,4140.61,3771.89,3014.96,3362.63,3745.35,,4960.65
2010-09-29,4048.55,4133.86,3748.03,3002.32,3325.79,3721.58,,4926.05
2010-09-30,4030.93,4129,3754.83,3005.1,3316.77,3732.9,,4925.15
2010-10-01,4109.64,4197.05,3822.84,3062.86,3386.2,3794.3,,5018.8
2010-10-04,4142.08,4229.02,3846.1,3073.79,3424.87,3804.62,,5039.65
2010-10-05,4181.77,4266.57,3865.33,3078.47,3459.98,3803.31,,5046.7
2010-10-06,4209.86,4310.36,3902.99,3109.7,3510.95,3826.35,,5091.05
2010-10-07,4192.71,4271.1,3874.65,3083.17,3467.36,3797.99,,5052.9
2010-10-08,4164.26,4235.8,3854.82,3066.48,3451.47,3794.89,,5032.65
2010-10-11,4207.3,4287.19,3892.63,3090.09,3477.18,3810.37,,5064.95
2010-10-12,4183.17,4264.58,3873.83,3077.7,3476.04,3788.03,,5027.45
2010-10-13,4221.35,4298.98,3940.62,3133.05,3544.26,3859.41,,5121.8
2010-10-14,4199.26,4290.29,3929.43,3130.97,3521.08,3823.46,,5084.75
2010-10-15,4144.87,4224.15,3868.15,3072.11,3490.24,3763.16,,4998.7
2010-10-18,4126.48,4198.71,3856.8,3070.71,3472.71,3773.34,,5001.7
2010-10-19,4114.96,4189.88,3848.36,3063.06,3479.35,3752.86,,4975.25
2010-10-20,4114.72,4180.67,3840.63,3056.59,3494.7,3741.26,,4946.05
2010-10-21,4166.86,4226.08,3891.1,3097.16,3559.01,3799.52,,5035.9
2010-10-22,4172.1,4254.35,3910.76,3093.4,3600.6,3791.71,,5018.7
2010-10-25,4217.14,4316.04,3962.66,3116.19,3670.62,3812.99,,5046.95
2010-10-26,4238.74,4341.31,3954.96,3113.04,3659.27,3790.06,,5031.1
2010-10-27,4250.29,4351.32,3942.33,3100.12,3658.33,3751.99,,4986.7
2010-10-28,4219.71,4329.78,3920.16,3078.51,3630.97,3741.7,,4962.4
2010-10-29,4227.03,4327.2,3916.43,3070.05,3605.6,3740.41,,4972.95
2010-11-01,4304.67,4395.46,3971.38,3107.17,3682.58,3776.57,,5052.95
2010-11-02,4316.49,4392.89,3990.61,3119.34,3748.06,3785.12,,5060.85
2010-11-03,4328.99,4420.37,4022.04,3148.61,3759.29,3807.24,,5091
2010-11-04,4363.6,4463.31,4057.86,3177.92,3792.32,3862.1,,5170.75
2010-11-05,4384.19,4484.64,4075.59,3188.11,3824.51,3880.76,,5197.05
2010-11-08,4375.78,4476.62,4064.36,3190.74,3798.65,3850.44,,5174.25
2010-11-09,4420.55,4503.16,4083.96,3215.49,3821.37,3868.47,,5198.3
2010-11-10,4434.75,4525.48,4094.93,3221.39,3863.51,3857.03,,5186.15
2010-11-11,4380.71,4499.38,4063.25,3187.25,3820.17,3807.44,,5119.5
2010-11-12,4284.22,4397.73,3989.68,3131.14,3712.85,3754.67,,5012.3
2010-11-15,4314.53,4416.98,4009.63,3142.08,3729.87,3777.23,,5042.8
2010-11-16,4235.69,4332.33,3947.93,3085.85,3612.8,3709.27,,4936.1
2010-11-18,4237.85,4322.37,3946.01,3102.54,3626.95,3713.11,,4940.05
2010-11-19,4174.97,4252.49,3897.48,3053.09,3501.66,3659.62,,4850.55
2010-11-22,4259.67,4327.5,3947.71,3094.5,3554.05,3709.24,,4936.85
2010-11-23,4224.35,4298.61,3916.29,3073.13,3503.3,3673,,4877.05
2010-11-24,4189.8,4218.01,3868.34,3038.38,3461.26,3623.93,,4819.05
2010-11-25,4107.2,4142.23,3804,2993.61,3387.32,3589.88,,4742.85
2010-11-26,4019.68,4059.16,3763.23,2961.58,3272.55,3569.28,,4677.5
2010-11-29,4053.04,4072.13,3802.67,2999.22,3301.04,3613.63,,4736.45
2010-11-30,4112.94,4124.8,3837.58,3035.98,3349.7,3630.8,,4781.4
2010-12-01,4206.91,4238.33,3899.71,3080.38,3461.77,3682.33,,4876.3
2010-12-02,4242.27,4288.11,3920.47,3100.8,3502.36,3697.37,,4916.2
2010-12-03,4181.68,4220.38,3891.54,3085.31,3397.96,3688.39,,4875.8
2010-12-06,4154.82,4193.28,3864.69,3071.18,3357.47,3687.14,,4867.15
2010-12-07,4101.03,4120.36,3822.94,3050.21,3296.51,3686.98,,4844.05
2010-12-08,4006.73,4018.21,3756.9,3006.54,3201.86,3653.74,,4774.45
2010-12-09,3852.72,3860.73,3647.28,2927.17,3016.53,3582.87,,4639.1
2010-12-10,3901.37,3923.37,3706.71,2965.51,3116.74,3626.33,,4713.3
2010-12-13,3945.06,3986.13,3758.46,3000.57,3186.07,3668.12,,4765.6
2010-12-14,4002.21,4054.98,3792,3024.54,3250.94,3686.75,,4808.8
2010-12-15,3946.21,3985.98,3745.83,2999.46,3208.38,3658.39,,4760.3
2010-12-16,3952,3996.44,3767.13,3023.71,3254.63,3680.28,,4794.95
2010-12-20,3959.09,3999.7,3790.28,3049.88,3240.42,3690.28,,4792.8
2010-12-21,3982.22,4010.14,3794.41,3059.33,3266.74,3700.2,,4834.8
2010-12-22,3976.34,4022.01,3790.37,3053.54,3286.04,3682.18,,4827.7
2010-12-23,3956.1,4016.88,3780.27,3046.14,3278.76,3683.35,,4821.15
2010-12-24,3960.18,4025.91,3802.28,3056.37,3283.37,3701.67,,4839.9
2010-12-27,3946.01,4023.23,3803.05,3054.82,3272.29,3701.42,,4827.9
2010-12-28,3974.8,4025.17,3798.82,3053.72,3257.03,3708.64,,4827.55
2010-12-29,3992.53,4053.56,3833.48,3079.48,3280.14,3736.09,,4873.55
2010-12-30,4017,4075.31,3849.61,3101.95,3308.56,3758.74,,4904.65
2010-12-31,4066.85,4136.15,3887.46,3119.71,3353.71,3772.71,,4940.95
2011-01-03,4104.4,4147.07,3898.88,3130.6,3386.47,3779.53,,4967.3
2011-01-04,4083.72,4093.7,3883.27,3134.75,3363.42,3786.87,,4957.1
2011-01-05,4011.71,4027.4,3839.51,3110.32,3314.85,3761.66,,4903.1
2011-01-06,3958.36,3977.6,3801.69,3090.32,3274.06,3737.47,,4865.05
2011-01-07,3846.81,3867.22,3715.26,3013.63,3183.69,3667.92,,4750.75
2011-01-10,3757.11,3782.21,3628.76,2956.94,3103.99,3583.71,,4636.2
2011-01-11,3741.58,3773.47,3619.9,2948.36,3087.97,3577.35,,4624.95
2011-01-12,3836.73,3849.22,3677.96,2994.35,3148.59,3619.45,,4709.85
2011-01-13,3795.22,3814.6,3636.96,2959.19,3103.56,3571.74,,4639.8
2011-01-14,3734.39,3747.9,3593.45,2925.05,3057.34,3524.87,,4566.75
2011-01-17,3704.25,3727.78,3581.72,2917.97,3031.57,3532,,4553.65
2011-01-18,3738.3,3769.36,3610.11,2950.53,3049.65,3563.94,,4598.35
2011-01-19,3761.15,3788.25,3610.52,2949.12,3064.75,3530.6,,4583.85
2011-01-20,3779.94,3808.71,3626.07,2962.16,3076.94,3541.72,,4597.7
2011-01-21,3783.44,3808.27,3608.03,2942.32,3109.87,3526.21,,4592.7
2011-01-24,3811.77,3834.4,3628.83,2951.3,3141.09,3556.45,,4628.7
2011-01-25,3768.07,3798.31,3610.93,2927.71,3123.25,3536.03,,4589.5
2011-01-27,3689.24,3743.61,3556.37,2888.86,3069.43,3482.48,,4514
2011-01-28,3579.81,3648.64,3486.7,2821.47,3002.77,3423.42,,4427.5
2011-01-31,3611.75,3665.54,3499.15,2830.44,2998.77,3431.61,,4424.6
2011-02-01,3536.6,3585.73,3449.05,2779.09,2932.56,3387.19,,4352.15
2011-02-02,3534.41,3575.31,3442.15,2786.04,2933.35,3381.13,,4362.35
2011-02-03,3573.65,3617.5,3472.63,2815.43,2979.6,3416.67,,4429.9
2011-02-04,3511.41,3568.02,3422.92,2768.06,2929.52,3350.65,,4339.55
2011-02-07,3481.73,3539.8,3401.32,2754.09,2912.45,3338.28,,4332.1
2011-02-08,3386.04,3479.39,3348.75,2707.03,2848.41,3291.4,,4255.7
2011-02-09,3284.64,3387.16,3266.16,2640.7,2752.59,3250.54,,4178.3
2011-02-10,3311.26,3395.43,3268.04,2643.77,2755.21,3232.52,,4164.3
2011-02-11,3421.41,3487.81,3336.36,2684.33,2840.29,3284.22,,4240.45
2011-02-14,3553.02,3612.55,3436.7,2779.44,2952.89,3366.86,,4365.75
2011-02-15,3562.46,3656.74,3460.04,2793.84,2946.16,3378.1,,4384.6
2011-02-16,3565.83,3673.94,3467.95,2806.17,2952.34,3370.95,,4391.35
2011-02-17,3598.92,3728.75,3503.07,2825.69,2980.16,3399.75,,4440
2011-02-18,3529.18,3686.16,3456.58,2789.36,2903.78,3363.92,,4365.3
2011-02-21,3548.82,3682.45,3482.26,2814.33,2901.68,3393.49,,4403.2
2011-02-22,3506.03,3656.15,3451.71,2783.49,2861.3,3362.27,,4363.45
2011-02-23,3475.06,3649.92,3435.95,2770.06,2841.24,3343.15,,4338.75
2011-02-24,3345.14,3519.94,3331.24,2682.66,2736.43,3265.37,,4201.2
2011-02-25,3364.29,3523.16,3331.08,2693.2,2733.53,3270.21,,4226.75
2011-02-28,3388.18,3534.75,3331.62,2689.48,2756.7,3280.82,,4247.15
2011-03-01,3544.92,3674.98,3420.39,2760.76,2845.42,3375.16,,4391.75
2011-03-03,3542.66,3699.51,3437.09,2783.18,2840.27,3393.35,,4400.7
2011-03-04,3546.19,3702.34,3440.55,2786.11,2842.34,3395.77,,4403.75
2011-03-07,3504.87,3653.22,3392.59,2749.42,2793.68,3356.2,,4346.55
2011-03-08,3544.33,3691.78,3418.51,2780.77,2824.91,3379.85,,4390.6
2011-03-09,3578.72,3727.88,3441.26,2795.2,2842.43,3380.51,,4404.3
2011-03-10,3565.11,3714.93,3426.18,2785.42,2829.25,3369.18,,4382.2
2011-03-11,3535,3686.49,3405.58,2764.72,2804.13,3347.73,,4343.7
2011-03-14,3566.11,3708.12,3431.24,2792.05,2828.42,3388.87,,4399.65
2011-03-15,3515.93,3664.1,3382.72,2745.24,2782.46,3342.2,,4334.7
2011-03-16,3572.78,3707.41,3417.18,2781.54,2821.94,3367.22,,4386.45
2011-03-17,3568.55,3706.82,3408.83,2763.76,2810.28,3343.41,,4346.9
2011-03-18,3535.1,3680.55,3388.31,2737.48,2778.45,3306.84,,4298.4
2011-03-21,3527.69,3675.06,3390.81,2730.78,2769.39,3298.83,,4289.3
2011-03-22,3565.35,3721.02,3423.48,2751.28,2782.42,3324.54,,4326.5
2011-03-23,3599.48,3749.09,3447.4,2768.37,2795.29,3355.88,,4373.35
2011-03-24,3624.08,3775.68,3459.55,2786.52,2812.42,3375.31,,4406.65
2011-03-25,3666.9,3816.7,3500.29,2827.51,2855.14,3437.64,,4493.35
2011-03-28,3692.49,3853.69,3515.8,2849.37,2882.62,3457.4,,4518.3
2011-03-29,3696.89,3868.75,3535.3,2867.31,2913.62,3483.4,,4549
2011-03-30,3750.21,3921.27,3576.71,2899.15,2966.69,3524.92,,4598.45
2011-03-31,3764.06,3932.26,3611.34,2921.05,2950.87,3548.54,,4626.45
2011-04-01,3816.43,3956.01,3615.04,2925.35,2987.63,3544.24,,4640.05
2011-04-04,3876.86,4012.96,3650.76,2963.72,3040.7,3583.9,,4707.2
2011-04-05,3918.04,4052.25,3680.33,2991.4,3085.46,3591.88,,4722.85
2011-04-06,3908.45,4062.17,3691.54,2998.1,3093.07,3587.34,,4718.6
2011-04-07,3926.31,4072.62,3682.86,2998.92,3132.76,3578,,4727.35
2011-04-08,3877.26,4022.46,3655.64,2966.34,3069.24,3558.93,,4684.5
2011-04-11,3859.07,3981.03,3630.98,2947.3,3022.54,3532.59,,4643.1
2011-04-13,3928.72,4048.84,3691.24,3005.74,3089.35,3593.44,,4730.5
2011-04-15,3931.34,4052.1,3664.94,2980.76,3093.14,3552.67,,4679.8
2011-04-18,3877.99,4001.58,3634.24,2941.52,3047.94,3511.42,,4609
2011-04-19,3916.43,4012.41,3629.94,2935.13,3061,3515.15,,4617.7
2011-04-20,3971.52,4085,3685.46,2987.68,3088.07,3568.4,,4694.7
2011-04-21,3943.89,4049.1,3693.32,2993.57,3100.74,3578.42,,4711.55
2011-04-25,3965.26,4060.72,3699.04,3006.56,3102.61,3587.26,,4708.35
2011-04-26,3954.27,4052.75,3690.83,3001.91,3103.34,3579.38,,4704.85
2011-04-27,3970.67,4048.55,3683.38,2991.78,3091.47,3564.12,,4688
2011-04-28,3941.49,4014.58,3674.94,2964.36,3062.47,3537.37,,4650.45
2011-04-29,3885.14,3958.86,3666.97,2946.23,3017.25,3526.51,,4615.3
2011-05-02,3841.89,3899.45,3626.83,2917.66,2996.1,3506.09,,4573.65
2011-05-03,3767.9,3813.67,3558.32,2862.62,2934.94,3437.01,,4472
2011-05-04,3760.48,3783.64,3532.32,2840.45,2928.07,3422.48,,4448.65
2011-05-05,3713.47,3724.7,3483.61,2813.65,2907.48,3377.78,,4390.6
2011-05-06,3801.12,3827.26,3529.25,2864.48,2966,3419.06,,4460.45
2011-05-09,3827.47,3832.66,3536.84,2865.92,2932.91,3421.04,,4464
2011-05-10,3825.85,3831.77,3536.2,2871.53,2929.67,3425.29,,4458.2
2011-05-11,3867.3,3862.06,3554.29,2893.21,2957.39,3432.74,,4480.7
2011-05-12,3803.95,3814.84,3538.39,2861.76,2927.83,3401.83,,4424.6
2011-05-13,3833.13,3848.59,3575.07,2900.11,2947.33,3429.95,,4470.35
2011-05-16,3807.5,3811.01,3550.4,2890.29,2927.07,3414.64,,4436.1
2011-05-17,3780.36,3788.4,3530.67,2879.96,2884.38,3383,,4395.95
2011-05-18,3751.97,3767.62,3523.61,2877.39,2846.7,3376.53,,4375.25
2011-05-19,3727.82,3762.86,3521.64,2877.52,2819.42,3380.37,,4372.05
2011-05-20,3760.96,3811.82,3546.72,2901.41,2844.09,3414.39,,4411.9
2011-05-23,3694.57,3757.86,3507.68,2859.39,2807.24,3354.66,,4338.25
2011-05-24,3718.89,3793.86,3530.94,2874.13,2815.04,3360.88,,4347.2
2011-05-25,3706.33,3775.99,3519.5,2860.52,2786.59,3335.43,,4317.9
2011-05-26,3738.68,3804.56,3552.95,2888.17,2794.83,3362.47,,4354.95
2011-05-27,3794.17,3836.11,3559.89,2887.5,2861.41,3387.84,,4409.8
2011-05-30,3830.68,3855.07,3577.16,2898.71,2881.65,3397.53,,4421.65
2011-05-31,3902.24,3907.19,3623,2939.17,2935.11,3440.54,,4492.9
2011-06-01,3926.9,3925.33,3643.03,2956.93,2959.86,3468.65,,4517.8
2011-06-02,3886.79,3903.63,3632.46,2938.22,2938.15,3457.74,,4482.55
2011-06-03,3871.07,3895.73,3615.84,2928.57,2928.4,3442.74,,4457.9
2011-06-06,3877.74,3909.84,3622.69,2932.69,2921.59,3451.7,,4465.5
2011-06-07,3916.9,3922.98,3629.85,2936.91,2940.68,3460.62,,4489.95
2011-06-08,3947.45,3926.41,3615.43,2926.65,2943.5,3449.58,,4473.25
2011-06-09,3948.15,3924.09,3597.54,2916.29,2923.66,3447.61,,4468.3
2011-06-10,3947.52,3917.36,3591.78,2906.55,2902.7,3436.46,,4442.8
2011-06-13,3949.94,3918.01,3594.16,2910.23,2934.77,3445.13,,4444.35
2011-06-14,3972.76,3922.8,3608.1,2928.14,2941.28,3458.84,,4460.55
2011-06-15,3946.57,3894.89,3588.14,2915.03,2919,3434.07,,4423
2011-06-16,3910.86,3850.82,3559.24,2881.18,2908.16,3407.67,,4384.65
2011-06-17,3882.98,3829.32,3529.87,2861.6,2900.86,3379.7,,4357.75
2011-06-20,3784.81,3744.68,3450.56,2810.84,2806.2,3295.94,,4263.25
2011-06-21,3766.17,3737.59,3464.68,2816.83,2785.34,3305.47,,4268.35
2011-06-22,3744.91,3717.1,3444.01,2793.28,2764.93,3304.71,,4258.5
2011-06-23,3745.62,3725.83,3460.53,2810.74,2783.56,3309.58,,4281.1
2011-06-24,3830.89,3800.14,3522.92,2873.51,2866.19,3387.03,,4392.2
2011-06-27,3866.93,3832.38,3556.34,2901.54,2912.97,3429.79,,4439.35
2011-06-28,3883.91,3864.92,3568.54,2910.76,2912.23,3443.4,,4454.35
2011-06-29,3921.28,3895.88,3597.58,2938.2,2920.06,3470.29,,4492.3
2011-06-30,3957.4,3915.36,3615.65,2958.4,2944.26,3489.2,,4522.95
2011-07-01,3954.47,3934.01,3636.55,2976.9,2960.09,3493.08,,4522.05
2011-07-04,3967.15,3984.39,3662.16,2991.66,2983.36,3509.88,,4549.15
2011-07-05,3960.46,3996.53,3650.07,2987,2976.96,3494.94,,4537.1
2011-07-06,3983.78,4012.01,3647.19,2984.13,2961.17,3491.26,,4535.3
2011-07-07,4022.75,4053.98,3702.85,3027.8,2986.75,3549.64,,4607.85
2011-07-08,3987.71,4023.99,3681.82,3001.61,2968.88,3526.74,,4554.8
2011-07-11,3983.11,4011,3669.85,2983.87,2950.44,3503.64,,4523.05
2011-07-12,3930.69,3971.01,3632.68,2942.52,2916.38,3459.8,,4459.3
2011-07-13,3999.71,4029.87,3666.51,2969.66,2953.01,3494.01,,4508.4
2011-07-14,4020.51,4042.3,3670.38,2977.72,2957.61,3496.32,,4525.5
2011-07-15,4023.34,4038.51,3664.43,2978.44,2960.58,3492.59,,4514.65
2011-07-18,4034.17,4039,3657.69,2975.24,2965.97,3489.01,,4509.75
2011-07-19,4059.68,4074.99,3682.58,2973.64,2974.6,3507.97,,4538.75
2011-07-20,4028.87,4041.4,3651.61,2939.54,2949.33,3475.33,,4498.1
2011-07-21,4014.89,4018.76,3625.35,2919.67,2923.5,3454.32,,4475.7
2011-07-22,4072.56,4067.43,3660.83,2952.34,2964.09,3500.63,,4544.3
2011-07-25,4100.38,4083.15,3673.18,2959.59,3005.82,3519.02,,4577.75
2011-07-26,4052.01,4035.68,3642.11,2933.03,2961.69,3475.95,,4504.85
2011-07-27,4076.92,4027.3,3635.7,2924.58,2950.64,3460.65,,4491.3
2011-07-28,4069.34,4008.64,3616.8,2898.62,2913.53,3425.35,,4444.9
2011-07-29,4043.56,3983.4,3602.07,2878.12,2889.34,3418.68,,4424.05
2011-08-01,4063.47,3998.64,3595.87,2870.63,2881.18,3433.17,,4440.85
2011-08-02,3990.81,3945.27,3574.85,2846.79,2841.38,3415.72,,4392.95
2011-08-03,3969.31,3902.64,3544.46,2819.35,2829.08,3388,,4359.3
2011-08-04,3933.34,3870.76,3518.6,2801.88,2836.7,3355.68,,4311.55
2011-08-05,3856.4,3811.04,3465.78,2754.44,2770.8,3297.02,,4220.5
2011-08-08,3800.57,3758.37,3440.03,2716.82,2738.84,3259.56,,4150.5
2011-08-09,3759.61,3713.26,3412.3,2685.57,2707.47,3225.31,,4107.7
2011-08-10,3849.66,3823.93,3464.92,2741.03,2746.15,3276.66,,4182.25
2011-08-11,3840.4,3800.77,3451.86,2723.19,2738.4,3258.5,,4164.75
2011-08-12,3837.67,3762.79,3426.38,2700.01,2724.15,3229.23,,4121.35
2011-08-16,3843.8,3751.21,3406.97,2676.81,2655.05,3201.42,,4081.3
2011-08-17,3850.37,3740.05,3415.15,2686.88,2637.41,3212.29,,4081.3
2011-08-18,3725.55,3639.63,3363.33,2632.37,2574.56,3159.15,,3994.15
2011-08-19,3681.29,3581.64,3319.51,2584.66,2545.65,3106.7,,3925.8
2011-08-22,3748.13,3620.65,3354.82,2610.13,2599.83,3139.04,,3970.5
2011-08-23,3811.19,3672.76,3378.37,2636.2,2620.42,3161.08,,4010.7
2011-08-24,3777.19,3632.46,3353.5,2608.16,2607.53,3134.24,,3970.1
2011-08-25,3755.21,3602.85,3341.4,2585.26,2562.95,3114.56,,3929.5
2011-08-26,3676.97,3532.39,3294.01,2547.57,2506.81,3068.46,,3851.55
2011-08-29,3779.29,3644.3,3353.94,2618.24,2578.03,3143.88,,3977.35
2011-08-30,3833.92,3698.75,3390.45,2660.63,2618.76,3172.48,,4038.35
2011-09-02,3881.69,3740.21,3417.88,2671.03,2650.92,3179.89,,4070.9
2011-09-05,3906.29,3766.1,3437.82,2690.16,2666.79,3162.41,,4063.15
2011-09-06,3919.76,3779.17,3448.39,2701.35,2678.12,3175.75,,4093.2
2011-09-07,3938.73,3812.13,3484.88,2733.93,2715.52,3222.38,,4146.4
2011-09-08,3945.3,3826.36,3483.33,2744.89,2725.12,3227.11,,4163.85
2011-09-09,3930.87,3811.04,3458.01,2720.64,2679.81,3191.58,,4098.1
2011-09-12,3848.47,3710.77,3406.94,2664.92,2633.24,3147.15,,4010.75
2011-09-13,3835.24,3711.81,3410.18,2665.27,2635.55,3143.75,,4007.1
2011-09-14,3853.66,3734.95,3435.43,2688.31,2649.77,3174.66,,4051.55
2011-09-15,3897.02,3773.17,3455.7,2710.39,2670.67,3203.11,,4097
2011-09-16,3894.65,3809.91,3455.12,2698.74,2650.74,3207.05,,4105.1
2011-09-19,3872.18,3793.89,3441.11,2687,2644.93,3185,,4072.05
2011-09-20,3942.07,3856.47,3482.76,2722.11,2667.5,3233.87,,4142.8
2011-09-21,3986.41,3882.89,3496.72,2726.55,2684.82,3234.28,,4150.55
2011-09-22,3849.09,3745.77,3402.47,2641.97,2602.24,3136.08,,3994.15
2011-09-23,3819.11,3724.07,3385.96,2622.38,2573.05,3119.19,,3952.1
2011-09-26,3765.12,3670.46,3332.79,2587.49,2539.91,3091.68,,3914.8
2011-09-27,3853.53,3746.65,3385.56,2633.53,2581.65,3150.48,,4010.05
2011-09-28,3821.19,3724.65,3376.55,2623.77,2545.2,3147.24,,3987.45
2011-09-29,3805.64,3727.67,3403.13,2639.49,2556.37,3172.4,,4024.75
2011-09-30,3790.67,3699.57,3380.69,2618.1,2532.33,3141.44,,3978.35
2011-10-03,3741.76,3649.42,3338.5,2577.29,2502.5,3093.69,,3903.2
2011-10-04,3692.52,3595.95,3309.44,2555.22,2475.57,3065.11,,3843.7
2011-10-05,3623.71,3554.41,3301.06,2540.29,2458.96,3054.01,,3821.85
2011-10-07,3688.61,3624.14,3344.38,2586.56,2491.72,3108.24,,3913.95
2011-10-10,3775.76,3683.11,3386.51,2624.75,2524.19,3143.64,,3977.9
2011-10-11,3813.29,3724.22,3398.13,2634.37,2532.3,3139.13,,3981.85
2011-10-12,3894.88,3769.95,3431.64,2694.21,2571.33,3192.16,,4068.6
2011-10-13,3885.04,3748.24,3411.15,2680.81,2557.31,3171.31,,4058.3
2011-10-14,3916.57,3772.41,3422.51,2699.76,2569.42,3192.51,,4090.7
2011-10-17,3931.21,3795.54,3420.12,2711.29,2551.72,3176.54,,4083.8
2011-10-18,3861.23,3741.82,3395.73,2664.21,2528.33,3149.02,,4023.15
2011-10-19,3925.61,3798.33,3432.18,2690.05,2563.23,3197.3,,4093.5
2011-10-20,3899.38,3765.72,3399.16,2670.38,2534.31,3177.91,,4057.35
2011-10-21,3878.63,3754.95,3385.61,2654.91,2528,3160.68,,4024.65
2011-10-24,3877.01,3773.47,3422.93,2671.87,2506.48,3187.72,,4046.65
2011-10-25,3891.24,3781.73,3438.3,2682.55,2517.84,3223.53,,4101.4
2011-10-26,3920.69,3811.37,3466,2694.81,2545.7,3239.77,,4119.05
2011-10-28,3947.14,3823.32,3506.38,2751.74,2598.55,3294.64,,4229.75
2011-10-31,3951.31,3826.13,3516.53,2755.36,2610.98,3294.94,,4215.9
2011-11-01,3945.68,3815.33,3516.57,2752.42,2579.59,3285.14,,4170.75
2011-11-02,3945.94,3806.75,3514.52,2750.41,2593.11,3284.77,,4171.4
2011-11-03,3929.48,3820.41,3521.49,2753.13,2594.15,3295.84,,4179.65
2011-11-04,3954.18,3855.46,3540.69,2775.57,2611.22,3306.15,,4201.1
2011-11-08,3942.24,3846.73,3539.29,2777.74,2608.64,3306.62,,4203.05
2011-11-09,3880.13,3813.95,3512,2760.86,2546.27,3276.05,,4147.15
2011-11-11,3838.74,3794.9,3495.59,2736.14,2513.7,3262.68,,4100.9
2011-11-14,3779.18,3773.2,3486.57,2728.71,2460.39,3261.24,,4074.55
2011-11-15,3682.89,3701.43,3428.11,2691.8,2383.85,3216.56,,3996.95
2011-11-16,3646.91,3684.25,3410.78,2671.65,2362.7,3185.7,,3965.45
2011-11-17,3601.7,3632.34,3368.11,2626.87,2327.57,3136.2,,3894.75
2011-11-18,3616.94,3624.77,3356.12,2610.73,2321.46,3124.51,,3869.05
2011-11-21,3510.28,3555.72,3303.81,2559.04,2276.31,3068.15,,3778.6
2011-11-22,3496.76,3527.43,3300.71,2574.12,2297.55,3074.82,,3800.6
2011-11-23,3434.77,3478.16,3249.77,2530.93,2246.98,3022.48,,3720.15
2011-11-24,3503.32,3521.71,3283.87,2555.63,2269.98,3052.82,,3762.85
2011-11-25,3521.99,3535.18,3276.62,2541.58,2268.48,3044.69,,3742.2
2011-11-28,3582.28,3584.2,3317.58,2589.61,2326.3,3100.81,,3839.55
2011-11-29,3564.7,3562.47,3311.76,2578.81,2303.76,3086.45,,3804
2011-11-30,3544.03,3549.55,3313.98,2574.23,2300.39,3105.7,,3811.25
2011-12-01,3564.91,3560.09,3334.16,2608.82,2321.13,3132.99,,3878.6
2011-12-02,3639.6,3617.4,3386.42,2650.18,2369.59,3184.62,,3962.1
2011-12-05,3637.27,3611.72,3374.83,2654.41,2369.48,3181.69,,3957.75
2011-12-07,3633.22,3567.85,3361.71,2656.42,2378.7,3188.02,,3970.6
2011-12-08,3566.72,3503.69,3323.05,2619.23,2324.53,3141.72,,3883.75
2011-12-09,3519.75,3460.88,3297.1,2588.7,2318.17,3103.45,,3830.85
2011-12-12,3440.68,3383.85,3253.74,2560.34,2270.69,3058.4,,3751.05
2011-12-13,3445.22,3384.41,3262.46,2560.95,2276.7,3078.3,,3767.1
2011-12-14,3411.53,3361.38,3236.56,2547.36,2247.53,3059.53,,3736.6
2011-12-15,3391.07,3352.72,3232.08,2527.98,2229.63,3059.49,,3720.2
2011-12-16,3299.97,3294.38,3195.6,2493.69,2166.37,3019.8,,3647.95
2011-12-19,3235.46,3254,3163.24,2463.25,2118.69,2997.15,,3603.8
2011-12-20,3181.41,3197.69,3112.53,2418,2060.86,2964.63,,3544
2011-12-21,3240.98,3254.56,3166.56,2463.77,2099.91,3031.29,,3640.9
2011-12-22,3288.55,3277.89,3190.92,2482.27,2125.22,3057.29,,3674.5
2011-12-23,3259.42,3251.25,3190.31,2492.5,2102.25,3055.07,,3660.55
2011-12-26,3294.38,3290.17,3219.24,2514.66,2113.67,3075.04,,3703.8
2011-12-27,3249.19,3280.61,3202.68,2502.04,2097.15,3063.6,,3680.2
2011-12-28,3196.09,3253.85,3189.09,2479.66,2063.77,3052.55,,3644.1
2011-12-29,3192.69,3244.11,3172.14,2475.44,2032.04,3022.44,,3607.6
2011-12-30,3180.22,3243.66,3177.56,2476.55,2029.54,3017.53,,3597.75
2012-01-02,3179.17,3218.66,3160.54,2473.68,2045.66,3007.79,,3602.5
2012-01-03,3260.99,3277.17,3217.7,2533.41,2114.62,3074.46,,3700.8
2012-01-04,3261.51,3261.42,3200.99,2536.14,2114.28,3062.14,,3695.05
2012-01-05,3276.84,3274.04,3201.14,2541.97,2115.53,3058.09,,3696.15
2012-01-06,3273.76,3253.23,3187.05,2522.21,2134.77,3058.53,,3694.8
2012-01-07,3283.1,3267.63,3196.69,2529.71,2149.25,3059.72,,3697.7
2012-01-09,3294.36,3262.38,3207.63,2538.04,2172.21,3069.6,,3701.3
2012-01-10,3360.51,3311.31,3236.7,2575.09,2238.41,3110.18,,3785.35
2012-01-11,3374.02,3328.39,3251.92,2584.33,2269.22,3109.84,,3805.5
2012-01-12,3387.06,3330.57,3256.65,2570.85,2289.74,3099.92,,3797.4
2012-01-13,3397.03,3334.21,3261.75,2578.51,2325.77,3116.96,,3827.2
2012-01-16,3414.95,3339.75,3257.12,2596.76,2316.36,3110.32,,3833.15
2012-01-17,3456.72,3390.02,3300.7,2629.98,2351.08,3167.51,,3900
2012-01-18,3408.17,3369.24,3273.24,2599.74,2325.29,3156.72,,3881.8
2012-01-19,3432.9,3396.33,3300.53,2613.45,2357.64,3185.42,,3931.95
2012-01-20,3416.74,3404.02,3307.47,2630.46,2390.37,3199.32,,3952.7
2012-01-23,3431.28,3416.45,3323.29,2637.43,2397.83,3212.86,,3952.7
2012-01-24,3487.77,3462.15,3346.38,2661.27,2457.26,3232.82,,4016.9
2012-01-25,3545.76,3500.14,3372.26,2690.21,2511.43,3236.76,,4051.8
2012-01-27,3574.97,3521.94,3386.92,2701.73,2517.96,3251.6,,4085.35
2012-01-30,3520.51,3478.83,3347.41,2659.81,2452.77,3200.9,,3995.8
2012-01-31,3617.1,3547.07,3407.93,2702.84,2519.6,3240.49,,4082.85
2012-02-01,3640.64,3552.19,3427.31,2731.22,2546.31,3266.61,,4117.55
2012-02-02,3677.81,3590.96,3453.31,2759.12,2564.51,3283.21,,4146.55
2012-02-03,3722.24,3620.74,3481.88,2779.29,2601.39,3324.02,,4188.45
2012-02-06,3733.18,3652.52,3506.29,2804.27,2625.19,3350.4,,4227.1
2012-02-07,3674.08,3623.66,3484.04,2790.44,2612.79,3340.25,,4199.05
2012-02-08,3722.86,3655.58,3524.43,2818.33,2641.74,3371.32,,4232.75
2012-02-09,3773.47,3685.96,3544.06,2832.86,2686.69,3393.86,,4272.4
2012-02-10,3789.83,3687.74,3563.01,2838.59,2687.71,3384.92,,4258.4
2012-02-13,3821.29,3710.03,3581.03,2845.61,2696.97,3384.7,,4264.8
2012-02-14,3842.77,3726.8,3591.45,2868.22,2749.4,3379.09,,4289.5
2012-02-15,3913.18,3776.46,3640.56,2923.12,2806.03,3421.66,,4381.45
2012-02-16,3901.66,3790.62,3653.55,2935.24,2821.86,3435.56,,4385.9
2012-02-17,3912.22,3790.64,3660.06,2948.1,2837.02,3460.22,,4414.05
2012-02-21,3940.12,3815.28,3672.72,2959.94,2866.4,3471.14,,4447.5
2012-02-22,3828.86,3724.52,3616.35,2906.36,2749.84,3432.71,,4340.85
2012-02-23,3822.31,3716.27,3610.7,2899.56,2736.03,3428.72,,4322.9
2012-02-24,3809.89,3705.45,3616.53,2892.37,2697.78,3412.69,,4284.55
2012-02-27,3748.26,3643.57,3555.65,2816.36,2595.14,3356.32,,4165.05
2012-02-28,3876.1,3735.05,3618.62,2870.32,2693.3,3403.7,,4258.5
2012-02-29,3901.19,3752.91,3651.47,2874.51,2741.48,3417.61,,4275.55
2012-03-01,3860.71,3737.45,3641.23,2859.26,2717.33,3412.4,,4243.75
2012-03-02,3846.64,3731.9,3638.64,2862.87,2727.91,3408.65,,4254.5
2012-03-03,3848.45,3733.12,3637.01,2862.28,2736.14,3403.71,,4256
2012-03-05,3794.73,3706.41,3611.34,2842.37,2703.91,3370.06,,4195.45
2012-03-06,3751.99,3686.88,3598.09,2828.17,2656.87,3354.36,,4151.4
2012-03-07,3770.53,3686.31,3592.65,2832.61,2656.82,3348.07,,4146.95
2012-03-09,3848.86,3751.03,3642.08,2884.78,2738.15,3390.21,,4238.85
2012-03-12,3891.87,3787.55,3671.89,2905.94,2768.9,3402.56,,4265.25
2012-03-13,3952.11,3817.78,3704.55,2932.51,2796.71,3434.68,,4317.65
2012-03-14,3945.33,3828.76,3716.54,2941.06,2810.65,3458.17,,4343.05
2012-03-15,3888.09,3784,3692.71,2921.11,2725.16,3429.48,,4275.75
2012-03-16,3868.73,3782.16,3666.77,2900.81,2685.6,3377.74,,4226.05
2012-03-19,3830.22,3762.06,3644.34,2882.31,2641.27,3353.3,,4177
2012-03-20,3878.87,3789.44,3653.7,2892.37,2666.78,3372.13,,4197.05
2012-03-21,3980.43,3852.16,3696.57,2929.18,2724.7,3408.94,,4270.9
2012-03-22,3883.33,3788.17,3636.7,2871.7,2647.35,3342.54,,4165.3
2012-03-23,3922.97,3828.57,3657.62,2896.33,2668.4,3371.55,,4202.25
2012-03-26,3879.55,3793.98,3615.24,2859.41,2610.63,3324.76,,4131.25
2012-03-27,3878.22,3810.89,3635.82,2886.03,2617.22,3350.59,,4168.55
2012-03-28,3829.9,3775.65,3612.76,2867.59,2580.18,3332.15,,4129.15
2012-03-29,3838.54,3787.45,3618.29,2877.98,2577.82,3330.59,,4124.45
2012-03-30,3941.61,3869.45,3698,2926.51,2661.6,3394.77,,4221.8
2012-04-02,4004.21,3917.55,3721.32,2940.41,2678.14,3400.69,,4246.95
2012-04-03,4030.62,3945.56,3742.26,2954.09,2704.06,3418.97,,4283.1
2012-04-04,4038.43,3944.28,3732.75,2943.96,2698.87,3406.41,,4262.2
2012-04-09,3983.12,3896.75,3690.33,2902.81,2647.25,3370.08,,4193.9
2012-04-10,3975.3,3879.09,3673.39,2900.15,2656.28,3374.36,,4196.7
2012-04-11,3957.89,3869.93,3666.04,2885.46,2640.42,3366.01,,4179.4
2012-04-12,3973.69,3892.02,3688.45,2911.08,2687.8,3384.55,,4216.55
2012-04-13,3962.83,3898.08,3682.56,2877.27,2649.44,3368.03,,4169.55
2012-04-16,4009.52,3930.7,3710.3,2901.58,2657.33,3372.26,,4186.7
2012-04-17,4035.26,3949.6,3732.31,2919.45,2682.73,3399.95,,4232.1
2012-04-18,4051.89,3963.37,3753.24,2938.4,2684.79,3418.42,,4242
2012-04-19,4067.12,3968.06,3778.44,2954.91,2678.42,3432.21,,4259.9
2012-04-20,4029.18,3944.27,3758.9,2942.21,2655.33,3407.11,,4226.35
2012-04-23,3966.83,3892.86,3703.93,2901.78,2591.03,3368.91,,4154.85
2012-04-24,3970.96,3885.28,3712.9,2931.65,2593.35,3366.78,,4164
2012-04-25,3979.12,3879.11,3709.55,2920.47,2566.47,3352.56,,4146.3
2012-04-26,3968.8,3855.15,3686.64,2904.93,2531.35,3334.87,,4133.15
2012-04-27,3995.04,3861.68,3689.29,2901.63,2522.15,3338.11,,4131.15
2012-04-28,4000.66,3864.77,3698.5,2910.76,2543.5,3347.47,,4147.1
2012-04-30,4030.24,3898.3,3727.79,2933.71,2564.55,3365.47,,4178.35
2012-05-02,4023.3,3887.09,3719.38,2939.99,2555.82,3356.29,,4171.3
2012-05-03,3995.8,3858.68,3689.56,2919.73,2520.04,3347.51,,4128.65
2012-05-04,3906.6,3775.31,3644.03,2884.11,2470.84,3318.31,,4050.85
2012-05-07,3924.54,3821.3,3649.35,2894.97,2499.95,3323.14,,4074.95
2012-05-08,3871.06,3774.52,3601.11,2836.33,2447.37,3287.61,,3992.55
2012-05-09,3819.61,3750.43,3598.37,2832.97,2408.1,3284.59,,3963.7
2012-05-10,3824.15,3768.72,3613.93,2833.77,2398.02,3293.43,,3959.6
2012-05-11,3816.67,3747.35,3590.23,2816.4,2375.05,3251.44,,3928.25
2012-05-14,3775.08,3715.13,3585.84,2813.05,2345.88,3256.94,,3906.9
2012-05-15,3796.21,3725.48,3593.98,2831.3,2364.9,3260.64,,3932.9
2012-05-16,3763.71,3695.16,3569.45,2788.14,2338.19,3235.47,,3871.4
2012-05-17,3765.92,3697.68,3568.41,2799.23,2337.07,3230.29,,3879.15
2012-05-18,3772.12,3673.17,3549.77,2793.73,2337.17,3233.53,,3889.05
2012-05-21,3810.19,3686.53,3550.31,2790.57,2360.69,3224.4,,3904.45
2012-05-22,3780.58,3666.27,3537.49,2781.18,2329.66,3195.53,,3869.8
2012-05-23,3766.4,3660.61,3544.23,2773.24,2314.3,3195.24,,3848.8
2012-05-24,3813.19,3697.63,3562.47,2791.32,2333.76,3227.89,,3904.85
2012-05-25,3836.61,3704.95,3567.08,2796.33,2337.34,3230.76,,3910.6
2012-05-28,3905.36,3767.04,3628.17,2833.62,2373.79,3259.27,,3961.05
2012-05-29,3905.72,3747.56,3608.91,2828.8,2359.97,3248.2,,3961.1
2012-05-30,3850.31,3708.27,3567.47,2791.6,2315.49,3234.99,,3923.85
2012-05-31,3847.92,3695.2,3586.92,2800.8,2331.64,3245.34,,3913.05
2012-06-01,3774.79,3642.93,3529.82,2765.54,2298.56,3201.1,,3851.95
2012-06-04,3750.62,3611.59,3510.12,2740.82,2311.55,3177.22,,3850.8
2012-06-05,3753.04,3603.84,3517.06,2751.65,2309.81,3183.66,,3862.55
2012-06-06,3836.7,3686.67,3570.92,2806.17,2362.12,3245.77,,3959
2012-06-07,3856.76,3691.62,3584.08,2821.37,2372.65,3254.21,,3996.5
2012-06-08,3863.18,3711.75,3593.33,2828.49,2392.39,3260.37,,4010.95
2012-06-11,3848.32,3703.41,3589.04,2813.05,2391.84,3261.11,,3998.05
2012-06-12,3866.67,3748.69,3603.03,2829.1,2424.92,3278.07,,4040.9
2012-06-13,3872.07,3755.14,3599.83,2837.09,2422.53,3290.96,,4043.75
2012-06-14,3822.8,3713.28,3582.39,2815.13,2400.23,3272.53,,3992.25
2012-06-15,3850.74,3767.65,3608.19,2845.99,2422.2,3301.31,,4047.45
2012-06-18,3803.15,3738.25,3582.47,2816.37,2382.45,3272.74,,3991.35
2012-06-19,3821.05,3757.33,3604.49,2820.82,2405.06,3298.63,,4016.45
2012-06-20,3860.1,3795.9,3632.56,2842.17,2436.86,3319.36,,4037.8
2012-06-21,3885.37,3807.74,3649.93,2863.01,2475.52,3342.17,,4074.2
2012-06-22,3874.82,3796.63,3645.9,2861.92,2468.68,3344.56,,4063.75
2012-06-25,3862.83,3791.18,3639.36,2850.91,2462.86,3327.78,,4044.75
2012-06-26,3867.73,3800.33,3643.55,2855.91,2465.36,3345.02,,4053.2
2012-06-27,3881.24,3806.3,3656.81,2866.3,2467.76,3355.98,,4069.85
2012-06-28,3888.14,3823.04,3662.17,2871.3,2462.26,3363.67,,4075.05
2012-06-29,3949.4,3881.25,3725.87,2929.6,2512.28,3428.79,,4170.65
2012-07-02,3959.33,3907.45,3731.15,2925.14,2532.97,3437.35,,4180.9
2012-07-03,3970.58,3919.69,3744.07,2934.39,2556.26,3443.58,,4196.7
2012-07-04,3971.09,3916.42,3750.49,2944.37,2570,3438.71,,4213.05
2012-07-05,4011.64,3938.45,3760.34,2954.2,2598.71,3441.77,,4236.95
2012-07-06,3979.06,3912.72,3744.21,2932.06,2588.15,3430.61,,4224.15
2012-07-09,3955.62,3877.96,3719.31,2917.98,2539.86,3402.04,,4184.15
2012-07-10,3995.91,3906.39,3746.43,2947.62,2579.63,3426.01,,4235.8
2012-07-11,3983.3,3894.92,3723.51,2925.24,2574.45,3407.07,,4210.65
2012-07-12,3960.6,3866.22,3709.32,2893.29,2561.33,3397.89,,4164.6
2012-07-13,3948.98,3860.73,3710.75,2885.27,2551.17,3404.09,,4156.75
2012-07-16,3941.7,3850.9,3698.2,2868.06,2526.33,3400.87,,4134.75
2012-07-17,3926.17,3844.44,3689.56,2858.66,2494.49,3400.47,,4123.05
2012-07-18,3951.47,3866.31,3699.35,2866.01,2496.23,3406.01,,4139.75
2012-07-19,3961.6,3875.44,3703.19,2882.99,2507.48,3407.84,,4157.3
2012-07-20,3948.1,3872.3,3704.76,2885.46,2487.88,3398.68,,4134.75
2012-07-23,3893.78,3831.92,3666.82,2841.97,2442.33,3366.03,,4069.05
2012-07-24,3895.99,3861.44,3694.76,2861.05,2446.01,3381.62,,4079.3
2012-07-25,3904.95,3860.51,3679.87,2841.98,2414.07,3373.68,,4062.4
2012-07-26,3855.39,3832.11,3638.77,2803.6,2348.65,3342.02,,4003.6
2012-07-27,3853.75,3845.84,3641.44,2798.93,2322.45,3371.49,,4028.25
2012-07-30,3900.43,3885.48,3675.54,2842.7,2380.59,3405.94,,4104.1
2012-07-31,3911.41,3895.33,3685.03,2851.03,2384.19,3431.48,,4126.45
2012-08-01,3954.98,3924.09,3713.32,2861.83,2390.46,3450.78,,4141.85
2012-08-02,3958.14,3946.17,3735.79,2874.38,2388.47,3457.38,,4138.9
2012-08-03,3952.22,3945.44,3751.38,2872.71,2382.18,3471.28,,4129.05
2012-08-06,3978.56,3968.12,3767.85,2887.45,2389.39,3481.11,,4172.45
2012-08-07,3979.9,3982.22,3778.39,2910.24,2391.59,3492.5,,4206.15
2012-08-08,3989.09,3997.91,3794.31,2917.93,2380.04,3494.52,,4201.6
2012-08-09,3997.58,4006.54,3793.53,2922.03,2347.53,3509.64,,4190.15
2012-08-10,3989.64,4022.35,3802.65,2923.11,2351.24,3512.85,,4186.95
2012-08-13,4013.67,4050.13,3822.58,2930.5,2358.82,3529.79,,4213.25
2012-08-14,4034.87,4072.22,3845.14,2949.3,2364.86,3536.85,,4234.5
2012-08-16,4023.4,4067.72,3839.87,2937.29,2352.26,3517.04,,4222.65
2012-08-17,4038.14,4083.77,3851.81,2957.32,2341.06,3518.02,,4223.7
2012-08-21,4068.5,4114.11,3858.93,2970.63,2341.2,3536.8,,4257.95
2012-08-22,4061.47,4111.76,3855.15,2964.15,2337.61,3533.41,,4249.65
2012-08-23,4078.99,4120.63,3859.79,2982.58,2327.19,3539.05,,4248.05
2012-08-24,4052.14,4109.79,3850.41,2980.99,2309.23,3535.97,,4226
2012-08-27,4015.86,4097.96,3831.38,2953.55,2267.88,3540.04,,4194.95
2012-08-28,3988.78,4062.79,3807.58,2937.67,2244.05,3536.99,,4176.35
2012-08-29,3952.91,4035.13,3791.12,2923.21,2218.32,3524.3,,4143.6
2012-08-30,3982.69,4059.43,3804.19,2934.13,2215.77,3532.84,,4162.95
2012-08-31,3969.67,4039.23,3779.69,2915.37,2193.5,3508.23,,4129.9
2012-09-03,3981.8,4050.08,3785.29,2918.92,2188.78,3507.59,,4128.1
2012-09-04,4011.55,4060.32,3794.37,2937.42,2216.35,3516.48,,4148.3
2012-09-05,4017.1,4063.68,3786.36,2923.51,2199.96,3510.57,,4115.35
2012-09-06,4046.38,4095.83,3803.23,2939.16,2196.06,3521.46,,4125.95
2012-09-07,4108.7,4160.25,3847.91,2984.37,2227.33,3561.76,,4195.75
2012-09-08,4136.68,4179.39,3862.64,2995.42,2238.4,3571.43,,4210.9
2012-09-10,4135.73,4192.1,3871.66,3002.31,2238.99,3576.48,,4217.85
2012-09-11,4150.55,4206.65,3871.7,3005.58,2246.69,3592.7,,4234.6
2012-09-12,4186.67,4234.02,3883.7,3025.81,2247.56,3597.6,,4260.25
2012-09-13,4176.92,4230.08,3885.74,3028.41,2232.34,3589.87,,4260
2012-09-14,4216.48,4275.22,3900.42,3051.7,2263.17,3602.51,,4348.8
2012-09-17,4216.84,4258.57,3872.58,3036.84,2311.49,3568.37,,4383.1
2012-09-18,4222.69,4259.8,3868.58,3043.87,2366.34,3574.58,,4390.85
2012-09-20,4191.46,4248.75,3845.9,3030.93,2364.36,3565.69,,4358.95
2012-09-21,4237.7,4286.34,3884.86,3081.31,2412.58,3608.22,,4456.15
2012-09-24,4238.62,4271.16,3873.74,3081.47,2421.19,3592.95,,4450.95
2012-09-25,4270.9,4289.15,3879.32,3089.52,2425.75,3599.21,,4460.4
2012-09-26,4286.91,4322.59,3891.04,3104.16,2422.5,3609.35,,4458
2012-09-27,4319.27,4361.28,3903.27,3098.41,2418,3618.34,,4458.15
2012-09-28,4368.92,4404.98,3955.98,3139.72,2440.45,3669.38,,4504.35
2012-10-01,4414.59,4459.86,3983.3,3162.71,2472.28,3675.56,,4522.95
2012-10-03,4434.28,4485.68,3997.04,3164.16,2483.61,3687.94,,4539.6
2012-10-04,4433.21,4452.99,4000.86,3170.61,2520.87,3702.1,,4579.4
2012-10-05,4381.84,4403.36,3987.59,3161.38,2495.2,3681.74,,4547.9
2012-10-08,4353.64,4390.02,3989.12,3142.79,2478.97,3686.22,,4499.85
2012-10-09,4390.62,4435.53,4015.75,3157.04,2490.54,3703.61,,4523.25
2012-10-10,4344.77,4409.26,3990.07,3132.64,2426.74,3679.36,,4477.3
2012-10-11,4369.56,4422.1,3996.63,3150.65,2467.58,3693.1,,4523.6
2012-10-12,4370.29,4462.47,4012.59,3139.14,2461.84,3702.62,,4506.15
2012-10-15,4367.12,4484.36,4021.63,3137.94,2465.13,3711.01,,4511.85
2012-10-16,4345.25,4460.91,4008.91,3130.72,2418.76,3701.6,,4480.45
2012-10-17,4357.49,4478.05,4015.19,3140.57,2422.89,3705.91,,4488.5
2012-10-18,4403.68,4502.32,4048.11,3166.47,2468.8,3716.88,,4535.2
2012-10-19,4378.73,4483.19,4029.49,3146.21,2451,3701.96,,4509.45
2012-10-22,4382,4510.08,4047.11,3149.17,2436.81,3719.5,,4528.45
2012-10-23,4388.68,4510.83,4048.82,3138.38,2424.39,3710.43,,4510
2012-10-25,4399.5,4518.86,4047.76,3135.22,2415.79,3709.62,,4518.4
2012-10-26,4370.38,4461.26,4010.45,3112.97,2380.13,3688.51,,4480.3
2012-10-29,4361.64,4441.49,4011.92,3099.94,2368.32,3685.09,,4475
2012-10-30,4336.84,4429.58,3991.04,3081.04,2309.55,3663.47,,4424.1
2012-10-31,4389,4477.55,4028.47,3101.67,2332.17,3679.4,,4448.85
2012-11-01,4417.86,4499.38,4048.23,3125.38,2367.13,3687.4,,4473.85
2012-11-02,4430.36,4515.58,4069.15,3145.95,2390.25,3704.95,,4510.25
2012-11-05,4422.31,4512.66,4057.05,3148.46,2377.66,3710.81,,4511.3
2012-11-06,4466.01,4560.04,4096.06,3160.4,2399.57,3739.11,,4528.3
2012-11-07,4506.94,4610.73,4126.8,3179.64,2423.5,3755.9,,4559.1
2012-11-08,4493.38,4611,4128.58,3183.92,2444.62,3749.33,,4548.95
2012-11-09,4449.08,4589.78,4107.32,3165.13,2400.81,3733.41,,4508.8
2012-11-12,4481.62,4689.62,4115.14,3163.08,2419.94,3732.14,,4519.25
2012-11-13,4518.04,4694.51,4124.51,3167.42,2426.91,3737.88,,4518.1
2012-11-15,4497.69,4693.68,4095.56,3146.3,2432.5,3710.35,,4497
2012-11-16,4474.01,4641.95,4057.87,3120.39,2386.18,3682.21,,4451.1
2012-11-19,4444.98,4596.87,4038.1,3109.22,2365.77,3671.58,,4437.25
2012-11-20,4413.13,4577.1,4033.96,3105.74,2324.3,3674.81,,4428.4
2012-11-21,4445.09,4605.19,4045.86,3113.53,2351.78,3694.08,,4458.45
2012-11-22,4483.01,4651.01,4035.92,3118.39,2359.47,3694.36,,4471.8
2012-11-23,4496.31,4662.58,4054.91,3131.41,2356.09,3690.83,,4474.15
2012-11-26,4549.45,4718.57,4110.04,3170.71,2365.2,3721.33,,4493.6
2012-11-27,4615.09,4789.18,4142.22,3201.96,2400.47,3766.47,,4562.4
2012-11-29,4655.09,4818,4196.59,3238.38,2440.05,3831.12,,4631.9
2012-11-30,4679.31,4835.44,4213.81,3245.51,2485.83,3861.49,1607.37,4675.25
2012-12-03,4717.59,4861.25,4238.46,3258.35,2510.97,3870.53,1630.38,4685.05
2012-12-04,4758.05,4861.4,4259.47,3260.93,2530.05,3883.79,1639.27,4701.45
2012-12-05,4731.56,4855.41,4260.9,3256.72,2564.99,3891.78,1658.68,4712.1
2012-12-06,4744.27,4835.87,4265.1,3264.01,2589.61,3909.96,1689.94,4740.2
2012-12-07,4723.16,4815.45,4248.85,3254.34,2589.11,3897.42,1676.13,4724.25
2012-12-10,4725.71,4827.65,4254.85,3253.38,2623.58,3919.07,1682.03,4731.9
2012-12-11,4715.11,4816.72,4246.52,3246.67,2582.14,3925.52,1661.41,4716.25
2012-12-12,4726.27,4817.39,4237.72,3248.59,2583.66,3906.1,1663.86,4709.85
2012-12-13,4688.03,4758.53,4204.26,3230.22,2531.75,3873.06,1630.93,4674.05
2012-12-14,4710.48,4786.56,4210.44,3227.54,2558.69,3870.28,1653.81,4698.8
2012-12-17,4721.95,4785.89,4208.66,3220.26,2564.6,3867.6,1662.92,4693.95
2012-12-18,4775.06,4838.12,4234.03,3238.27,2593.89,3887.21,1690.11,4727.85
2012-12-19,4822.37,4868.4,4274.08,3266.52,2609.46,3917.2,1703.29,4755.3
2012-12-20,4830.11,4882.82,4280.87,3266.89,2611.31,3914.22,1698.73,4746.4
2012-12-21,4749.3,4812.89,4236.13,3229.74,2557.32,3870.22,1655.37,4686.9
2012-12-24,4778.29,4840.04,4260.08,3248.5,2564.76,3876.76,1661.12,4695
2012-12-26,4787.04,4859.22,4285.25,3264.97,2592.97,3899.57,1677.36,4731.6
2012-12-27,4752.37,4823.05,4277.8,3255.04,2572.83,3885.94,1665.72,4706.35
2012-12-28,4767.38,4833.71,4306.85,3272.28,2597.03,3906.89,1680.59,4738.3
2012-12-31,4790.81,4856.21,4323.21,3287.43,2616.59,3918.05,1688.06,4743.45
2013-01-01,4832.55,4886.14,4338.86,3299.89,2666.1,3933.56,1726.32,4786.2
2013-01-02,4858.16,4903.03,4341.27,3311.91,2678.12,3946.29,1739.17,4818.9
2013-01-03,4876.54,4900.3,4351.61,3312.7,2701.44,3956.57,1751.27,4835.7
2013-01-04,4866.44,4902.26,4373.11,3322.4,2741.62,3968.12,1763.69,4844
2013-01-07,4850.33,4883.06,4377.1,3321.2,2758.19,3959.4,1769.61,4831.45
2013-01-08,4857.32,4900.24,4379.63,3325.43,2758.68,3975.69,1774.52,4837.95
2013-01-09,4855.66,4882.33,4372.31,3313.84,2747.16,3957.5,1766.25,4815.75
2013-01-10,4863.92,4861.37,4356.03,3307,2716.52,3941.38,1761.46,4809.2
2013-01-11,4797.4,4792.18,4316.14,3302.93,2657.37,3887.69,1719.43,4778.15
2013-01-14,4839.34,4799.29,4329.55,3317.85,2728.08,3912.63,1762.99,4836.7
2013-01-15,4851.38,4831.81,4344.55,3323.73,2747.83,3922.32,1765.55,4858.9
2013-01-16,4808.26,4815.47,4330.63,3296.87,2687.47,3905.52,1716.43,4807.55
2013-01-17,4818.5,4808.05,4328.73,3294.76,2719.4,3908.77,1724.23,4831.35
2013-01-18,4816.08,4806.68,4317.2,3279.18,2756.97,3925.24,1726.69,4844.05
2013-01-21,4853.26,4819.79,4319.39,3276.53,2772.98,3920.96,1739.41,4856
2013-01-22,4815.43,4780.16,4304.02,3257.89,2712.9,3915.47,1709.37,4822.35
2013-01-23,4785.37,4754.41,4269.35,3230.38,2654.32,3892.13,1682.61,4814.8
2013-01-24,4695.57,4715.17,4240.44,3208.91,2539.35,3859.31,1602.93,4763.85
2013-01-25,4783.5,4767.75,4276.46,3239.07,2607.55,3891.92,1656.86,4816.45
2013-01-28,4799.86,4773.08,4276.28,3240.61,2599.82,3887.47,1661.44,4818.3
2013-01-29,4779.06,4762.95,4268.68,3231.73,2554.04,3868.59,1635.26,4794.8
2013-01-30,4787.94,4778.36,4265.67,3231.31,2545.01,3872.53,1634.46,4797.15
2013-01-31,4805.41,4806.12,4280.77,3251.48,2572.35,3870.29,1652.85,4795.3
2013-02-01,4815.25,4813.79,4284.54,3249.8,2568.01,3868.64,1645.37,4775.9
2013-02-04,4796.89,4797.47,4280.28,3247.73,2517.07,3857.81,1619.45,4759.25
2013-02-05,4768.94,4788.28,4262.2,3227.97,2503.16,3858.73,1609.93,4733.6
2013-02-06,4796.12,4801.74,4266.52,3225.82,2508.29,3854.9,1619.9,4738.1
2013-02-07,4749.83,4756.25,4244.4,3216.74,2460.1,3837.6,1594.85,4713.25
2013-02-08,4713.18,4715.69,4200.42,3205.13,2424.8,3800.57,1572.9,4682.55
2013-02-11,4702.77,4726.45,4215.78,3206.78,2427,3813.59,1577.34,4677.85
2013-02-12,4703.39,4753.81,4231.5,3222.39,2423.43,3834.19,1554.55,4690.3
2013-02-13,4659.9,4729.32,4225.41,3222.62,2385.24,3831.63,1532.88,4688.45
2013-02-14,4620.22,4706.59,4206.04,3204.67,2346.75,3822.21,1499.71,4650.35
2013-02-15,4635.8,4702.56,4198.01,3201.6,2355.21,3809.14,1502.88,4647.25
2013-02-18,4641.29,4714.83,4208.09,3207.52,2382.55,3813.37,1523.96,4659.6
2013-02-19,4711.2,4783.95,4261.9,3241.88,2411.91,3854.2,1547.16,4697.1
2013-02-20,4718.2,4795.55,4272.31,3245.47,2408.05,3852.65,1543.35,4698.35
2013-02-21,4646.98,4752.38,4243.92,3217.75,2350.63,3824.52,1495.93,4621.75
2013-02-22,4654.09,4757.91,4228.91,3209.89,2356.24,3819.44,1499.49,4621.8
2013-02-25,4628.14,4736.96,4211.5,3215.96,2308.53,3781.43,1468.21,4611.65
2013-02-26,4539.48,4682.44,4161.9,3178.89,2242.72,3728.71,1429.05,4537.1
2013-02-27,4572.51,4697.68,4171.09,3184.68,2277.65,3724.8,1456.72,4568.2
2013-02-28,4485.48,4635.33,4135.74,3165.68,2168.76,3675.63,1363.21,4477.5
2013-03-01,4492.33,4669.96,4188.16,3195.69,2186.4,3706.66,1369.68,4499.75
2013-03-04,4431.49,4602.18,4166.3,3180.66,2146.63,3692.34,1338.43,4470.15
2013-03-05,4515.6,4671.17,4213.15,3210.44,2204.11,3744.38,1381.03,4539
2013-03-06,4562.02,4685.15,4227.64,3223.19,2254.24,3741.62,1418.56,4570.45
2013-03-07,4605.22,4716.94,4254.72,3250.58,2265.02,3756.41,1421.56,4601.55
2013-03-08,4664.96,4772.36,4300.11,3269.56,2302.99,3798.69,1439.04,4660.65
2013-03-11,4675.44,4782.5,4299.95,3261.86,2311.64,3810.89,1443.69,4661.25
2013-03-12,4649.73,4780.4,4288.99,3249.55,2297.1,3795.47,1430.99,4636.9
2013-03-13,4587.53,4728.38,4255.48,3219.14,2260.25,3775.04,1411.03,4585
2013-03-14,4610.13,4730.12,4255.09,3223.48,2291.58,3782.49,1433.76,4625.75
2013-03-15,4609.69,4716.58,4258.82,3228.17,2271.29,3783.91,1416.62,4598.2
2013-03-18,4600.37,4716.25,4257.08,3226.85,2250.07,3783.34,1396.83,4572.65
2013-03-19,4544.36,4673.29,4214.47,3202.75,2184.82,3744.72,1343.46,4500.85
2013-03-20,4481.11,4646.36,4203.81,3200.48,2110.13,3719.61,1285.13,4446.05
2013-03-21,4451.94,4615.36,4165.13,3163.48,2077.36,3684.18,1250.46,4413.5
2013-03-22,4403.62,4597.01,4154.28,3159.88,2066.86,3685.33,1252.06,4404.5
2013-03-25,4395.17,4584.64,4142.4,3144.72,2046.71,3684,1244.83,4390.3
2013-03-26,4397.19,4595.93,4168.8,3151.22,2028.1,3701.02,1233.17,4394.6
2013-03-28,4475.11,4634.07,4187.75,3176.95,2090.81,3724.73,1269.27,4438.35
2013-04-01,4524.55,4644.98,4195.51,3191.34,2136.29,3738.23,1303.81,4465.6
2013-04-02,4566.96,4662.92,4219.73,3223.15,2190.51,3767.22,1334.72,4508.8
2013-04-03,4547.16,4647.34,4206.07,3192.45,2161.04,3740.34,1312.15,4457.2
2013-04-04,4443.61,4547.53,4142.31,3153.94,2125.78,3700.2,1284.81,4378.65
2013-04-05,4433.94,4533.37,4143.9,3151.32,2133.72,3697.25,1287.29,4366.65
2013-04-08,4447.07,4549.18,4137.02,3152.93,2128.03,3701.61,1282.61,4361.15
2013-04-09,4397.42,4490.15,4110.02,3132.13,2099.19,3675.5,1268.11,4323.4
2013-04-10,4431.55,4525.68,4120.2,3137.49,2129.44,3689.69,1292.03,4366.45
2013-04-11,4452.04,4573.93,4129.08,3159.01,2125.9,3688.05,1288.99,4388.05
2013-04-12,4408.95,4557.42,4145.02,3133,2146.32,3707.97,1303.33,4352.7
2013-04-15,4419.68,4547.02,4125.49,3114.31,2181.8,3708.46,1319.97,4376.05
2013-04-16,4446.62,4575.93,4185.18,3152.33,2221.55,3781.04,1359.02,4457.5
2013-04-17,4504.72,4604.19,4190.98,3157.72,2212.38,3787.64,1359.77,4461.75
2013-04-18,4518.87,4615.96,4226.87,3182.69,2246.37,3828.33,1384.2,4526.8
2013-04-22,4567.31,4658.09,4264.85,3204.33,2310.74,3859.99,1421.25,4574.4
2013-04-23,4577.19,4662.3,4268.94,3206.91,2300.15,3861.01,1415.79,4572.4
2013-04-25,4591.31,4690.33,4306.72,3236.04,2312.51,3928.6,1427.27,4624.3
2013-04-26,4555.58,4664.4,4291.46,3223.67,2278.24,3911.98,1387.81,4591.65
2013-04-29,4586.9,4710.51,4322.66,3250.76,2302.32,3936.09,1412.58,4620.9
2013-04-30,4628.6,4770.98,4377.98,3303.41,2286.16,3985.42,1397.44,4641.75
2013-05-02,4686.21,4840.47,4420.88,3325.44,2315.32,4011.03,1424.62,4695.05
2013-05-03,4682.85,4823.9,4407.95,3315.36,2296.53,3993.47,1412.83,4659.1
2013-05-06,4741.96,4871.48,4425.62,3347.62,2328.55,4000.87,1435.58,4685.6
2013-05-07,4779.95,4917.07,4458.23,3378.07,2334.11,4034.72,1459.4,4737.55
2013-05-08,4823.39,4949.12,4475.31,3383.02,2343.64,4050.41,1462.1,4754.45
2013-05-09,4796,4950.11,4448.94,3371.76,2329.19,4023.14,1447.7,4737.7
2013-05-10,4792.65,4994.47,4475.28,3398.49,2342.49,4040.83,1458.54,4769.2
2013-05-11,4822.42,5006.69,4497.38,3415.89,2350.25,4062.58,1461.07,4779.75
2013-05-13,4780.28,4953.37,4445.6,3369.81,2294.22,4008.9,1416.91,4689.75
2013-05-14,4775.59,4967.54,4447.98,3376.67,2304.79,4018.42,1422.1,4702.5
2013-05-15,4842.35,5047.11,4502.4,3418.4,2373.25,4091.39,1475.15,4810.95
2013-05-16,4852.61,5082.09,4506.24,3414.85,2383.41,4107.74,1493.44,4830.25
2013-05-17,4848.45,5092.85,4500.02,3420.41,2384.84,4108.48,1509.99,4847.1
2013-05-20,4827.35,5056.56,4468.22,3390.55,2372.97,4083.64,1502.26,4821.95
2013-05-21,4796.92,5041.4,4463.85,3373.46,2346,4052.54,1475.86,4788.2
2013-05-22,4799.09,5042.62,4469.72,3375.69,2301.07,4059.13,1439.13,4766.85
2013-05-23,4667.22,4978.22,4428.08,3345.9,2232.01,4010.78,1374.38,4668.2
2013-05-24,4694.8,4987.36,4437.71,3350.95,2248.41,4015.03,1390.63,4685.6
2013-05-27,4735.56,5054.83,4515.17,3406.91,2277.05,4080.4,1413.8,4756.4
2013-05-28,4726.41,5081.54,4535.06,3435.02,2293.78,4098.92,1418.21,4777.05
2013-05-29,4721.41,5093.99,4558.6,3456.78,2259.12,4115.52,1390.59,4766.65
2013-05-30,4725.26,5102.02,4578.91,3475.79,2246.35,4133.22,1374.65,4774
2013-05-31,4679.85,5096.52,4539.42,3449.73,2160.69,4053.7,1330.22,4681.45
2013-06-03,4689.54,5074.55,4485.62,3421.75,2171.59,4015.48,1334.79,4659.3
2013-06-04,4707.82,5142.5,4496.31,3422.27,2172.2,4024.23,1330.25,4652.55
2013-06-05,4696.19,5124.49,4495.57,3419.06,2192.43,4032.6,1344.51,4656.5
2013-06-06,4684.16,5096.84,4486.67,3400.66,2196.9,4015.88,1353.49,4653.4
2013-06-07,4666.67,5075.05,4474.94,3397.81,2168.23,3994.98,1330.78,4621.1
2013-06-10,4626.84,5071.07,4461.91,3381.52,2115.63,3996.99,1299.02,4604.4
2013-06-11,4553.73,5033.53,4415.74,3344.58,2056.96,3957.71,1253.69,4529.85
2013-06-12,4496.66,5004.65,4372.85,3309.77,2057.99,3942.31,1245.26,4502.2
2013-06-13,4436.51,4939.48,4323.25,3263.84,2022.58,3895.24,1220.52,4447.4
2013-06-14,4493.42,4990.21,4370.79,3307.16,2064.56,3950.65,1254.02,4525.95
2013-06-17,4546.24,5048.87,4390.44,3326.35,2074,3974.35,1256,4557.5
2013-06-18,4563.33,5071.27,4386.44,3324.87,2093.61,3952.99,1261.24,4540.7
2013-06-19,4564.84,5091.76,4381.74,3322.56,2109.08,3954.62,1273.61,4552.7
2013-06-20,4484.29,4982.73,4301.16,3264.58,2034.04,3882.89,1209.25,4429.65
2013-06-21,4439.71,4916.32,4278.69,3259.55,1981.12,3886.67,1180.37,4420.15
2013-06-24,4317.98,4814.3,4219.43,3212.42,1906.29,3839.66,1136.75,4345.6
2013-06-25,4287.6,4766.44,4178.83,3184.79,1912.73,3841.96,1133.04,4350.1
2013-06-26,4265.07,4758.91,4207.32,3205.8,1893.25,3841.47,1114.53,4335.5
2013-06-27,4296.28,4803.83,4254.13,3242.11,1902.55,3901.85,1124.65,4393.9
2013-06-28,4358.85,4879.47,4347.76,3312.57,1966.23,3995.87,1177.12,4510.9
2013-07-01,4468.11,4957.51,4379.61,3338.76,2051.29,4033.94,1235.58,4572.05
2013-07-02,4456.62,4953.11,4376.62,3344.74,2032.86,4013.69,1223.68,4542.8
2013-07-03,4417.82,4915.09,4330.04,3316.84,1966.77,3976.06,1170.2,4473.35
2013-07-04,4458.78,4971.54,4374.41,3359.53,1983.39,4008.58,1184.93,4517.7
2013-07-05,4450.63,4974.39,4386.01,3376.28,1988.29,4024.89,1188.43,4535.8
2013-07-08,4464.4,4970.92,4364.39,3369.52,1984.04,3994.74,1182.27,4501.25
2013-07-09,4491.75,4987.85,4400.85,3401.39,2002.89,4026.37,1207.32,4539.95
2013-07-10,4477.45,4974.57,4372.24,3389.49,1977.79,4004.37,1193.37,4511.4
2013-07-11,4495.68,5009.29,4420.18,3424.88,2008.44,4064.1,1219.17,4586.45
2013-07-12,4512.33,5042.39,4436.46,3457.39,1999.81,4070.78,1210.7,4630.95
2013-07-15,4566.72,5107.62,4462.34,3484.6,2037.6,4084.87,1241.91,4655.7
2013-07-16,4514.96,5089.54,4448.73,3483.59,1987.32,4070.6,1186.63,4596.5
2013-07-17,4487.91,5062.62,4481.86,3533.16,1949.56,4114.02,1158.91,4597.7
2013-07-18,4522.56,5092.95,4527.33,3568.26,1992.32,4151.7,1187.92,4647.55
2013-07-19,4494.81,5096.73,4525.77,3569.48,1970.75,4146.93,1170.94,4632.75
2013-07-22,4490.32,5079.74,4537.15,3564.05,1959.58,4152.89,1174.26,4631.1
2013-07-23,4487.34,5080.73,4553.35,3577.31,1959.14,4168.65,1185.55,4660.75
2013-07-24,4430.44,5036.16,4524.09,3564.43,1914.58,4138.73,1141.21,4588.25
2013-07-25,4397.18,4975.51,4472.15,3528,1890.41,4078.71,1120.58,4531.8
2013-07-26,4351.06,4951.23,4455.88,3516.02,1851.75,4068.29,1099.93,4507.25
2013-07-29,4280.44,4860.69,4403.28,3489.05,1802.88,4032.84,1070.04,4459.9
2013-07-30,4211.21,4757.5,4336.59,3427.12,1731.34,3966.9,1028.05,4390.35
2013-07-31,4201.54,4721.55,4321.13,3424.59,1770.71,3947.33,1025.84,4379.65
2013-08-01,4182.08,4707.54,4302.4,3403.97,1696,3936.36,983.12,4354
2013-08-02,4143.15,4673.3,4248.99,3391.07,1640.56,3886.79,949.32,4314.95
2013-08-05,4130.98,4668.03,4240.85,3365.5,1639.47,3896.25,966.73,4323.35
2013-08-06,4024.25,4573.2,4128.33,3293.6,1584.79,3801.53,928.64,4214.15
2013-08-07,4016.42,4570.01,4084.39,3260.49,1631.81,3768.9,966.71,4213.85
2013-08-08,4049.47,4610.22,4121.64,3278.76,1651.97,3788.56,983.49,4250.35
2013-08-12,4146.33,4711.8,4183.05,3342.92,1689.58,3837.04,1002.6,4293.2
2013-08-13,4231.17,4803.16,4227.08,3387.13,1715.46,3888.79,1032.36,4360.65
2013-08-14,4289.62,4843.19,4246.56,3426.86,1744.41,3901.54,1045.19,4392.05
2013-08-16,4152.32,4738.35,4135.29,3333.22,1635.38,3788.92,975.82,4224.3
2013-08-19,4059.06,4652.25,4063.15,3265.18,1627.26,3715.91,971.94,4151.95
2013-08-20,4002.63,4579.5,4028.98,3231.68,1646.38,3689.87,993.86,4138.4
2013-08-21,3945.73,4528.96,3976.3,3177.04,1597.23,3628.1,959.73,4069.45
2013-08-22,3957.94,4550.55,4013.57,3220.65,1652.24,3670.22,993.83,4136.1
2013-08-23,4018.22,4626.98,4051.42,3253.67,1665.53,3692.51,1003.1,4183.65
2013-08-26,4057.9,4658.06,4082.03,3280.07,1679.6,3712.38,1008.5,4194.5
2013-08-27,3948.07,4557.01,3982.07,3214.84,1618.01,3603.72,957.09,4060.7
2013-08-28,3896.54,4504.84,3960.16,3219.64,1591.8,3574.43,951.8,4047.7
2013-08-29,3985.61,4596.39,4040.83,3280.9,1628.83,3653.86,968.87,4132.8
2013-08-30,4019,4622.59,4113.96,3329.78,1633.9,3704.62,966.32,4175.85
2013-09-02,4098.64,4665.34,4163.58,3373.03,1686.13,3749.57,999.4,4235.25
2013-09-03,4042.48,4601.07,4039.48,3278.42,1632.8,3637.71,953.97,4092.9
2013-09-04,4107.02,4663.09,4094.78,3342.43,1669.08,3693.86,977.03,4164.5
2013-09-05,4183.69,4738.48,4166.38,3363.99,1725.18,3761.45,1021.69,4264.05
2013-09-06,4218.13,4775.87,4189.54,3376.22,1743.59,3801.47,1031.77,4319.4
2013-09-10,4328.7,4911.63,4330.5,3492.47,1767.17,3923.73,1058.46,4463.55
2013-09-11,4382.84,4944,4354,3499.48,1819.25,3939.37,1094.58,4489.45
2013-09-12,4350.94,4932.31,4317.95,3464.83,1795.99,3912.12,1080.41,4445.95
2013-09-13,4337.36,4896.64,4318.51,3467.66,1827.73,3922.66,1109.09,4450.45
2013-09-16,4316.11,4875.34,4307.04,3449.47,1820.04,3919.56,1090.46,4440.9
2013-09-17,4298.78,4875.33,4321.11,3453.36,1806.66,3922.64,1087.17,4444.5
2013-09-18,4365.33,4914.42,4356.24,3468.6,1816.72,3959.25,1092.16,4478.35
2013-09-19,4464.11,4973.84,4451.95,3541.36,1914.86,4067.76,1155.75,4627.85
2013-09-20,4423.46,4944.57,4435.96,3520.54,1841.95,4046.84,1117.68,4560.1
2013-09-23,4401.92,4941.3,4399.33,3494.87,1805.95,3984.26,1089.42,4482
2013-09-24,4420.22,4947.79,4402.37,3510.96,1792.8,3996.19,1088.31,4484.1
2013-09-25,4430.75,4959.06,4390.53,3519.22,1809.26,3983.08,1089.18,4477.05
2013-09-26,4416.5,4967.06,4390.7,3520.83,1803.58,3984.93,1089.27,4482.3
2013-09-27,4436.55,4988.49,4395.12,3521.96,1806.24,3977.79,1072.95,4455.95
2013-09-30,4415.82,4979.39,4399.36,3511.73,1786.19,3942.85,1043.53,4392.05
2013-10-01,4440.3,4983.55,4406.94,3524.12,1797.74,3953.56,1060.09,4422.9
2013-10-03,4502.67,5038.2,4456.56,3569.32,1839.55,4023.43,1096.16,4512.65
2013-10-04,4515.02,5040.14,4464.51,3575.15,1841.44,4030.04,1098.68,4516.15
2013-10-07,4537.39,5076.59,4488.38,3597.07,1850.85,4032.83,1105.08,4522.8
2013-10-08,4535.27,5082.71,4478.88,3595.64,1864.3,4035.24,1117.65,4536.45
2013-10-09,4611.78,5148.53,4523.01,3639.56,1884.84,4063.56,1148.07,4592.45
2013-10-10,4650.21,5175.95,4548.26,3655.42,1885.48,4076.31,1150,4607.5
2013-10-11,4653.17,5191.92,4546.32,3662.8,1900.9,4067.55,1160.65,4651.8
2013-10-14,4670.41,5221.04,4547.2,3661.38,1916.49,4077.9,1167.04,4665.95
2013-10-15,4622.48,5197.49,4528.69,3652.55,1876.27,4059.17,1148.96,4639.5
2013-10-17,4583,5125.51,4509.95,3631.19,1875.27,4052.75,1146.91,4612.05
2013-10-18,4622.68,5188.58,4551.09,3665.88,1911.85,4099.11,1182.1,4706.9
2013-10-21,4653.27,5199.61,4554.21,3667.06,1938.31,4108.06,1213.77,4731
2013-10-22,4693.95,5220.13,4588.37,3681.88,1973.18,4117.86,1229.85,4738.35
2013-10-23,4693.31,5203.4,4586.62,3670.68,1981.61,4099.97,1224.85,4723.5
2013-10-24,4681.16,5158.45,4565.14,3654.97,1971.43,4075.02,1219.49,4713
2013-10-25,4663.27,5141.56,4567.36,3644.93,1942.36,4076.37,1201.14,4693.4
2013-10-28,4616.27,5085,4529.25,3613.6,1914.97,4036.2,1176.51,4656.85
2013-10-29,4676.28,5163.95,4584.13,3651.7,1947.35,4096.27,1215.21,4741.1
2013-10-30,4702.35,5193.34,4612.53,3677.67,1949.41,4119.33,1213.99,4764.3
2013-10-31,4722.66,5197.31,4628.19,3692.77,2007.52,4132.61,1240.67,4804.85
2013-11-01,4731.1,5199.09,4632.07,3696.56,2065.38,4136.65,1282.07,4823
2013-11-03,4761.63,5238.27,4659.32,3712.64,2104.49,4147.64,1289,4840.15
2013-11-05,4726.95,5157.7,4642.22,3690.91,2148.41,4117.93,1304.85,4808.2
2013-11-06,4729.98,5183.01,4645.61,3694.62,2124.19,4124.69,1282.23,4784.65
2013-11-07,4676.24,5158.37,4628.65,3687.73,2067.96,4113.71,1249.53,4752
2013-11-08,4677.58,5175.8,4610.68,3670.71,2058.64,4091.03,1261.59,4725.9
2013-11-11,4652,5144.01,4571.56,3650,2016.75,4065.75,1229.44,4680.35
2013-11-12,4622.29,5125.93,4571.32,3644.7,1985.44,4045.61,1209.01,4637.35
2013-11-13,4618.65,5118.93,4556.22,3636.56,1959,4013.81,1196.8,4614.65
2013-11-14,4664.11,5152.99,4565.35,3642.78,1999.51,4014.77,1239.6,4670.1
2013-11-18,4712.29,5209.59,4597.96,3676.47,2044.79,4056.97,1277.64,4760.65
2013-11-19,4719.27,5205.38,4610.05,3678.54,2065.86,4046.58,1287.81,4771.75
2013-11-20,4686.08,5153.47,4578.8,3650.99,2056.84,4016.02,1273.75,4720.05
2013-11-21,4625.41,5088.7,4525.53,3604.78,2001.2,3962.14,1235.21,4631.85
2013-11-22,4629.97,5097.93,4510.12,3596.26,1995.07,3955.95,1227.32,4632.45
2013-11-25,4670.79,5144.54,4559.4,3628.01,2039.37,4006.82,1257.66,4716
2013-11-26,4674.51,5168.68,4541.23,3610.99,1985.68,3982.98,1236.39,4679.15
2013-11-27,4693.86,5163.2,4542.67,3617.52,2000.76,3977.99,1238.93,4679.85
2013-11-28,4710.32,5188.13,4563.78,3629.8,2023.66,3996.66,1254.57,4708.8
2013-11-29,4741.64,5208.37,4615.64,3671.6,2052.91,4035.35,1283.67,4770.1
2013-12-02,4798.43,5265.6,4658.45,3706.1,2085.73,4052.18,1302.51,4804.4
2013-12-03,4792.79,5247.78,4652.99,3707.16,2079.6,4045.1,1302.08,4795.9
2013-12-04,4753.05,5213.21,4623.01,3687.69,2069.75,4024.97,1286.07,4764.55
2013-12-05,4736.23,5194.37,4616.84,3673.77,2113.25,4038.46,1315.35,4815
2013-12-06,4750.65,5206.15,4636.03,3689.95,2132.13,4064.79,1327.16,4830.8
2013-12-09,4764.23,5232.28,4654.53,3698.47,2161.38,4101.06,1349.37,4898.15
2013-12-10,4763.03,5260.66,4669.88,3713.8,2128.04,4079.98,1325.12,4873.8
2013-12-11,4757.76,5243.77,4675.05,3713.38,2113.62,4084.96,1309,4855.6
2013-12-12,4753.05,5212.47,4639.16,3690.17,2092.04,4046.77,1294.33,4810.55
2013-12-13,4737.08,5193.07,4596.17,3654.84,2048.13,4003.66,1262.44,4756.05
2013-12-16,4759.6,5210.55,4622.77,3671.11,2029.71,4016.52,1259.88,4756
2013-12-17,4766.09,5219.89,4641.14,3688.46,2019.02,4009.6,1252.84,4748.5
2013-12-18,4821.09,5283.18,4705.74,3730.3,2064.62,4057.59,1284.6,4809.65
2013-12-19,4842.83,5322.01,4710.13,3735.9,2037.66,4041.54,1263.6,4780.6
2013-12-20,4903.96,5400.07,4771.48,3779.76,2087.14,4086.27,1301.5,4861.65
2013-12-23,4894.42,5400.86,4785.26,3781.6,2129.69,4102.49,1332.09,4878.85
2013-12-24,4908.17,5393.39,4801.3,3786.66,2156.21,4116.79,1338.67,4876.1
2013-12-26,4908.26,5384.43,4788.65,3782.37,2187.21,4106.49,1345.17,4887.85
2013-12-27,4924.37,5423.12,4808.8,3807.28,2197.39,4120.19,1346.43,4914.7
2013-12-30,4914.43,5413.47,4804.61,3804.46,2176.4,4114.21,1332.33,4899.95
2013-12-31,4930.49,5427.81,4822.5,3816.32,2195.22,4131.29,1345.01,4914.85
2014-01-01,4958.24,5447.19,4838.11,3829.19,2235,4141.46,1372.79,4921.25
2014-01-02,4889.98,5382.59,4780.29,3788.09,2158.27,4089.03,1323.48,4848.95
2014-01-03,4928.01,5434.67,4801.52,3811.5,2176.97,4092.36,1331.5,4850.65
2014-01-06,4949.98,5438.52,4801.35,3814.86,2188.18,4087.31,1330.71,4845.05
2014-01-07,4930.46,5414.31,4793.36,3804.34,2184,4071.29,1317.93,4820.25
2014-01-08,4954.24,5433.29,4822.23,3824.19,2202.63,4099.13,1324.88,4833.55
2014-01-09,4941.53,5424.24,4824.86,3822.96,2180.45,4099.19,1301.69,4820.15
2014-01-10,4934.28,5445.49,4819.76,3831.45,2149.87,4091.27,1279.73,4813.95
2014-01-13,4971.36,5459.63,4821.91,3838.78,2161.56,4113.31,1284.77,4869.95
2014-01-14,4955.74,5454.24,4804.06,3820.55,2153.04,4104.68,1279.09,4850.75
2014-01-15,4953.99,5475.51,4813.53,3832.39,2181.69,4134.54,1304.66,4899.7
2014-01-16,4947.77,5445.48,4823.14,3837.17,2174.51,4134.67,1296.87,4891.4
2014-01-17,4874.72,5373.03,4780.06,3806.94,2144.42,4106.36,1271.29,4841.3
2014-01-20,4970.75,5467.03,4817.52,3842.04,2161.6,4128.03,1286.95,4878.25
2014-01-21,5026.13,5455.26,4817.82,3833.85,2172.4,4106.26,1299.83,4886.7
2014-01-22,5022.47,5467.18,4826.06,3845.35,2181.37,4118.55,1303.47,4903.95
2014-01-23,4979.39,5441.76,4816.08,3851.25,2169.52,4111.76,1297.73,4903.5
2014-01-24,4915.44,5394.12,4792.53,3830.41,2113.99,4094.9,1257.49,4836.7
2014-01-27,4819.62,5316.8,4743.67,3787.6,2018.85,4042.84,1176.6,4725.6
2014-01-28,4861.53,5301.75,4744.59,3779.04,2021.75,4040.14,1180.98,4720.6
2014-01-29,4870.43,5332.81,4760.98,3788.78,2024.06,4043.9,1172.96,4720.6
2014-01-30,4828.95,5281.09,4733.28,3771.22,1978.33,4008.96,1135.86,4675.1
2014-01-31,4925.55,5357.93,4767.92,3794,2029.72,4022.95,1163.32,4709.15
2014-02-03,4910.16,5339.47,4767.1,3787.5,2000.21,4006.91,1134.95,4648.55
2014-02-04,4923.06,5323.14,4746.87,3776.95,2007.98,4013.69,1146.87,4652.5
2014-02-05,4951.41,5347.83,4758.21,3789.97,2014.33,4031.65,1156,4671.85
2014-02-06,4946.79,5377.97,4767.86,3796.94,2008.75,4047.26,1154.1,4681.35
2014-02-07,4957.84,5378.26,4797.7,3812.65,2028.14,4081.9,1169.23,4701.7
2014-02-10,4972.05,5355.35,4817.06,3819.09,2022.97,4078.94,1166.13,4692.55
2014-02-11,5015.89,5375.26,4844.45,3832.04,2028.96,4062.01,1166.2,4699.6
2014-02-12,5031.75,5385.24,4847.54,3839.31,2020.76,4060.5,1158.27,4711.95
2014-02-13,4980.46,5343.02,4806.99,3813.35,1979.75,3998.67,1136.47,4650
2014-02-14,4990.69,5360.39,4819.44,3828.19,1988.54,4005.55,1142.8,4677.8
2014-02-17,4997.11,5367.88,4822,3822.05,1988.66,4017.55,1145.29,4690.45
2014-02-18,5030.26,5385.61,4828.93,3830.55,2016.64,4021.01,1166.32,4731.5
2014-02-19,5090.05,5421.74,4849.14,3852.41,2031.86,4025.39,1166.44,4752.9
2014-02-20,5095.49,5401.37,4841.54,3843,2024.93,4006.9,1161.2,4716.35
2014-02-21,5130.66,5431.22,4878.76,3871.99,2042.04,4045.33,1168.23,4762.75
2014-02-24,5133.12,5444.17,4904.24,3884.11,2038.29,4047.18,1172.05,4783.15
2014-02-25,5190.6,5469.75,4928.24,3900.13,2046.24,4057.19,1165.54,4793.9
2014-02-26,5198.35,5487.1,4960.02,3919.95,2059.04,4073.42,1163.9,4816.4
2014-02-28,5278.28,5550.86,5005.19,3954.07,2068.29,4089.25,1180.53,4849.5
2014-03-03,5279.07,5504.85,4964.32,3924.51,2061.96,4066.43,1163.59,4816.3
2014-03-04,5303.05,5514.63,4991.18,3938.03,2095.94,4106.26,1193.54,4873.2
2014-03-05,5329.43,5525.72,4986.13,3933.79,2128.4,4110.43,1210.42,4900.85
2014-03-06,5349.65,5545.31,5017.46,3953.64,2173.08,4149.27,1241.6,4959.1
2014-03-07,5252.76,5480.94,4984.27,3923.5,2222.93,4166.96,1285.45,5033.85
2014-03-10,5200.14,5440.16,4937.5,3890.06,2243.53,4156,1304.31,5046.45
2014-03-11,5174.48,5432.31,4930.5,3881.56,2238.49,4145.39,1301.15,5026.95
2014-03-12,5187.68,5466.07,4953.37,3908.06,2223.91,4154.2,1290.05,5028.7
2014-03-13,5151.05,5432.92,4941.22,3878.97,2230.26,4165.88,1274.07,5007.2
2014-03-14,5175.03,5425.25,4948.11,3891.29,2226.08,4178.52,1279.57,5011.55
2014-03-18,5214.98,5444.14,4982.71,3912.76,2271.43,4207.57,1290.18,5035.4
2014-03-19,5204.18,5455.28,4988.62,3921.15,2275.99,4215.86,1298.33,5044.2
2014-03-20,5230.22,5473.49,4985.99,3927.3,2244.32,4202.19,1274.76,5014.8
2014-03-21,5265.59,5492.96,4977.19,3923.51,2252.8,4201.79,1289.73,5031.05
2014-03-22,5286.06,5513.65,4997.75,3935.61,2265.22,4211.28,1289.56,5037.5
2014-03-24,5229.39,5497.25,5001.27,3947.52,2293.55,4247.74,1303.93,5091.2
2014-03-25,5251.07,5500,5013.44,3959.88,2309.45,4255.12,1312.11,5102.75
2014-03-26,5242.62,5451.25,4992.25,3938.51,2308.3,4244.66,1321.87,5114.7
2014-03-27,5234.26,5479.97,5005.93,3952.02,2357.94,4263.85,1334.98,5146.2
2014-03-28,5256.7,5502.96,5053.4,3977.7,2430.8,4311.11,1387.95,5202.15
2014-03-31,5259.91,5523.61,5077.33,4001.38,2472.29,4325.86,1408.06,5224.85
2014-04-01,5271.06,5545.74,5073.82,4005.16,2477.14,4332.59,1400.38,5232.85
2014-04-02,5342.93,5618.6,5070.92,4009.46,2545.62,4326.62,1443.86,5272.4
2014-04-03,5329.02,5614.44,5088.21,4039.55,2525.02,4347.9,1423.79,5254.35
2014-04-04,5312.12,5625.36,5084.32,4020.32,2585.55,4331.84,1449.76,5234.5
2014-04-07,5294.64,5594.37,5060.36,4009.47,2592.02,4328.26,1450.09,5234.2
2014-04-09,5337.13,5613.86,5074.93,4044.91,2662.8,4361.96,1495.23,5315.25
2014-04-10,5299.87,5569.25,5069.77,4032.44,2703.79,4362.59,1521.45,5328.4
2014-04-11,5315.93,5577.5,5092.43,4047.38,2722.94,4366.29,1516.41,5317.7
2014-04-15,5279.47,5575.03,5086.85,4052.35,2706.66,4349.27,1486.67,5278.15
2014-04-16,5228.86,5517.87,5047.09,4022.34,2640.89,4322.58,1451.89,5230.35
2014-04-17,5306.33,5603.63,5096.22,4053.83,2700.29,4368.26,1493.57,5310.75
2014-04-21,5380.73,5678.52,5115.76,4057.42,2741.02,4374.13,1519.45,5347.25
2014-04-22,5364,5671.28,5128.43,4070.14,2753.8,4384.39,1509.83,5346.6
2014-04-23,5397.31,5706.17,5124.48,4073.72,2768.47,4377.3,1509.54,5362.45
2014-04-25,5358.82,5693.26,5086.27,4050.21,2762.81,4329.04,1519.56,5328.6
2014-04-28,5364.48,5699.19,5073.04,4049.36,2792.24,4328.25,1537.56,5321.5
2014-04-29,5317.02,5676.82,5049.1,4040.26,2770.57,4310.95,1512.35,5286.05
2014-04-30,5281.23,5646.86,5028.76,4030.08,2715.35,4293.57,1477.28,5255.65
2014-05-02,5334.62,5705.31,5039.05,4042.47,2740.41,4291.69,1480.97,5260.95
2014-05-05,5283.15,5669.81,5032.64,4036.32,2742.48,4300.42,1488.4,5260.3
2014-05-06,5304.08,5695.97,5030.47,4026.97,2749.62,4295.3,1488.44,5273.1
2014-05-07,5294.53,5680.93,4997.53,3994.15,2747.18,4265.5,1473.44,5232.85
2014-05-08,5329.23,5706.03,5009.52,3992.7,2735.67,4270.32,1462.15,5236.6
2014-05-09,5354.75,5723.53,5060.84,4020.1,2813.01,4330.77,1529.24,5375.9
2014-05-12,5394.15,5763.02,5117.14,4057.84,2856.52,4386.96,1560.39,5479.7
2014-05-13,5447.48,5797.96,5193.07,4104.23,2936.58,4442.11,1605.01,5562.55
2014-05-14,5457.9,5801.65,5225.43,4126.32,3024.12,4467.41,1660.31,5583.6
2014-05-15,5408.65,5782.58,5180.34,4102.3,3004.25,4421.86,1644.38,5580.3
2014-05-16,5398.13,5746.51,5166.95,4071.35,3139.24,4447.04,1736.28,5656
2014-05-19,5404.11,5703.48,5107.17,4014.55,3404.09,4440.16,1889.1,5762.6
2014-05-20,5486.59,5789.14,5152.08,4052.26,3464.52,4469.19,1908.68,5790.95
2014-05-21,5578.75,5862.9,5181.48,4081.95,3486.38,4475.85,1921.32,5792.3
2014-05-22,5648.38,5932.3,5229.43,4113.54,3595.71,4506.78,1969.18,5841.3
2014-05-23,5705.47,5957.68,5277.4,4137.23,3708.85,4558.46,2043.73,5923.65
2014-05-26,5618.5,5885.38,5259.09,4098.88,3597.23,4510.93,1977.36,5883.75
2014-05-27,5657.69,5937.08,5251.86,4098.64,3540.06,4498,1947.49,5844.2
2014-05-28,5678.93,5998.46,5290.69,4112.64,3551.53,4535.13,1957.01,5861.25
2014-05-29,5654.78,5994.22,5257.37,4081.76,3533.33,4505.32,1946.43,5796.45
2014-05-30,5708.75,6071.78,5288.96,4131.94,3504.74,4508.47,1930.41,5802.85
2014-06-02,5784.02,6110.98,5330.98,4155.11,3622.22,4549.36,2007.16,5911.7
2014-06-03,5824.69,6126.24,5354.9,4174.66,3669.77,4585.28,2021.32,5956.85
2014-06-04,5842.53,6148.23,5358.01,4183.94,3784.56,4599.65,2081.84,5972.85
2014-06-05,5905.48,6193.45,5403.93,4222.99,3860.44,4639.01,2105.93,6037.65
2014-06-06,5996.65,6252.98,5470.49,4266.48,3961.32,4710.35,2147.54,6129.95
2014-06-09,6051.78,6308.73,5544.95,4309.27,4035.07,4820.7,2196.55,6196.7
2014-06-10,6059.77,6373.77,5558.49,4347.79,3968.74,4832.38,2166.29,6192.3
2014-06-11,6065.76,6416.05,5573.6,4351.21,3869.23,4828.32,2096.45,6152.55
2014-06-12,6114.99,6456.74,5606.6,4387.05,3835.24,4853.74,2078.85,6168.8
2014-06-13,6058.35,6395.65,5546.2,4351.34,3658.71,4798.92,1985.41,6057.5
2014-06-16,6120.16,6432.06,5558.56,4367.1,3678.02,4793.03,1989.99,6056.7
2014-06-17,6188.22,6494.97,5603.52,4391.72,3791.51,4838.03,2043.78,6139.35
2014-06-18,6163.39,6480.58,5561.59,4358.78,3737.58,4831.88,2004.39,6084.85
2014-06-19,6175.76,6493.11,5607.23,4391.9,3697.2,4828.76,1987.4,6064.75
2014-06-20,6181.22,6521.52,5611.09,4385.28,3649.66,4807.25,1975.07,6038.6
2014-06-23,6218.91,6566.54,5593.09,4372.26,3718.94,4805.71,1989.73,6037.95
2014-06-24,6288.63,6626.41,5671.17,4419.87,3820.67,4848.31,2039.67,6113.85
2014-06-25,6284.77,6664.71,5693.97,4449.97,3829.6,4865.95,2046.21,6115.15
2014-06-26,6304.49,6694.61,5672.32,4451.34,3787.5,4840.35,2016.56,6065.8
2014-06-27,6382.77,6791.37,5697.4,4500.33,3798.94,4862.2,2023.21,6082.1
2014-06-30,6472.11,6861.44,5766.61,4552.36,3913.83,4923.36,2088.23,6174.2
2014-07-01,6508.89,6880.7,5785.98,4568.45,3920.49,4938.51,2097.1,6199.9
2014-07-02,6579.18,6932.83,5853.78,4627.81,3936.21,5007.61,2114.67,6276.9
2014-07-03,6630.69,6975.5,5834.53,4627.49,3892.03,4981.4,2098.42,6267.2
2014-07-04,6655.64,7010.24,5861.94,4642.38,3885.35,5010.24,2102.19,6297.6
2014-07-07,6671.64,7043.83,5899.5,4678.3,3854.27,5033.62,2095.25,6322
2014-07-08,6471.74,6868.26,5771.03,4594.07,3627.64,4909.45,1961.47,6152.3
2014-07-09,6332.28,6745.75,5735.07,4564.82,3550.16,4856.55,1922.02,6104
2014-07-10,6338.37,6734.64,5690.53,4534,3618.01,4836.05,1952.6,6105.2
2014-07-11,6257.92,6684.85,5651.48,4533.5,3468.81,4781.11,1842.37,5991.7
2014-07-14,6265.88,6688.08,5631.77,4506.28,3468.15,4782.64,1866.59,5990.7
2014-07-15,6400.55,6829.79,5669.18,4529.13,3581.43,4811.36,1920.11,6067.35
2014-07-16,6500.44,6923.88,5708.09,4551.99,3650.39,4845.56,1970.36,6147.9
2014-07-17,6611.52,7035.34,5755.42,4587.16,3679.12,4886.44,1990.82,6179.45
2014-07-18,6603.44,7006.25,5766.66,4602.07,3641.12,4886.9,1974.83,6184.55
2014-07-21,6631.18,7044.58,5795.84,4619.35,3638.63,4912.36,1972.69,6200.3
2014-07-22,6658.47,7081.38,5829.44,4661.29,3613.11,4934.22,1962.42,6251.35
2014-07-23,6655.04,7064.44,5865.26,4687.63,3617.19,4946.46,1964.81,6261.1
2014-07-24,6621.95,7021,5876.53,4698.77,3618.22,4935.2,1972.87,6278.95
2014-07-25,6548.63,6981.7,5895.84,4733.55,3525.36,4931.71,1909.1,6230.45
2014-07-28,6538.27,6993.97,5884.78,4724.25,3508.96,4890.45,1894.22,6200
2014-07-30,6565.16,7042.21,5908.32,4747.37,3533.59,4937.64,1909.1,6232.6
2014-07-31,6598.6,7062.55,5912.31,4735.88,3543.62,4927.8,1907.81,6194.45
2014-08-01,6537.6,7005.3,5848.49,4678.37,3497.15,4868.6,1889.21,6111.7
2014-08-04,6654.55,7095.6,5914.15,4713.65,3560.38,4907.09,1916.77,6175.7
2014-08-05,6721.79,7122.34,5964.34,4746.58,3605.72,4958.19,1947.88,6226.45
2014-08-06,6693.84,7127.7,5973.34,4737.77,3538.39,4930.04,1911.44,6173.6
2014-08-07,6668.07,7102.78,5955.81,4713.69,3536.07,4910.82,1902.56,6153.5
2014-08-08,6552.64,7025.42,5899.1,4684.06,3419.9,4860.76,1838.09,6072.65
2014-08-11,6638.85,7111.33,5912.94,4692.57,3444.41,4864.32,1858.08,6117.65
2014-08-12,6700.75,7172.03,5930.5,4722.83,3484.12,4875.77,1882.43,6186.15
2014-08-13,6596.4,7157.67,5934.57,4745.98,3350.14,4867.59,1805.42,6167.2
2014-08-14,6657.15,7214.72,5961.87,4759.13,3411.4,4898.82,1837.1,6215.65
2014-08-18,6785.16,7343.61,6051.23,4795.53,3512.91,4961.54,1879.88,6294.1
2014-08-19,6867.02,7389.54,6100.13,4824.88,3577.45,4999.87,1902.78,6328.8
2014-08-20,6884.32,7447.79,6103.04,4837.18,3557.56,5009.64,1894.5,6321.65
2014-08-21,6894.09,7478.58,6134.95,4861.43,3571.44,5024.8,1895.48,6339.35
2014-08-22,6897.01,7504.15,6142.18,4866.06,3565.04,5029.75,1898.49,6352.35
2014-08-25,6887.36,7517.9,6145.66,4883.94,3514.24,5036.5,1856.07,6332.45
2014-08-26,6904.49,7564.15,6161.75,4927.4,3486.5,5039.51,1839.3,6328.45
2014-08-27,6963.09,7623.85,6245.92,4966.86,3502.17,5081.06,1835.43,6355.15
2014-08-28,6969.89,7599.76,6248.89,4961.65,3481.88,5076.44,1817.21,6360.75
2014-09-01,7075.29,7706.25,6314.56,4998.46,3566.25,5142.28,1873.04,6438.45
2014-09-02,7184.31,7803.3,6362.69,5035.24,3597.71,5200.93,1880.8,6484.35
2014-09-03,7291.5,7960.8,6400.99,5065.13,3627.22,5201.18,1883.77,6517.7
2014-09-04,7372.44,8009.66,6403.85,5072.66,3570.58,5214.37,1837.24,6501.95
2014-09-05,7401.35,8054.65,6412.98,5086.19,3569.81,5233.87,1827.51,6502.3
2014-09-08,7515.08,8170.91,6484.58,5139.23,3632.33,5295.02,1849.55,6578
2014-09-09,7582.77,8234.31,6464.75,5131.35,3638.59,5294.27,1852.39,6577.05
2014-09-10,7598.59,8243.62,6426.51,5102.73,3623.96,5271.72,1853.97,6540.25
2014-09-11,7690.91,8341.42,6481.94,5125.67,3709.1,5290.56,1871.64,6554.75
2014-09-12,7744.61,8403.17,6541.62,5174.33,3725.08,5341.04,1869.86,6572.7
2014-09-15,7720.7,8431.7,6543.03,5170.91,3768.84,5360.26,1876.6,6540.1
2014-09-16,7429.91,8129.07,6451,5104.8,3592.45,5277.51,1797.21,6411.25
2014-09-17,7467.59,8190.46,6477.35,5112.96,3579.03,5302.21,1800.65,6442.5
2014-09-18,7617.24,8313.46,6583.18,5192.2,3692.53,5379.41,1859.72,6560
2014-09-19,7637.49,8329.59,6595.24,5216.02,3678.49,5404.13,1842,6561.65
2014-09-22,7591.51,8337.96,6591.29,5203.23,3681.57,5389.96,1841.36,6576.6
2014-09-23,7423.39,8162.32,6504.57,5140.32,3568.46,5315.06,1782.62,6464.8
2014-09-24,7313.4,8004.72,6500.87,5152.58,3490.21,5328.1,1741.19,6437.25
2014-09-25,7210.92,7878.1,6481.7,5118.23,3308.29,5297.54,1647.77,6343.15
2014-09-26,7268.52,7970.26,6499.96,5149.2,3366.08,5317.33,1702.22,6396.55
2014-09-29,7386.42,8196.76,6560.77,5182.55,3422.66,5348.49,1694.13,6408.3
2014-09-30,7418.6,8252.73,6596.89,5199.75,3420.2,5376.55,1668.04,6415.7
2014-10-01,7417.13,8206.51,6602.51,5228.16,3402.55,5384.02,1657.02,6398.05
2014-10-07,7366.95,8149.96,6551.24,5167.7,3381.09,5305.62,1630.51,6324.85
2014-10-08,7281.87,8101.49,6487.26,5088.69,3421.59,5242.22,1649.56,6316.65
2014-10-09,7399,8270.16,6530.93,5144.77,3491.42,5288.75,1711.45,6416.4
2014-10-10,7290.35,8105.33,6499.38,5126.58,3445.32,5255.88,1679.52,6330.35
2014-10-13,7312.59,8174.22,6498.73,5142.23,3491.47,5246.39,1694.97,6352.4
2014-10-14,7277.27,8176.54,6495.87,5134.15,3468.83,5241.1,1684.25,6339.9
2014-10-16,7031.69,7892.13,6375.55,5058.96,3370.98,5150.36,1636.79,6225.3
2014-10-17,7028.17,7921.63,6361.94,5032.23,3403.27,5149.01,1663.94,6255.15
2014-10-20,7119.35,8049.55,6441.69,5078.73,3464.18,5191.11,1696.47,6334.8
2014-10-21,7237.52,8159.04,6492.93,5124.55,3457.44,5210.11,1724.42,6378.15
2014-10-22,7334.58,8252.84,6575.41,5185.96,3468.57,5285.87,1734.2,6436.55
2014-10-23,7393.83,8317.95,6623.14,5209.22,3507.43,5307.55,1742.87,6463.25
2014-10-27,7335.44,8287.03,6577.83,5182.8,3499.59,5276.36,1729.38,6438.9
2014-10-28,7348.63,8301.35,6590.51,5195.21,3523.87,5292.46,1749.63,6465.15
2014-10-29,7431.47,8368.45,6648.1,5223.15,3548.36,5333.66,1757.86,6513.75
2014-10-30,7509.16,8480.31,6736.8,5276.81,3571.86,5370.43,1788.28,6570.3
2014-10-31,7622.94,8615.41,6825.3,5343.46,3672.29,5461.09,1843.82,6685.75
2014-11-03,7714.76,8728.03,6840.03,5335.1,3720.45,5466.62,1882.48,6704.3
2014-11-05,7759.7,8764.88,6856.56,5344.08,3734.61,5464.44,1874.63,6713.75
2014-11-07,7785.17,8797.85,6925.85,5387.7,3729.87,5500.25,1862.9,6720.95
2014-11-10,7823.71,8862.71,6972.53,5424.47,3752.34,5529.39,1860.32,6727.75
2014-11-11,7898.61,8933.52,6976.5,5424.77,3805.87,5538.69,1891.82,6753.1
2014-11-12,7954.48,9011.07,7002.17,5460.58,3787.62,5538.84,1889.63,6777.6
2014-11-13,7964.58,9028.49,7034.01,5484.98,3733.99,5542.02,1862.1,6753.55
2014-11-14,7971.46,9065.36,7046.67,5501.04,3783.14,5548.54,1895.06,6785.75
2014-11-17,8001.49,9149.89,7103.57,5535.61,3828.23,5570.15,1930.73,6825.75
2014-11-18,8048.68,9224.78,7115.78,5538.51,3846.09,5561.53,1952.79,6837.35
2014-11-19,8075.47,9158.15,7134.65,5546.91,3782.65,5550.14,1907.93,6797.7
2014-11-20,8080.33,9139.43,7153.63,5549.81,3754.76,5575.41,1883.74,6806.3
2014-11-21,8006.82,9056.85,7128.8,5539.69,3761.22,5575.56,1893.21,6847.3
2014-11-24,8035.27,9040.39,7142,5557.81,3769.58,5582.27,1905.14,6880.8
2014-11-25,7963.58,8945.78,7107.78,5532.74,3663.03,5571.77,1840.7,6810.45
2014-11-26,7981.53,8967.29,7101.8,5535.07,3708.45,5586.68,1863.08,6825.45
2014-11-27,8005.61,8997.47,7155.92,5576.15,3747.53,5622.12,1875.47,6845.3
2014-11-28,8037.93,9022.45,7194.21,5606.51,3863.14,5643.83,1918.06,6918.05
2014-12-01,7998.57,9004.89,7254.33,5669.9,3848.4,5665.29,1894.22,6898.05
2014-12-02,8062.37,9066.49,7265.94,5655.71,3877.56,5648.19,1921.57,6895.7
2014-12-03,8235.93,9182.67,7295.11,5695.89,3920.74,5678.61,1941.8,6935.55
2014-12-04,8282.48,9218.07,7301.49,5697.51,3962.41,5684.87,1942.23,6960.75
2014-12-05,8253.21,9223.94,7233.89,5641.69,3981.23,5640.54,1951.8,6937.55
2014-12-08,8161.28,9126.46,7158.04,5586.89,3931.59,5583.33,1918.9,6857.15
2014-12-09,8044.39,8993.46,7086.96,5534.21,3851.73,5540.58,1867.27,6767.6
2014-12-10,8146.66,9085.29,7123.58,5540.5,3918.2,5539.11,1903.6,6796.25
2014-12-11,8057.28,8989.01,7082.6,5510.65,3891.37,5511.21,1878.18,6744.95
2014-12-12,7987.08,8880.37,7051.34,5494.47,3813.81,5476.8,1836.79,6680.55
2014-12-15,7921.82,8856.27,6996.33,5463.8,3756.39,5463.23,1827.85,6667.55
2014-12-16,7700.74,8560.99,6869.04,5371.61,3625.71,5372.88,1743.77,6525.2
2014-12-17,7598.28,8455.23,6795.47,5329.98,3597.44,5323.9,1749.95,6492.9
2014-12-18,7872.04,8749.79,6956.17,5442.51,3745.68,5402.19,1820.98,6625.6
2014-12-19,7969.55,8854.96,6997.04,5465.29,3761.99,5428.74,1826.58,6670.15
2014-12-22,8016.47,8868.71,7063.54,5528.35,3797.88,5487.21,1845.99,6744.15
2014-12-23,7990.21,8821.05,7055.36,5506.42,3761.48,5486.24,1813.25,6703
2014-12-24,7972.32,8801.61,6976.34,5449.02,3757.95,5418.8,1829.21,6650.6
2014-12-26,8015.47,8818.57,6990.57,5477.89,3782.58,5435.08,1852.25,6674.8
2014-12-29,8120.92,8933.23,7052.09,5527.75,3792.54,5476.03,1856.68,6718.6
2014-12-30,8166.79,9002.74,7067.35,5540.15,3813.23,5473.15,1870.58,6733.75
2014-12-31,8283.31,9165.31,7117.15,5575.54,3852.46,5503.07,1880.16,6773.65
2015-01-01,8319.42,9191.08,7145.51,5588.37,3890.64,5500.63,1897.44,6786.1
2015-01-02,8413.83,9320.29,7200.34,5638.93,3902.23,5560.83,1919.65,6866.45
2015-01-05,8402.64,9369.67,7180.48,5618.42,3900.21,5542.39,1912.72,6857.45
2015-01-06,8145.13,9080.26,6992.88,5482.57,3759.57,5409.7,1830.66,6656.8
2015-01-07,8191.78,9109.41,7025.69,5483.66,3761,5423.75,1811.69,6644.95
2015-01-08,8343.39,9339.32,7108.72,5551.94,3855.15,5490.49,1857.32,6755.45
2015-01-09,8379.46,9327.65,7178.56,5610.39,3830.63,5557.51,1843.11,6783
2015-01-12,8426.75,9449.89,7230.21,5643.14,3859.22,5571.88,1862.19,6815.05
2015-01-13,8466.89,9465.56,7233.76,5651.95,3824.34,5586.2,1833.32,6801.4
2015-01-14,8460.28,9434.57,7277.69,5686.76,3776.45,5614.15,1807.32,6787.15
2015-01-15,8524.88,9549.65,7335.77,5732.14,3868.67,5695.19,1887.04,6937.5
2015-01-16,8580.31,9617.75,7390.67,5771.53,3859.15,5725.27,1892.81,6961.45
2015-01-19,8604.92,9634.02,7391.65,5778.99,3895.78,5736.02,1901.91,6992.15
2015-01-20,8631.96,9675.68,7403.76,5791.54,3904.78,5775.34,1915.78,7080.65
2015-01-21,8573.93,9685.61,7428.78,5836.14,3893.7,5813.81,1907.02,7099.6
2015-01-22,8614.34,9719.5,7437.12,5857.05,3896.3,5843.15,1909.38,7121.85
2015-01-23,8564.71,9667.48,7454.85,5867.78,3905.59,5874.96,1924.98,7170.25
2015-01-27,8651.28,9747.65,7460.26,5858.17,3914.97,5871.15,1930.42,7229.05
2015-01-28,8701.87,9869.73,7521.23,5906.19,3911.69,5907.12,1930.66,7241.55
2015-01-29,8646.49,9846.71,7568.61,5897.43,3922.97,5916.06,1936.47,7257.25
2015-01-30,8583.72,9842.73,7552.44,5860.33,3932.46,5853.76,1945.38,7166.7
2015-02-02,8660.54,9917.6,7563.97,5855.72,3936.28,5822.02,1972.36,7172.9
2015-02-03,8648.33,9903.38,7543.05,5843.15,3860.71,5811.97,1919.15,7137.45
2015-02-04,8634,9861.5,7503.93,5824.83,3870.18,5804.8,1918.88,7108.75
2015-02-05,8553.69,9718.11,7469.11,5839.07,3790.16,5798.31,1851.17,7076.65
2015-02-06,8407.83,9546.52,7402.9,5808.55,3748.94,5771.83,1841.58,7029.45
2015-02-09,8246.94,9332.04,7325.76,5768.45,3660.62,5725.52,1776.3,6922.35
2015-02-10,8324.31,9450.34,7386.54,5791.43,3633.34,5733.4,1779.34,6959.9
2015-02-11,8517.24,9690.53,7482.22,5851.45,3730.09,5783.79,1826.19,7031.8
2015-02-12,8644.66,9836.51,7569.15,5892.25,3762.99,5843.79,1851.63,7108.2
2015-02-13,8726.27,9910.76,7657.02,5952.21,3790.28,5914.06,1856.8,7176.2
2015-02-16,8732.13,9894.38,7640.55,5946.44,3786.24,5908.18,1864.41,7175
2015-02-18,8838.64,10000.44,7663.82,5953.77,3839.29,5944.16,1866.64,7228.55
2015-02-19,8815.46,9976.78,7635.45,5943.46,3849.63,5945.43,1874.12,7242.85
2015-02-20,8793.6,9978.37,7627.67,5931.32,3852.53,5918.29,1890.32,7209.4
2015-02-23,8721.26,9888.42,7579.8,5884.7,3810.01,5876.44,1849.91,7147.55
2015-02-24,8706.57,9825.28,7615.97,5900.7,3811.02,5885.86,1847.05,7146.6
2015-02-25,8693.44,9888.76,7608.84,5883.1,3791.26,5880.22,1843.2,7144.2
2015-02-26,8568.78,9769.68,7525.47,5824.97,3745.8,5814.47,1826.86,7077.5
2015-02-27,8715.14,9955.12,7602.69,5907.05,3855.19,5888.4,1904.21,7210.3
2015-02-28,8721.86,9959.15,7659.2,5962.15,3843.6,5941.61,1899.36,7239.45
2015-03-02,8890.38,10220,7751.59,6020.05,3922.6,6010.51,1927.52,7299.65
2015-03-03,9021.12,10391.4,7842.57,6071.2,3967.96,6073.24,1945.03,7345.55
2015-03-04,8923.06,10272.88,7774.93,6036.9,3862.84,6035.95,1898.66,7279.8
2015-03-05,9047.26,10390.45,7864.82,6092.95,3914.63,6074.63,1906.07,7303.35
2015-03-09,8945.56,10243.28,7833.76,6064.92,3852.25,6029.24,1847.37,7171.5
2015-03-10,8963.69,10281.99,7834.17,6055.76,3850.1,5993.18,1833.52,7141.7
2015-03-11,8966.51,10226.72,7810.97,6042.22,3838.17,5985.97,1837.94,7126.6
2015-03-12,9111.55,10442.26,7884.45,6093.27,3908.98,6021.67,1880.65,7202.6
2015-03-13,9007.67,10275.71,7767.14,5999.94,3857.5,5935.57,1831.96,7099.9
2015-03-16,9057.69,10305.75,7767.6,6013.59,3867.34,5922.11,1824.77,7078.95
2015-03-17,9182.58,10411.69,7862.82,6067.62,3897.39,5985.02,1839.54,7154.05
2015-03-18,9181.81,10409.41,7863.93,6052.52,3926.77,5953.64,1847.22,7137.05
2015-03-19,9142.57,10337.14,7845.55,6053.4,3870.68,5954.07,1809.47,7096.75
2015-03-20,8992.27,10147.19,7739.71,5995.1,3769.83,5912.54,1767.85,7028.2
2015-03-23,8924.24,10102.1,7699.76,5973.37,3711.39,5891.86,1758.77,6997.6
2015-03-24,8867.24,10076.53,7718.37,5968.52,3716.12,5905.12,1752.68,6984.75
2015-03-25,8833.07,10004.2,7717.82,5974.2,3684.94,5911.5,1744.13,6972.45
2015-03-26,8751.6,9874.97,7621.55,5884.09,3649.95,5815.44,1715.65,6846.25
2015-03-27,8784.83,9886.57,7606.86,5867.92,3640.23,5786.39,1722.57,6846.6
2015-03-30,8956.58,10159.54,7701.28,5930.58,3708.15,5861.85,1764.67,6969.95
2015-03-31,9041.87,10217.87,7728.82,5947.02,3730.58,5878.52,1758.57,6978.15
2015-04-01,9184.55,10423.96,7812.89,5998.65,3795.95,5939.5,1794.23,7060.2
2015-04-06,9294.73,10542.68,7896.46,6087.75,3832.41,6009.03,1825.28,7126.75
2015-04-07,9361.73,10541.4,7928.95,6110.2,3866.67,6032.66,1830.98,7144.4
2015-04-08,9418.38,10704.21,8025.8,6179.21,3900.61,6069.88,1847.13,7193.6
2015-04-09,9407.87,10695.18,8033.6,6190.33,3925.71,6092.65,1868.61,7234
2015-04-10,9413.54,10699.52,8039.94,6202.12,3961.86,6097.49,1896.01,7246.05
2015-04-13,9424.59,10649.88,8057.51,6232.95,3991.61,6138.68,1906.94,7286.2
2015-04-15,9385.23,10545.29,7962.81,6155.94,3976.64,6068.03,1888.98,7224.2
2015-04-16,9314.1,10453.34,7900.35,6101.99,3938.23,6023.9,1855.11,7183.35
2015-04-17,9175.88,10211.18,7728.07,5977.03,3933.24,5924.07,1843.89,7093.85
2015-04-20,9011.47,10001,7576.41,5870.57,3849.99,5816.45,1796.89,6958
2015-04-21,8975.8,9996.2,7495.46,5798.6,3850.41,5737.38,1796.34,6908
2015-04-22,8926.62,9929.33,7505.88,5820.29,3876.44,5758.39,1803.23,6938
2015-04-23,8893.42,9888.92,7502.49,5820.08,3879.48,5741.72,1797.78,6922.4
2015-04-24,8650.8,9557.94,7397.6,5740.49,3777.96,5675.74,1751.51,6826.55
2015-04-27,8332.54,9215.18,7233.44,5643.29,3674.33,5594.94,1696.61,6723.9
2015-04-28,8459.63,9403.98,7305.23,5665.2,3727.73,5657.56,1727.92,6794.65
2015-04-29,8619.47,9546.41,7345.64,5693.78,3731.83,5642.67,1730.43,6781.7
2015-04-30,8627.15,9576.03,7327.84,5659.73,3743.86,5608.26,1739.49,6749.65
2015-05-04,8805.3,9814.83,7486.11,5763.02,3834.26,5730.33,1780.99,6873.4
2015-05-05,8872.3,9838.31,7510.87,5791.08,3850.99,5730.13,1788.94,6878.5
2015-05-06,8536.61,9456.68,7314.43,5665.4,3680.77,5589.05,1695.82,6680.9
2015-05-07,8331.88,9165.83,7231.11,5656.72,3603.16,5573.96,1644.31,6616.85
2015-05-08,8458.13,9405.9,7345.81,5705.7,3643.77,5657.51,1684.03,6728.9
2015-05-11,8622.61,9609.11,7444.84,5776.94,3714.78,5730.93,1728.84,6839
2015-05-12,8433.22,9386.97,7338.34,5709.01,3585.88,5634.29,1658.64,6689.4
2015-05-13,8568.75,9534.67,7418.71,5744.24,3628.77,5675.42,1696.29,6780.4
2015-05-14,8679.94,9662.8,7474.18,5771.09,3684.55,5678.6,1734.4,6796.75
2015-05-15,8764.98,9700.18,7526.89,5796.52,3676.4,5706.66,1716.27,6827.05
2015-05-18,8858.92,9818.56,7607.65,5847.87,3697.8,5772,1725.4,6910.85
2015-05-19,8902.56,9816.09,7613.87,5863.14,3700.1,5772.26,1731.34,6909.7
2015-05-20,8897.8,9843.52,7634.34,5882.98,3692.31,5806.77,1729,6944.4
2015-05-21,8879.99,9838.87,7673.63,5917.58,3688.68,5814.99,1719.17,6938.75
2015-05-22,8897.11,9884.15,7715.33,5952.11,3680.19,5844.64,1717.71,6964.45
2015-05-25,8915.52,9896.91,7690.81,5913.19,3662.19,5799.83,1710.58,6911.15
2015-05-26,8926.08,9876.76,7697.43,5912.55,3651.52,5784.96,1707.81,6890.6
2015-05-27,8940.25,9883.99,7668.25,5874.2,3683.56,5741.6,1719.23,6885.1
2015-05-28,8896.07,9830.32,7649.91,5878.09,3690.78,5725.8,1720.59,6867.75
2015-05-29,9101.99,10028.31,7782.43,5973.2,3728.55,5809.79,1731.57,6959.85
2015-06-01,9127.63,10052.43,7795.3,5950.26,3730.38,5819.8,1726.72,6957.45
2015-06-02,8909.06,9767.58,7600.74,5820.75,3633.97,5704.71,1662.76,6799.45
2015-06-03,8703.39,9590.36,7517.97,5767.91,3530.57,5651.45,1588.96,6703.45
2015-06-04,8736.4,9588.05,7517.15,5753.46,3503.81,5649.3,1581.63,6704.75
2015-06-05,8753.41,9615.67,7509.52,5769.04,3512.49,5626.57,1573.97,6700.7
2015-06-08,8606.86,9447.27,7408.7,5693.5,3442.19,5577.06,1541.59,6631.3
2015-06-09,8526.9,9333.83,7362.68,5662.05,3442.28,5547.6,1534.87,6612.9
2015-06-10,8644.37,9508.09,7450.63,5725.82,3461.53,5609.37,1553.47,6691.25
2015-06-11,8512.69,9319.27,7322.09,5625.99,3388.32,5510.87,1505.47,6568.5
2015-06-12,8481.09,9259.86,7328.93,5594.31,3379.82,5532.1,1508.03,6577.4
2015-06-15,8514.07,9309.14,7343.34,5619.57,3380.89,5551.72,1512.52,6600.65
2015-06-16,8576.94,9383.59,7391.42,5649.23,3396.79,5579.87,1524.13,6627
2015-06-17,8752.54,9580.9,7501.21,5703.57,3405.39,5630.5,1535.84,6680.8
2015-06-18,8858.61,9740.07,7584.44,5758.55,3437.14,5685.53,1543.22,6746.85
2015-06-19,8866.16,9820.31,7629.9,5780.89,3459.01,5728.05,1550.53,6785.1
2015-06-22,8999.99,9957.19,7700.83,5840.27,3548.6,5784.83,1604.24,6889.7
2015-06-23,9025.41,9978.53,7701.11,5839.39,3577.41,5795.62,1612.02,6912.45
2015-06-24,8983.29,9894.69,7703.2,5851.33,3521.69,5793.15,1583.11,6887.8
2015-06-25,8990.16,9942.81,7730.93,5836.96,3543.19,5812.62,1597.37,6917.55
2015-06-26,9025.71,9982.11,7762.67,5877.02,3522.47,5819.44,1594.11,6908.85
2015-06-29,8858.32,9808.23,7674.11,5809.16,3468.55,5771.61,1555.99,6843.95
2015-06-30,8975.14,9952.89,7749.63,5861.18,3506.43,5811.09,1563.88,6897.2
2015-07-01,9111.15,10123.74,7839.41,5912.84,3591.39,5864.56,1597.08,6972.3
2015-07-02,9224.89,10247.41,7893.19,5905.62,3626.29,5868.15,1593.75,6983.35
2015-07-03,9181.5,10187.11,7898.38,5929.6,3621.99,5896.93,1590.5,7003.95
2015-07-06,9258.77,10281.55,7964.81,5966.58,3668.72,5932.05,1609.15,7043.4
2015-07-07,9327.03,10312.53,7972.66,5989.93,3688.2,5938.26,1616.69,7051.05
2015-07-08,9181.93,10112.14,7884.71,5910.76,3606.83,5865.94,1576.83,6939.7
2015-07-09,9165.11,10072.3,7825.19,5870.6,3594.81,5835.26,1588.3,6915.35
2015-07-10,9193.53,10118.37,7811.62,5858.05,3614.77,5828.69,1596.08,6935.55
2015-07-13,9322.33,10256.52,7920.7,5927.05,3657.97,5910.74,1614.39,7016.55
2015-07-14,9382.03,10259.85,7951.77,5974.23,3675.09,5928.35,1610.72,7020.25
2015-07-15,9421.28,10306.05,7996.25,6006.62,3662.69,5985.52,1606.73,7065.65
2015-07-16,9547.56,10460.13,8088.37,6051.87,3733.14,6033.38,1620.21,7136.8
2015-07-17,9616.26,10517.37,8111.85,6051.71,3762.93,6039.1,1623.75,7148.05
2015-07-20,9659.32,10589.97,8130.82,6064.02,3753.5,6056.72,1606.64,7148.5
2015-07-21,9436.97,10426.38,8021.43,6010.23,3675.58,6001.97,1567.36,7070.3
2015-07-22,9485.51,10538.09,8112.01,6053.24,3749.83,6072.06,1596.31,7149.45
2015-07-23,9470.87,10571.09,8085.94,6018.55,3785.49,6040.21,1598.79,7129.35
2015-07-24,9420.53,10520.94,8051.53,5983.92,3758.13,6005.37,1575.19,7074.95
2015-07-27,9328.75,10393.58,7972.94,5917.13,3695.54,5918.73,1526.55,6955.35
2015-07-28,9339.13,10415.51,7977.27,5881.3,3673.88,5888.45,1510.6,6935.65
2015-07-29,9406.95,10549.99,8029.06,5940.31,3639.95,5924.33,1509.66,6974.15
2015-07-30,9485.72,10607.58,8087.54,5967.82,3688.43,5955.84,1558.76,7019.6
2015-07-31,9591.69,10720.14,8177.2,6045.17,3738.61,6016.6,1586.82,7106.2
2015-08-03,9670.62,10810.73,8205.42,6032.63,3807.05,6026.48,1610.9,7129
2015-08-04,9762.59,11008.76,8269.26,6045.62,3848.65,6020.54,1625.98,7136.3
2015-08-05,9808.84,11109.33,8351.45,6119.37,3879.08,6082,1640.6,7186.25
2015-08-06,9802.35,11052.35,8363.01,6152.41,3919.71,6101.76,1645.54,7202
2015-08-07,9797.8,11018.61,8361.72,6139.59,3934.87,6083.84,1635.31,7183.85
2015-08-10,9787.27,10999.02,8352.28,6140.95,3907.17,6070.57,1620.68,7157.55
2015-08-11,9711.69,10868.33,8330.02,6120.96,3832.87,6044.11,1589.91,7101.1
2015-08-12,9534.11,10595.86,8202.67,6084.96,3718.61,5985.13,1529.26,6986.45
2015-08-13,9498.15,10520.37,8208.66,6077.47,3664.93,5993.47,1500.11,6976.6
2015-08-14,9592.35,10750.77,8343.75,6161.7,3752.05,6102.44,1567.44,7112.5
2015-08-17,9656,10767.13,8305.9,6168.27,3784.31,6068.31,1585.8,7098.7
2015-08-18,9817.11,10965.69,8360.11,6178.26,3817.77,6078.49,1584.63,7106.4
2015-08-19,9921.89,11017.06,8418.9,6227.5,3773.22,6120.07,1572.89,7125.85
2015-08-20,9763.25,10841.46,8331.66,6153.46,3657.42,6038.78,1516.42,7016.95
2015-08-21,9686.02,10701.46,8265.9,6143.91,3626.98,5996.51,1503.31,6961
2015-08-24,8751.84,9693.19,7662.49,5765.02,3227.99,5632.81,1315.87,6493.85
2015-08-25,8929.74,9848.87,7721.96,5833.61,3314.45,5671.52,1349.83,6569.85
2015-08-26,8937.83,9863.98,7700.2,5816.19,3285.31,5621.24,1360.27,6513.35
2015-08-27,9186.77,10125.43,7836.02,5917.12,3401.95,5724.88,1414.8,6657.25
2015-08-28,9212.72,10171.8,7851.6,5937.14,3399.02,5758.93,1405.61,6694.45
2015-08-31,9185.35,10085.77,7875.53,5966.52,3418.25,5751.8,1405.23,6669.35
2015-09-01,8999.97,9824.72,7718.65,5882.42,3290.39,5649.15,1344.74,6522.25
2015-09-02,9003.83,9790.66,7697.6,5867.32,3252.75,5616.63,1336.96,6475.65
2015-09-03,9135.25,9898.29,7767.41,5907.98,3306.46,5680.31,1373.44,6560.05
2015-09-04,8913.36,9653.49,7611.35,5806.54,3224.39,5566.14,1317.36,6421.05
2015-09-07,8679.78,9409.4,7460.98,5697.02,3158.35,5497.16,1295.95,6323.4
2015-09-08,8711.36,9476.6,7491.86,5708.25,3195.41,5551.5,1337.92,6407
2015-09-09,8852.92,9683.34,7592.34,5786.91,3277.49,5646.47,1379.32,6522.3
2015-09-10,8821.25,9694.81,7615.43,5756.33,3254.47,5630.24,1373.71,6504.5
2015-09-11,8882.6,9793.71,7637.78,5770.45,3258.17,5636.2,1371.26,6511.55
2015-09-14,8941.35,9863.56,7726.3,5830.27,3322.12,5691.66,1406.13,6582.7
2015-09-15,8915.79,9785.83,7702.83,5829.57,3268.87,5681.56,1381.82,6543.25
2015-09-16,8833.99,9688.35,7685.79,5843.31,3231.68,5723.59,1386.44,6571.6
2015-09-18,8854.9,9739.2,7697.94,5890.66,3289.87,5782.67,1418.77,6636.95
2015-09-21,8898.91,9790.83,7723.59,5897.23,3354.22,5781.64,1453.47,6647.15
2015-09-22,8836.1,9692.64,7634.16,5829.4,3305.98,5695.15,1406.09,6528.55
2015-09-23,8907.87,9776.4,7649.88,5826.19,3367.52,5702.03,1426.22,6553.9
2015-09-24,8954.23,9794.93,7689.43,5880.54,3381.57,5741.92,1418.94,6573.9
2015-09-28,8971.51,9855.15,7681.57,5862.92,3363.04,5709.73,1418.89,6524.25
2015-09-29,8983.72,9846,7687.11,5861.16,3332.03,5730.56,1435.04,6552.35
2015-09-30,9153.48,10072.91,7838.71,5975.3,3373.5,5811.73,1449.9,6646.1
2015-10-01,9222.2,10112.18,7831.41,5985.02,3365.31,5834.23,1444,6654.5
2015-10-05,9394.74,10272.81,7930.99,6055.9,3451.96,5915.36,1494.91,6789.1
2015-10-06,9471.44,10397.44,7974.88,6085.45,3482.35,5930.44,1507.4,6818.65
2015-10-07,9459.01,10340.82,7953.31,6054.02,3538.44,5935.31,1525.93,6835.8
2015-10-08,9391.55,10246.06,7896.45,6018.57,3537.48,5897.91,1517.17,6793.8
2015-10-09,9371.55,10219.76,7897.24,6037.3,3565.74,5925.91,1519.58,6829.4
2015-10-12,9341.8,10204.56,7871.74,6004.23,3595.61,5890.69,1533.91,6802.3
2015-10-13,9333.35,10156.15,7861.28,6000.19,3600.05,5891.49,1549.7,6797.55
2015-10-14,9399.63,10231.19,7845.06,5980.62,3593.57,5868.18,1546.28,6786.05
2015-10-15,9416.07,10200.86,7858.5,6000.98,3636.94,5896.36,1569.32,6834.05
2015-10-16,9434.28,10225.32,7885.72,6014.67,3652.33,5934.22,1572.66,6870.85
2015-10-19,9517.23,10325.88,7977.98,6062.54,3664.97,5975.52,1582.95,6907.7
2015-10-20,9565.62,10343.94,7957.17,6062.79,3632.44,5963.9,1583.26,6907.1
2015-10-21,9550.54,10347.13,7980.35,6060.91,3624.62,5966.31,1570.06,6895.75
2015-10-23,9496.42,10326.18,7975.18,6067.55,3624.22,5971.59,1566.42,6913.05
2015-10-26,9463.31,10240.07,7972.01,6051.33,3598.19,5952.76,1545.6,6882.6
2015-10-27,9444.28,10233.7,7983.23,6053.49,3596.8,5937.88,1552.98,6870.35
2015-10-28,9422.84,10204.6,7978.53,6048.75,3585.38,5924.05,1540.68,6828.15
2015-10-29,9396.88,10174.81,7953.03,6028.94,3556.45,5904.04,1537.68,6784.85
2015-10-30,9341.23,10169.37,7910.44,6003.98,3540.36,5872.04,1524.98,6750.95
2015-11-02,9316.99,10156.26,7901.59,5986.48,3510.22,5873.3,1524.16,6740.9
2015-11-03,9326.2,10215.64,7954.14,6002.01,3532.71,5886.72,1523.61,6755.15
2015-11-04,9292.87,10175.3,7945.2,5991.48,3537.88,5862.23,1528.26,6741.2
2015-11-05,9118.52,10011.64,7880.59,5945.97,3480.51,5807.31,1492.72,6661.7
2015-11-06,9090.59,9866.7,7827.13,5892.59,3439.99,5784.75,1477.16,6650.1
2015-11-09,9200.46,9919.48,7813.8,5899.31,3443.07,5774.59,1486.91,6641.4
2015-11-10,9078.75,9773.48,7728.13,5815.5,3367.44,5698.37,1458.11,6536.45
2015-11-11,9158.08,9866.53,7771.57,5850.61,3410.06,5729.71,1478.06,6585.15
2015-11-13,9029.85,9731.28,7684.51,5789.1,3389.81,5671.69,1468.87,6526.6
2015-11-16,9016.8,9722.42,7690.62,5787.33,3439.07,5701.01,1495.02,6551.45
2015-11-17,9072.51,9723.93,7721.06,5821.55,3466.47,5718.59,1501.97,6580.8
2015-11-18,9007.31,9679.62,7705.8,5784.43,3400.22,5661.27,1470.52,6507.55
2015-11-19,9125.75,9798.29,7795.61,5850.76,3449.39,5736.89,1489.07,6594.55
2015-11-20,9187.31,9886.78,7825.57,5881.49,3458.21,5769.02,1498.56,6615.65
2015-11-23,9232.64,9979.72,7829.41,5906.68,3436.27,5776.18,1494.09,6615.5
2015-11-24,9255.81,9987.01,7819.86,5900.73,3442.37,5764.34,1501.06,6609.1
2015-11-26,9235.14,9912.59,7813.27,5895.25,3459.45,5775.31,1521.55,6644.9
2015-11-27,9278.51,9969.02,7832.07,5913.31,3493.38,5797.69,1538.7,6686.9
2015-11-30,9333.62,10011.36,7812.98,5907.75,3514.35,5789.01,1556.79,6686.1
2015-12-01,9426.83,10080.49,7881.57,5957.97,3561.37,5815.7,1566.53,6712.5
2015-12-02,9411.11,10072.28,7894.32,5955.05,3552.55,5821.08,1558.53,6699.8
2015-12-03,9342.97,9991.87,7831.96,5902.83,3524.46,5770.96,1555.23,6649.5
2015-12-04,9280.06,9921.46,7789.77,5858.85,3493.56,5718.39,1528.24,6584.9
2015-12-07,9260.04,9902.14,7766.6,5850.72,3487.03,5718.22,1527.44,6576.85
2015-12-08,9170.39,9803.52,7708.61,5803.09,3400.7,5676.25,1478.74,6515.15
2015-12-09,8960.85,9593.21,7584.41,5718.76,3329.73,5604.96,1441.24,6425.35
2015-12-10,9071.76,9688.4,7632.65,5764.06,3359.64,5654.52,1455.24,6484.25
2015-12-11,9002.84,9624.27,7597.74,5739.78,3330.09,5622.95,1423.58,6425.45
2015-12-14,9037.76,9643.75,7626.19,5789.62,3338.08,5658.51,1437.06,6457.6
2015-12-15,9104.53,9719.64,7679.87,5823.77,3346.66,5693.66,1441.03,6501.75
2015-12-16,9121.77,9756.46,7688.75,5835.05,3367.11,5711.9,1452.91,6535.45
2015-12-17,9323.14,9946.3,7821.79,5926.81,3443.46,5788.43,1489.06,6621.75
2015-12-18,9304.39,9930.17,7791.92,5889.45,3429.73,5736.83,1489.17,6570.8
2015-12-21,9373.17,9993.08,7845.01,5920.53,3474.2,5791.04,1512.32,6628.05
2015-12-22,9374.23,9989.55,7797.04,5884.52,3445.1,5755.15,1498.37,6595.85
2015-12-23,9433.77,10055.24,7844.17,5928.86,3478.18,5795.86,1511.11,6652.75
2015-12-24,9446.83,10053.09,7856.15,5939.47,3498.11,5797.99,1519.86,6656.75
2015-12-28,9466.65,10089.61,7894.9,5969.23,3493.99,5836.14,1527.58,6700.7
2015-12-29,9500.14,10144.01,7910.79,5967.09,3486.81,5843.02,1528.52,6705.25
2015-12-30,9497.06,10120.83,7894.93,5942.67,3480.84,5824.1,1530.51,6685.45
2015-12-31,9502.57,10132.96,7919.23,5971.81,3496.94,5854.1,1544.57,6724.75
2016-01-01,9568.62,10205.31,7938.06,5985.82,3547.23,5860.16,1573.73,6753.65
2016-01-04,9477.8,10114.01,7858.06,5919.75,3492.23,5766.3,1534.85,6630.8
2016-01-05,9511.32,10171.99,7858.09,5934.81,3554.45,5768.76,1557.06,6639.5
2016-01-06,9494.62,10185.58,7819.48,5901.55,3528.52,5736.52,1538.85,6607.65
2016-01-07,9267.82,9958.75,7657.17,5784.83,3367.97,5616.86,1460.14,6446.85
2016-01-08,9329.22,10010.66,7679.3,5811.38,3414.3,5635.09,1489.1,6490.85
2016-01-11,9269.19,9932.84,7613.91,5759.19,3398.67,5602.79,1481.67,6451.85
2016-01-12,9254.94,9914.76,7594.91,5741.6,3347.31,5578.35,1451.38,6405.45
2016-01-13,9111.93,9781.3,7585.33,5732.92,3303.73,5587.75,1417.97,6415.95
2016-01-14,8994.47,9690.52,7556.95,5744.3,3259.28,5577.24,1383.18,6378.2
2016-01-15,8677.91,9418.62,7418.69,5656.27,3130.54,5514.38,1291.85,6262.4
2016-01-18,8258.95,9083.25,7291.32,5576.76,3030.63,5439.92,1247.47,6149.15
2016-01-19,8436.47,9246.56,7333.49,5605.38,3063.54,5479.05,1281.8,6225.2
2016-01-20,8283.8,9090.38,7244.12,5531.25,2972.14,5404.79,1240.53,6115.75
2016-01-21,8334.13,9072.41,7187.6,5500.91,2964.2,5373.31,1253,6092.05
2016-01-22,8505.13,9298.87,7307.7,5593.42,3063.16,5478.83,1301.47,6216.7
2016-01-25,8566.78,9340.21,7329.56,5613.9,3071.93,5481.38,1297.1,6234.45
2016-01-27,8634.33,9371.18,7338.54,5605.77,3089.62,5480.43,1308.46,6242.4
2016-01-28,8696.06,9383.85,7347.43,5612.41,3079.58,5470.57,1302.94,6230
2016-01-29,8835.37,9549.75,7484.8,5751.93,3118.87,5563.41,1324.42,6339.45
2016-02-01,8948.08,9640.06,7504.1,5790.43,3100.56,5557.51,1316.41,6341.6
2016-02-02,8821.92,9536.12,7440.48,5749,3014.11,5498.04,1283.4,6252.2
2016-02-03,8674.72,9391.54,7367.09,5710.65,2937.61,5434.22,1238.63,6166.2
2016-02-04,8530.37,9281.44,7357.87,5725.92,2941.56,5452.9,1232.94,6186.25
2016-02-05,8698.9,9458.99,7415.9,5814.41,3039.64,5512.68,1275.31,6270.5
2016-02-08,8698.53,9400.61,7360.55,5757.14,3024.54,5450.33,1276.53,6209.8
2016-02-09,8551.36,9233.01,7261.3,5670.21,2972.33,5395.9,1250.1,6125.6
2016-02-10,8430.39,9088.01,7193.03,5616.49,2903.78,5341.47,1211.19,6051.95
2016-02-11,7973.47,8707.35,7006.04,5449.42,2768.59,5187.42,1135.92,5843.2
2016-02-12,7910.98,8646.28,6979.3,5431.86,2722.62,5184.65,1121.51,5833.4
2016-02-15,8160.47,8943.73,7123.92,5545.85,2890.84,5284.47,1191.26,5999.05
2016-02-16,7971.91,8766.69,7025.49,5452.29,2799.58,5216.9,1150.04,5889.1
2016-02-17,8054.96,8895.11,7080.33,5471.03,2834.43,5248.6,1164.51,5930.15
2016-02-18,8082.64,8925.75,7155.73,5543.5,2851.69,5308.56,1170.12,5988.8
2016-02-19,8106.78,8896.34,7160.21,5559.49,2851.27,5326.23,1180.48,6000.4
2016-02-22,8118.46,8948.35,7196.34,5593.6,2863.45,5346.88,1185,6024.15
2016-02-23,8019.52,8814.83,7091.74,5511.82,2809.86,5261.4,1162.83,5930.9
2016-02-24,7915.5,8675.88,6998.35,5440.05,2788.31,5201.64,1155.17,5859.75
2016-02-25,7825.36,8584.14,6955.9,5406.89,2767.36,5163.7,1136.66,5816.5
2016-02-26,7736.91,8565.58,6963.27,5420.19,2785.39,5179.07,1141.49,5852.9
2016-02-29,7756.04,8649.54,6941.52,5395.93,2790.45,5148.64,1135.42,5829.95
2016-03-01,8051.05,8916.18,7123.91,5558.28,2883.38,5312.83,1181.83,6020.05
2016-03-02,8246.27,9050.76,7211.78,5634.12,2982.39,5398.95,1236.94,6137.15
2016-03-03,8392.96,9182.83,7277.1,5695.31,3060.32,5466.33,1260.36,6218.4
2016-03-04,8466.9,9284.16,7316.91,5707.9,3109.24,5469.78,1283.07,6239.35
2016-03-08,8535.76,9298.71,7310.19,5702.72,3170.48,5467.57,1287.74,6243.65
2016-03-09,8566.74,9345.57,7331.39,5720.63,3170.59,5498.94,1301.25,6275.1
2016-03-10,8509.05,9324.17,7308.72,5700.52,3156.21,5469.13,1289.4,6242.95
2016-03-11,8529.88,9334.23,7333.23,5728.03,3155.43,5481.15,1285.03,6258.45
2016-03-14,8598.37,9382.12,7363.21,5747.87,3174.11,5501.06,1287.88,6282.7
2016-03-15,8482.52,9229.36,7270.71,5655.36,3184.55,5439.02,1290.25,6222.65
2016-03-16,8394.77,9106.2,7268.51,5655.22,3164.44,5462.38,1284.28,6238.45
2016-03-17,8406.34,9079.41,7290.34,5671.61,3189.56,5478.35,1291.81,6255.75
2016-03-18,8459.61,9143.2,7355.49,5701.39,3229.96,5535.39,1312.34,6322.65
2016-03-21,8628.94,9329.43,7406.77,5735.85,3266.95,5592.4,1333.35,6406.7
2016-03-22,8614.3,9337.83,7417.37,5730.73,3290.09,5595.53,1343.8,6418.3
2016-03-23,8668.65,9355.05,7419.87,5726.77,3308.36,5600.6,1344.2,6423.7
2016-03-28,8454.9,9208.89,7335.05,5656.66,3200.54,5547.9,1297.43,6334.7
2016-03-29,8352.87,9124.64,7325.57,5627.72,3201.58,5534.33,1294.94,6323
2016-03-30,8527.29,9276.5,7419.07,5722.4,3299.32,5611.34,1340.26,6436.7
2016-03-31,8620.5,9397.04,7451.5,5746.94,3299.13,5616.96,1352.06,6452.15
2016-04-01,8622.22,9407.17,7458.87,5741.66,3328.13,5615.86,1379.33,6445.5
2016-04-04,8633.35,9426.91,7492.56,5786.84,3338.9,5643.56,1375.19,6479.6
2016-04-05,8505.53,9323.76,7435.81,5732.17,3251.56,5566.9,1320.49,6358.35
2016-04-06,8530.73,9407.6,7473.28,5747.63,3296.61,5586.31,1337.32,6378
2016-04-07,8479.12,9339,7428.49,5718.61,3277.96,5531.83,1320.98,6329.8
2016-04-08,8497.2,9399.09,7464.01,5739.3,3299.87,5539.55,1332.41,6346.65
2016-04-11,8597.75,9479.25,7531.24,5802.55,3357.59,5610.86,1359.71,6430.6
2016-04-12,8656.69,9562.17,7592.01,5838.23,3358.45,5645.44,1366.34,6470.1
2016-04-13,8714.67,9630.42,7673.92,5908.18,3412.85,5748.52,1388.1,6575.35
2016-04-18,8798.85,9750.56,7758.57,5960.77,3444.55,5794.34,1396.85,6635.05
2016-04-20,8842.87,9719.25,7760.05,5968.09,3490.23,5789.17,1415.36,6643.3
2016-04-21,8782.17,9663.54,7700.17,5937.96,3508.21,5739.7,1418.67,6634.3
2016-04-22,8766.03,9629.97,7684.16,5925.14,3514.96,5726.45,1424.54,6627.95
2016-04-25,8727.5,9566.81,7644.18,5891.83,3475.53,5698.68,1405.18,6593.45
2016-04-26,8846.76,9588.89,7695.71,5943.51,3529.89,5756.73,1430.9,6669.5
2016-04-27,8900.35,9618.31,7714.71,5963.06,3524.59,5789.73,1430.57,6684.3
2016-04-28,8768.58,9508.49,7634.94,5884.24,3455.85,5705.41,1413.15,6583.15
2016-04-29,8788.8,9545.12,7641.3,5882.44,3473.26,5712.37,1413.42,6588.55
2016-05-02,8837.87,9590.18,7676.55,5890.8,3487.38,5719.98,1416.87,6580.15
2016-05-03,8779.88,9530.1,7613.09,5828.02,3453.02,5681.97,1399.67,6533.55
2016-05-04,8572.2,9443.15,7565.51,5792.8,3343.8,5669.64,1355.45,6484.35
2016-05-05,8571.03,9429.42,7578.98,5806.82,3325.19,5684.72,1355.14,6500.05
2016-05-06,8556.93,9439.25,7605.05,5811.57,3350.99,5690.86,1363.28,6504.55
2016-05-09,8690.9,9553.3,7660.16,5866.39,3388.12,5762.82,1392.65,6603.25
2016-05-10,8657.19,9528.85,7677.67,5892.54,3363.09,5784.04,1386.59,6617.25
2016-05-11,8639.07,9501.24,7683.13,5869.53,3337.18,5774.28,1372.49,6593
2016-05-12,8730.31,9596.91,7721.77,5910.42,3362.03,5791.61,1385.05,6640.9
2016-05-13,8653.38,9554.64,7703.42,5884.26,3332.01,5738.41,1359.3,6582.3
2016-05-16,8626.27,9536.94,7708.27,5903.46,3330.24,5760.41,1353.69,6608.25
2016-05-17,8687.03,9548.81,7719.27,5918.3,3336.64,5778.58,1356.95,6629.7
2016-05-18,8728.07,9550.02,7701.55,5911.25,3359.69,5755.82,1366.94,6621.55
2016-05-19,8576.57,9415.88,7656.63,5856.83,3305.15,5702.78,1337.77,6546.5
2016-05-20,8489.68,9313.04,7633.24,5814.76,3274.94,5685.13,1326.59,6513.1
2016-05-23,8449.66,9256.1,7601.23,5787.08,3251.8,5681.84,1316.05,6495.25
2016-05-24,8369.22,9179.88,7580.34,5772.85,3238.29,5692.14,1307.01,6498.6
2016-05-25,8419.92,9230.63,7686.17,5860.27,3296.48,5806.81,1335.62,6626.85
2016-05-26,8504.06,9313.74,7754.74,5903.4,3339.05,5894.54,1362.99,6725.2
2016-05-27,8607.81,9381.12,7821.22,5939.79,3406.35,5940.62,1383.04,6797
2016-05-30,8627.34,9413.69,7866.4,5980.25,3428.93,5964.34,1389.16,6820.3
2016-05-31,8640.03,9420.41,7815.41,5946.36,3439.97,5933.93,1391.73,6804
2016-06-01,8633.1,9451.92,7871.15,5994.75,3415.47,5972.19,1376.68,6815.45
2016-06-02,8647.52,9496.9,7913.18,6012.81,3435.43,6000.89,1389.19,6849.2
2016-06-03,8547.38,9453.79,7929.6,6015.65,3421.76,6012.1,1370.17,6844.75
2016-06-06,8524.72,9451.75,7912.94,5995.68,3423.87,5991.2,1379.62,6832.3
2016-06-07,8578.34,9485.34,7950.2,6028.68,3452.2,6026.34,1397.3,6884.15
2016-06-08,8625.68,9480.45,7963.75,6029.6,3470.83,6038.58,1418.32,6901.8
2016-06-09,8594.18,9460.89,7910.32,5966.13,3494.17,5984.85,1422.57,6857.75
2016-06-10,8602.65,9468.76,7896.05,5951.39,3500,5973.49,1420.38,6832.05
2016-06-13,8570.86,9417.08,7860.4,5941.32,3470.64,5943.49,1406.11,6785.15
2016-06-14,8601.65,9454.49,7852.42,5938.69,3517.93,5932.87,1429.45,6793.85
2016-06-15,8605.1,9473.44,7902.68,5975.16,3554.18,6012.68,1443.36,6865.05
2016-06-16,8524.5,9430.16,7887.21,5960.41,3567.11,5976.88,1440.95,6819.85
2016-06-17,8564.53,9427.53,7910.49,5972.74,3577.87,6005.08,1448,6842.35
2016-06-20,8602.3,9439.49,7939.79,6010.18,3616.01,6047.28,1466.51,6891.3
2016-06-21,8619.63,9480.59,7936.95,6004.22,3624.17,6036.79,1468.05,6886.15
2016-06-22,8545.94,9476.26,7938.99,6010.38,3602.72,6027.59,1453.75,6871
2016-06-23,8515.51,9451.6,7935.38,6026.31,3618.82,6045.82,1458.03,6910.55
2016-06-24,8345.34,9366.37,7886.05,5959.41,3515.95,5972.07,1412.27,6775.55
2016-06-27,8445.27,9460.77,7901.55,5968.42,3580.78,5972.39,1438.91,6803.7
2016-06-28,8531.63,9519.3,7936.56,6004.92,3613.29,6001.93,1447.6,6837.75
2016-06-29,8605.38,9583.87,8017.33,6053.44,3667.38,6067.6,1470.83,6907.1
2016-06-30,8685.62,9668.97,8097.04,6108.85,3732.71,6126.93,1500.54,6980.8
2016-07-01,8748.95,9741.77,8159.27,6148.18,3795.65,6158.35,1514.91,7027.85
2016-07-04,8814.58,9826.21,8169.29,6164.61,3867.03,6166.65,1546.37,7071.85
2016-07-05,8802.95,9786.84,8156.78,6152.06,3884.62,6142.53,1563.12,7051
2016-07-07,8830.98,9811.57,8149.97,6141.83,3909.74,6147.87,1558.94,7050.1
2016-07-08,8826.39,9813.74,8162.95,6150.14,3890.45,6147.7,1550.13,7039.4
2016-07-11,8945.27,9909.47,8243.42,6224.27,3978.53,6227.82,1583.21,7151.35
2016-07-12,8996.99,9941.34,8254,6215.86,4045.88,6245.04,1600.2,7192.25
2016-07-13,8934.97,9916.02,8238.82,6218.55,4033.28,6231.3,1583.76,7177
2016-07-14,8941.93,9952.57,8262.33,6248.33,4091.07,6262.61,1603.84,7215.35
2016-07-15,8878.33,9896.96,8218.27,6183.73,4079.55,6243.97,1594.4,7194.4
2016-07-18,8805.96,9863.07,8200.6,6171.59,4033.01,6221.93,1569.97,7162.25
2016-07-19,8818.5,9844.9,8197.5,6174.08,4074.33,6226.98,1573.61,7178.2
2016-07-20,8934.82,9931.72,8249.98,6230.59,4101.26,6252.83,1594.67,7221.3
2016-07-21,8934.99,9922.26,8271.33,6232.72,4068.99,6247.15,1569.31,7186.7
2016-07-22,9022.72,9971.21,8288.99,6242.16,4128.2,6262.89,1584.54,7227.45
2016-07-25,9109.53,10054.28,8356.25,6276.89,4206.47,6323.76,1609.58,7305.6
2016-07-26,9106,10062.22,8343.78,6234.33,4172.84,6300.23,1605.08,7270
2016-07-27,9193.63,10076.11,8365.15,6217.38,4191.47,6317.21,1616.91,7297.9
2016-07-28,9283.57,10192.09,8473.83,6262.81,4193.03,6373.93,1620.57,7338.65
2016-07-29,9342.65,10289.39,8492.75,6284.98,4180.28,6360.26,1616.76,7330
2016-08-01,9404.57,10360.83,8584.97,6328.99,4182.38,6378.43,1608.99,7335.05
2016-08-02,9291.47,10311.14,8590.99,6344.25,4144.53,6385.12,1586.87,7310.9
2016-08-03,9146.59,10150.64,8462.75,6284.95,4108.36,6317.92,1561.73,7232.8
2016-08-04,9200.9,10182.26,8468.58,6283.43,4152.69,6313.96,1584.24,7248.55
2016-08-05,9343.07,10296.85,8539.58,6353.92,4258.23,6400.75,1616.59,7364.05
2016-08-08,9421.6,10420.81,8616.63,6414.74,4287.28,6431.98,1623.09,7398.25
2016-08-09,9307.73,10390.27,8569.14,6379.21,4242.48,6396.13,1615.84,7368.45
2016-08-10,9220.78,10307.89,8474.23,6307.78,4162.7,6312.99,1582.21,7277
2016-08-11,9144.96,10356.08,8540.98,6356.41,4144.69,6340.84,1570.61,7289.5
2016-08-12,9203.61,10385.31,8585.91,6367.03,4180.08,6382.07,1589.82,7347.45
2016-08-16,9198.78,10368.28,8602.42,6355.15,4210.21,6379.7,1600.45,7339.25
2016-08-17,9251.46,10405.55,8616.48,6372.67,4236.55,6361.16,1614.36,7343.7
2016-08-18,9418.63,10494.33,8646.53,6374.28,4270.46,6395.73,1628.73,7390.2
2016-08-19,9475.22,10562.82,8658.07,6372.44,4325.14,6389.54,1644.64,7397.8
2016-08-22,9380.38,10489.1,8608.02,6347.59,4289.17,6371.18,1637.04,7363.8
2016-08-23,9292.97,10423.63,8576.73,6356.43,4258.97,6368.73,1641.35,7359.75
2016-08-24,9312.07,10486.94,8613.81,6388.07,4288.17,6386.25,1652.34,7386.05
2016-08-25,9252.31,10489.07,8583.93,6356.26,4250.42,6339.6,1637.96,7343.5
2016-08-26,9249.37,10515.37,8572.49,6355.29,4220.04,6325.65,1630.2,7334.8
2016-08-29,9258.32,10530.4,8551.92,6326.91,4243.33,6329.48,1636.23,7361
2016-08-30,9359.78,10616.91,8640.5,6413.45,4301.73,6421.29,1660.9,7461.95
2016-08-31,9374.27,10666.27,8688.66,6433.22,4308.32,6460.7,1660.63,7490.65
2016-09-01,9309.87,10613.79,8712.7,6443.97,4255.6,6452.82,1639.86,7474.3
2016-09-02,9361.23,10623.81,8717.31,6450.03,4287.65,6473.94,1659.42,7504.6
2016-09-06,9514.31,10816.9,8832.26,6520.7,4347.37,6545.71,1689.29,7615
2016-09-07,9561.4,10830.88,8818.3,6503.18,4396.45,6509.7,1710.96,7607.2
2016-09-08,9652.09,10899.64,8826.19,6522.71,4444.33,6547.97,1736.3,7642.7
2016-09-09,9580.99,10812.61,8745.11,6473.91,4399.86,6477.42,1728.59,7575.55
2016-09-12,9295.77,10593.04,8593.87,6376.87,4201.06,6379.05,1643.83,7420.5
2016-09-14,9412.22,10704.37,8628.7,6395.76,4277.23,6390.51,1684.87,7455.3
2016-09-15,9480.65,10729.32,8608.38,6400.14,4255.98,6391.63,1674.85,7462.7
2016-09-16,9495.5,10776.63,8661.93,6429.12,4224.68,6424.23,1667.69,7487.2
2016-09-19,9570.04,10789.08,8671.99,6440.13,4267.85,6441.8,1685.03,7513.8
2016-09-20,9547.76,10762.82,8651.7,6420.23,4264.62,6409.86,1674.26,7490.3
2016-09-21,9575.02,10800.6,8637.52,6422.23,4269.21,6403,1670.25,7491.7
2016-09-22,9709.68,10906.41,8726.85,6462.48,4347.83,6465.03,1700.16,7573
2016-09-23,9730.12,10902.1,8708.48,6456.35,4350.74,6449.04,1696.61,7554.9
2016-09-26,9682.41,10877.6,8653.33,6423.19,4334.64,6382.65,1675.38,7479.75
2016-09-27,9679.47,10858.46,8655.73,6438.97,4302.16,6382.2,1662.9,7469.95
2016-09-28,9733.14,10917.5,8694.87,6455.49,4404.58,6394.58,1689.87,7514.95
2016-09-29,9257.31,10508,8486.66,6325.83,4196.36,6285.23,1580.43,7336.85
2016-09-30,9463.61,10683.9,8572.79,6356.95,4301.45,6304.57,1622.99,7394.85
2016-10-03,9722.25,10977.15,8767.38,6462.15,4434.07,6409.42,1670.79,7532.25
2016-10-04,9766.31,11067.94,8795.11,6475.82,4502.71,6429.65,1687.26,7567.7
2016-10-05,9789.49,11098.75,8806.96,6477.6,4530.42,6425.37,1695.03,7565.5
2016-10-06,9722.31,11094.87,8794.09,6441.14,4535.43,6408.29,1673.98,7537.25
2016-10-07,9715.05,11088.11,8768.53,6420.79,4546.63,6380.45,1680.79,7527.2
2016-10-10,9726.22,11083.8,8782.49,6449.63,4544.27,6396.09,1678.29,7532.7
2016-10-13,9619.33,10952.44,8694.74,6386.63,4463.56,6325.22,1630.63,7418.35
2016-10-14,9708.84,11081.64,8747.02,6363.1,4488.44,6321.08,1647.17,7439.85
2016-10-17,9695.06,11066.31,8683.45,6312.29,4452.67,6251.13,1628.84,7384.5
2016-10-18,9886.87,11218.45,8792.91,6402.02,4513.64,6334.16,1669.09,7512.3
2016-10-19,9872.99,11258.28,8821.88,6389.01,4543.79,6330.01,1671.4,7507.7
2016-10-20,9914.68,11296.41,8804.28,6382.69,4587.84,6324.25,1693.03,7538.8
2016-10-21,9928,11282.97,8799.36,6403.27,4603.85,6315.18,1698.83,7541.7
2016-10-24,9907.3,11295.14,8776.16,6385.38,4630.5,6301.88,1704.9,7551.55
2016-10-25,9920.67,11321.84,8765.29,6389.45,4598.59,6286.43,1696.87,7541.5
2016-10-26,9825.91,11219.35,8728.29,6359.03,4548.2,6278.47,1673.08,7476.75
2016-10-27,9707.98,11083.6,8624.38,6282.58,4519.98,6246.4,1658.34,7452.15
2016-10-28,9807.82,11222.74,8712.58,6337.53,4580.93,6279.79,1679.01,7494.1
2016-10-30,9851.53,11273.19,8730.25,6350.52,4594.16,6284.58,1681.59,7501.45
2016-11-01,9875.74,11304.32,8739.32,6329.18,4648.48,6274.65,1686.99,7502.2
2016-11-02,9664.13,11061.31,8590.39,6251.84,4537.62,6209.02,1638.93,7391.4
2016-11-03,9571.69,10958.13,8524.58,6216.54,4465.1,6187.71,1618.66,7344.1
2016-11-04,9383.46,10787.08,8434.16,6192.2,4381.01,6161.16,1580.43,7274.1
2016-11-07,9516.35,10892.65,8487.71,6234.5,4451.02,6179.54,1612.27,7330.95
2016-11-08,9566.15,10973.24,8492.11,6242.78,4459.3,6196.18,1618.96,7366.05
2016-11-09,9284.06,10707.27,8368.77,6135.06,4356.21,6083.91,1557.3,7247.45
2016-11-10,9452.94,10934.91,8449.41,6150.97,4525.7,6091.59,1628.34,7342.3
2016-11-11,8999.57,10445.79,8162.81,5946.23,4412.75,5928.53,1571.94,7126.5
2016-11-15,8433.32,9809.86,7828.82,5779.11,4252.11,5763.28,1510.97,6916.45
2016-11-16,8451.72,9870.26,7882.42,5816.35,4221.42,5788.96,1495.94,6928.1
2016-11-17,8455.21,9901.35,7868.45,5776.01,4243.72,5754.92,1498.42,6903.45
2016-11-18,8460.02,9918.18,7900.17,5771.06,4266.99,5772.1,1505.05,6908.5
2016-11-21,8145.92,9573.72,7722.49,5706.37,4125.3,5678.8,1437.19,6761.55
2016-11-22,8335.47,9811.91,7837.82,5777.79,4194.27,5743.07,1455.85,6835.3
2016-11-23,8559,10023.01,7912.51,5834.22,4255.46,5773.05,1484.57,6882.65
2016-11-24,8512.21,9986.44,7913.83,5826.84,4266.5,5756.4,1476.12,6837.5
2016-11-25,8692.59,10190.53,8052.62,5952.08,4351.09,5860.66,1504.87,6960.75
2016-11-28,8732.74,10246.38,8080.72,5973.84,4382.9,5881.32,1515.48,6983.4
2016-11-29,8855.83,10337.16,8115.79,5981.39,4386.44,5906.17,1525.51,7003.6
2016-11-30,8943.86,10431.48,8210.39,6027.31,4456.42,5960.41,1549.24,7079.4
2016-12-01,8817.67,10251.22,8138.5,5997.63,4379.41,5935.92,1527.34,7040.25
2016-12-02,8643.82,10091.95,8053.69,5919.95,4322.39,5865.27,1505.21,6947.3
2016-12-05,8679.08,10146.54,8107.12,5957.71,4356.2,5903.52,1527.7,6984.25
2016-12-06,8724.96,10225.5,8115.45,5951.11,4389.15,5904.6,1537.86,7001.6
2016-12-07,8716.64,10212.57,8091.51,5931.76,4384.78,5878.03,1523.44,6971.2
2016-12-08,8867.93,10390.46,8213.83,6018.98,4470.74,5971.72,1556.24,7089.25
2016-12-09,8895.1,10417.72,8206.74,6021.52,4485.17,5970.41,1576.02,7101.15
2016-12-12,8740.37,10224.55,8092.51,5952.81,4442.67,5897.14,1558.16,7023.2
2016-12-13,8650.24,10132.41,8072.14,5962.94,4435.08,5920.65,1559.67,7045.35
2016-12-14,8584.83,10039.78,8027.97,5943.06,4384.15,5889.53,1546.56,7004.65
2016-12-15,8591.01,10014.39,8024.78,5934.35,4394.71,5869.2,1555.86,6989.25
2016-12-16,8542.51,9977.06,8013.33,5926.6,4353.73,5863.95,1542.55,6976.5
2016-12-19,8460.66,9882.83,7972.85,5903.55,4357.99,5832.74,1539.28,6943.35
2016-12-20,8363.73,9774.15,7910.5,5880.28,4309.08,5820.41,1516.43,6908.1
2016-12-21,8375.03,9757.13,7899.82,5861.87,4332.56,5807.32,1522.48,6896
2016-12-22,8244.41,9573.05,7808.14,5804.14,4247.03,5750.3,1492.81,6816.35
2016-12-23,8253.92,9601.8,7775.17,5761.97,4221.15,5747.74,1484.16,6814.9
2016-12-26,8028.79,9370.01,7637.72,5688.78,4104.07,5689.3,1435.56,6724.45
2016-12-27,8230.95,9583.54,7752.57,5771.14,4178.81,5763.9,1462.48,6832
2016-12-28,8318.58,9649.09,7785.41,5809.07,4183.94,5777.21,1464,6847.4
2016-12-29,8461.05,9808.16,7881.21,5854.35,4248.11,5825.95,1487.6,6915.45
2016-12-30,8536.01,9921.73,7957.77,5908.44,4286.33,5891.89,1502.89,6982.8
2017-01-02,8694.19,10061.04,8021,5923.8,4356.15,5905.56,1524.24,7002.5
2017-01-03,8795.92,10172.32,8066.42,5938.38,4405.25,5918.6,1531.77,7028.75
2017-01-04,8796.16,10156.51,8060.19,5966.99,4418.53,5917.14,1541.21,7030.75
2017-01-05,8931.66,10336.94,8160.53,5991.83,4518.34,5968.14,1571.69,7106.9
2017-01-06,8917.98,10345.22,8140.52,5944.34,4509.48,5937.39,1571.39,7083.1
2017-01-09,8958.68,10383.3,8159.22,5930.22,4509.13,5927.96,1576.11,7085.15
2017-01-10,9048.97,10494.87,8209.26,5966,4555.78,5958.82,1586.71,7132.2
2017-01-11,9243.68,10709.87,8315.86,6003.34,4646.28,6019.3,1618.47,7214.15
2017-01-12,9266.55,10749.74,8308.09,6013.27,4663.75,6037.38,1617.53,7231.85
2017-01-13,9251.41,10709.08,8297.63,6006.43,4661.53,6018.46,1608.81,7228.3
2017-01-16,9346.45,10791.31,8316.58,5998.72,4706.22,6014.83,1628.5,7247.95
2017-01-17,9361.17,10778.76,8319.82,6020.97,4684.31,6018.14,1625.44,7243.65
2017-01-18,9500.57,10925.35,8361.74,6060.71,4712.87,6033.76,1636.93,7269
2017-01-19,9505.06,10946.51,8393.59,6072.37,4747.57,6034.26,1644.17,7287.75
2017-01-20,9325.07,10765.47,8307.26,6017.71,4646.01,5995.43,1598.53,7202.75
2017-01-23,9448.26,10884.75,8383.55,6034.44,4716.97,6028.74,1612.54,7242.55
2017-01-24,9581.52,11065.7,8481.35,6077.33,4764.76,6093.18,1630.16,7315.25
2017-01-25,9778.63,11320.65,8583.99,6114.73,4839.69,6167.11,1652.09,7417.7
2017-01-27,9802.45,11348.81,8605.59,6117.02,4866.08,6181.83,1674.81,7455.15
2017-01-30,9801.01,11350.74,8610.53,6117.23,4849.64,6187.9,1678.3,7452.15
2017-01-31,9695.19,11256.55,8538.89,6036.22,4761.32,6134.11,1650.05,7379.3
2017-02-01,9946.32,11555.59,8665.88,6084.02,4873.56,6213.98,1702,7516.05
2017-02-02,10047.14,11640.04,8713.51,6141.66,4913.88,6229.66,1708.74,7547.1
2017-02-03,10086.64,11650.24,8730.26,6185.97,4958.86,6233.31,1738.24,7569.9
2017-02-06,10176.09,11821.89,8813.37,6218.6,4973.08,6281.7,1752.01,7628.1
2017-02-07,10133.05,11739.31,8752.34,6194.89,4935,6268.87,1729.7,7603.2
2017-02-08,10171.06,11782.92,8783.09,6202.17,4978.81,6281.71,1743.57,7614.75
2017-02-09,10201.61,11768.54,8800.82,6237.67,4964.35,6296.42,1745.35,7623.6
2017-02-10,10192.4,11784.99,8838.69,6257.41,4944.27,6319.95,1743.67,7631.25
2017-02-13,10139.47,11785.91,8832.38,6250.05,4920.38,6331.72,1721.27,7626.95
2017-02-14,10083.15,11692.36,8765.44,6229.48,4872.59,6319.34,1714.39,7605.05
2017-02-15,9960.84,11523.07,8670.19,6191.16,4779.82,6283.6,1668.76,7531.6
2017-02-16,10182.64,11748.23,8765.98,6254.5,4845.61,6335.35,1701.25,7599.45
2017-02-17,10231.73,11803.19,8809.21,6253.39,4877.93,6349.39,1711.18,7638
2017-02-20,10286.15,11876.36,8887.58,6297.54,4958.1,6388.85,1737.32,7691.85
2017-02-21,10326.23,11917.93,8935.93,6327.58,5003.6,6406.19,1758.83,7725.25
2017-02-22,10249.49,11885.12,8906.03,6288.55,4993.61,6397.12,1753.03,7721.6
2017-02-23,10273.49,11939.03,8904.95,6296.98,5006.23,6403.41,1761.97,7729.65
2017-02-27,10294.57,11898.15,8927.03,6326.57,4977.4,6392.63,1761.06,7706.5
2017-02-28,10352.45,11932.61,8947.19,6324.95,4999.75,6387.43,1786.92,7709.1
2017-03-01,10405.05,11958.56,8958.1,6346.51,5023.89,6433.54,1795.65,7754.7
2017-03-02,10305.62,11819.82,8859.6,6321.79,4940.27,6404.26,1755.69,7691.65
2017-03-03,10381.74,11889.68,8904.02,6340.21,4971.42,6414.3,1766.31,7696.2
2017-03-06,10407,11954.22,8948.6,6360.54,4999.06,6449.16,1787.57,7745.4
2017-03-07,10370.4,11919.53,8944.85,6358.84,4973.25,6444.81,1781.02,7735.3
2017-03-08,10316.99,11882.46,8923.94,6355.41,4892.91,6436.89,1759.98,7710.95
2017-03-09,10286.87,11855.32,8921.49,6364.64,4871.88,6447.4,1756.5,7710
2017-03-10,10235.61,11803.58,8911.39,6372.18,4858.2,6454.91,1754.12,7710.9
2017-03-14,10440.8,12036.78,9043,6436.58,4925.15,6562.29,1794.05,7835.65
2017-03-15,10481.15,12070.17,9051.42,6441.81,4954.33,6559.61,1809.04,7854.75
2017-03-16,10618.17,12234.07,9142.22,6492.14,5056.84,6614.99,1849.56,7928.55
2017-03-17,10570.08,12151.56,9144.58,6532.9,5056.26,6624.18,1840.24,7933.1
2017-03-20,10583.59,12144.87,9148.65,6521.99,5067.26,6612.27,1845.24,7918.6
2017-03-21,10563.57,12148.3,9133.77,6504.48,5050.25,6613.12,1838.16,7909.2
2017-03-22,10447.2,12050.11,9071.31,6462.27,4986.47,6556.58,1803.36,7830.1
2017-03-23,10578.72,12193.37,9139,6493.33,5048.36,6590.75,1824.86,7885.7
2017-03-24,10599.34,12223.34,9138.17,6489.15,5090.14,6584.97,1835.1,7905.3
2017-03-27,10559.06,12196.79,9094.2,6440.64,5059.02,6554.62,1826.15,7865.3
2017-03-28,10657.13,12313.1,9150.14,6475.7,5068.29,6580.99,1841.11,7912.1
2017-03-29,10681.34,12382.96,9145.45,6507.89,5083.15,6591.72,1849.36,7945.3
2017-03-30,10719.05,12414.23,9160.8,6517.67,5097.24,6619.1,1861.93,7976.9
2017-03-31,10803.04,12547.75,9228.5,6532.45,5160.36,6645.55,1865.84,7995.05
2017-04-03,10889.23,12598.75,9241.15,6528.64,5168.39,6673.87,1888,8053.15
2017-04-05,10964.38,12678.22,9271.97,6528.13,5228.55,6694.5,1920.25,8095.1
2017-04-06,10918.36,12643.07,9287.41,6521.26,5223.13,6708.12,1928.32,8092.1
2017-04-07,10925.06,12645.25,9253.68,6497,5195.42,6666.94,1898.81,8045.35
2017-04-10,11022.95,12725.64,9276.29,6490.99,5236.26,6646.73,1911.19,8052.1
2017-04-11,11075.02,12761.56,9367.97,6524.85,5323.5,6673.8,1934.25,8107.1
2017-04-12,11089.92,12758.82,9349.72,6508.56,5296.32,6659,1915.91,8078.85
2017-04-13,11048.26,12699.56,9342.73,6467.62,5294.8,6631.8,1905.63,8044.9
2017-04-17,11031.49,12716.7,9306.53,6428.66,5303.27,6617.67,1933.66,8042.6
2017-04-18,10961.19,12690.79,9258.41,6398.29,5257.27,6583.27,1914.09,8003.15
2017-04-19,10997.58,12736.29,9283.93,6412.92,5278.17,6595.68,1929.77,8021
2017-04-20,11141.16,12873.13,9332.06,6449.95,5337.9,6625.81,1949.24,8063.1
2017-04-21,11087.51,12853.47,9305.88,6454.27,5352.22,6609.47,1957.52,8057.7
2017-04-24,11189.82,12944.2,9359.14,6485.36,5396.21,6658.16,1992.18,8137.35
2017-04-25,11348.99,13122.67,9458.14,6540.21,5448.43,6715.86,2014.02,8216.7
2017-04-26,11305.96,13049.93,9415.29,6535.95,5376.95,6724.64,1990.85,8230.85
2017-04-27,11297.69,13041.98,9406.36,6519.37,5379.05,6722.21,1997.2,8222.2
2017-04-28,11346.23,13122.04,9411.53,6510.04,5421.64,6707.59,2018.33,8214.3
2017-05-02,11409.72,13228.3,9447.81,6515.19,5493.84,6727.17,2023.13,8231.35
2017-05-03,11392.42,13157.38,9441.07,6529.99,5486.38,6748.01,2022.57,8227.7
2017-05-04,11441.38,13174.54,9468.55,6553.35,5512.4,6747.25,2035.46,8265.8
2017-05-05,11299.2,12978.55,9369.58,6514.49,5444.4,6702.1,1998.66,8193.25
2017-05-08,11372.32,13038.57,9409.85,6549.96,5503.85,6733.58,2029.07,8226.1
2017-05-09,11454.35,13110.74,9454.98,6559.34,5539.59,6743.44,2037.49,8242.7
2017-05-10,11569.14,13176.7,9512.38,6626.11,5566.72,6821.99,2044.78,8320.2
2017-05-11,11578.99,13233.96,9464.39,6670.36,5518.65,6818.02,2042.3,8331
2017-05-12,11480.59,13118.12,9444.47,6665.33,5509.79,6805.51,2027.05,8299.2
2017-05-15,11662.09,13330.07,9500.89,6674.23,5563.07,6829.77,2047.38,8351.3
2017-05-16,11693.24,13362.65,9537.45,6706.12,5586.35,6866.27,2064.38,8398.95
2017-05-17,11657.83,13326.27,9526.56,6687.69,5600.95,6854.3,2062.24,8396
2017-05-18,11404.63,13051.78,9425.04,6634.18,5486.4,6800.58,1999.88,8279.15
2017-05-19,11308.44,12886.66,9376.9,6591.17,5437.26,6767.39,1994.12,8258.2
2017-05-22,11120.68,12624.04,9303.05,6558.42,5354.77,6734.34,1962.69,8235.05
2017-05-23,10984.04,12465.78,9213.84,6492.07,5281.26,6693.06,1910.8,8159.15
2017-05-24,10847.55,12305.41,9135.96,6433.78,5200.44,6649.76,1863.8,8106.6
2017-05-25,11073.46,12569.67,9209.45,6494.08,5263.88,6713.62,1912.31,8233.9
2017-05-26,11282.1,12830.93,9294.79,6542.06,5372.34,6754.04,1950.14,8331.85
2017-05-29,11114.75,12675.39,9257.4,6522.64,5261.75,6777.9,1874.19,8299.5
2017-05-30,11252.86,12801.74,9316.42,6573.3,5304.37,6793.94,1906.26,8328.95
2017-05-31,11331.68,12924.05,9323.61,6583.21,5324.38,6794.02,1913.24,8350.95
2017-06-01,11421.91,12950.58,9359.93,6630.36,5312.78,6812.04,1917.62,8367.15
2017-06-02,11484.7,13005.43,9404.99,6683.64,5316.78,6850.41,1931.82,8406.55
2017-06-05,11573.26,13084.11,9446.97,6745.82,5343.4,6863.61,1943.11,8435.75
2017-06-06,11502.57,13035.62,9438.95,6752.91,5306.94,6846.8,1929.3,8397.2
2017-06-07,11619.83,13124.55,9466.39,6776.57,5329.41,6863.71,1948.36,8431.5
2017-06-08,11664.12,13153.74,9451.75,6755.5,5328.89,6857.96,1939.5,8429.15
2017-06-09,11786.89,13236.82,9445.25,6745.77,5352.87,6856.13,1958.8,8452.75
2017-06-12,11705.81,13159.44,9423.61,6735.58,5339.82,6827.23,1945.98,8408.7
2017-06-13,11734.39,13144.65,9421.25,6716.43,5332.33,6827.89,1950.29,8408
2017-06-14,11734.41,13134.12,9456.68,6723.8,5354.44,6841.05,1963.97,8420.8
2017-06-15,11755.45,13084.73,9434.57,6718.35,5335.11,6823.74,1975.49,8400.2
2017-06-16,11757.31,13116.09,9454.81,6704.54,5348.17,6826.21,1974.06,8411.45
2017-06-19,11789.7,13156.73,9460.17,6710.3,5366.56,6845.74,1982.03,8453.1
2017-06-20,11811.2,13171.9,9460.5,6707.32,5378.76,6842.62,1984.6,8454
2017-06-21,11801.24,13128.87,9449.6,6716.87,5353.23,6841.17,1988.18,8443.6
2017-06-22,11676.78,12962.62,9375.18,6693.52,5268,6827.68,1967.79,8423.85
2017-06-23,11480.69,12737.92,9293.4,6656.79,5184.38,6799.33,1940.56,8355.1
2017-06-27,11271.82,12545.98,9203.37,6598.22,5131.55,6752.15,1910.73,8285.5
2017-06-28,11331.04,12661.01,9222.82,6605.55,5186.27,6739.47,1923.56,8279.7
2017-06-29,11407.7,12749.85,9238.35,6621.05,5216.99,6735.7,1937.77,8301.1
2017-06-30,11462.19,12783.97,9260.99,6659.52,5198.3,6752.85,1936.27,8331.6
2017-07-03,11625.13,12961.1,9346.18,6723.01,5271.21,6795.24,1961.77,8416.4
2017-07-04,11587.9,12952.13,9341.13,6703.81,5240.01,6807.32,1946.82,8410.7
2017-07-05,11684.83,13057.33,9394.13,6725.84,5301.48,6836.72,1978.78,8451.5
2017-07-06,11744.9,13072.03,9409.19,6724.53,5333.22,6841.98,1989.42,8481.75
2017-07-07,11722.51,13024.93,9394.01,6708.41,5341.02,6837.31,1985.71,8479.45
2017-07-10,11791.14,13085.4,9473.42,6790.66,5408.32,6916.94,2015.02,8556.95
2017-07-11,11727.41,13043.29,9480.98,6789.92,5373.64,6922.49,1993.46,8544.9
2017-07-12,11858.44,13239.3,9595.29,6808.53,5443.16,6947.21,2009.36,8585.5
2017-07-13,11914.77,13333.92,9629.01,6821.57,5467.6,6972.89,2022.94,8646.3
2017-07-14,11939.63,13426.85,9649.95,6811.11,5453.61,6969.48,2021.85,8640.7
2017-07-17,11982.37,13450.22,9694.27,6838.19,5488.56,7015.32,2034.62,8659.5
2017-07-18,11927.91,13334.04,9661.83,6838.42,5454.43,7016.31,2019.06,8589.8
2017-07-19,12085.53,13515.58,9729.54,6890.12,5519.21,7062.71,2042.98,8662.15
2017-07-20,12090.49,13498.87,9695.71,6843.59,5515.57,7028.5,2042.9,8641.6
2017-07-21,12079.96,13517.46,9750.99,6880.69,5518.53,7077.56,2045.68,8669.75
2017-07-24,12068.99,13534.72,9758.08,6897.12,5517.98,7099.64,2053.32,8702.85
2017-07-25,12144,13609.69,9742.35,6888.54,5543.9,7084.3,2062.46,8710.6
2017-07-26,12165.02,13681.98,9753.45,6896.02,5566.54,7105.48,2078.69,8748.75
2017-07-27,12080.9,13601.18,9731.86,6870.34,5519.14,7097.65,2068.99,8737.1
2017-07-28,12106.54,13617.47,9751.86,6873.54,5544.92,7105.9,2079.01,8747.45
2017-07-31,12141.47,13690.13,9788.67,6879.23,5583.9,7139.8,2086.72,8793.3
2017-08-01,12192.66,13692.89,9799.5,6900.18,5607.81,7149.1,2086.42,8812.6
2017-08-02,12200.83,13748.86,9782.14,6887.9,5589.47,7135.82,2087.14,8786.85
2017-08-03,12144.7,13704.36,9794.69,6862.63,5547.15,7123.49,2046.68,8729.3
2017-08-04,12234.44,13858.44,9902.75,6920.78,5660.66,7147.47,2056.45,8776.2
2017-08-07,12400.79,14008.85,9988.23,6952.99,5751.33,7137.64,2088.18,8806.45
2017-08-08,12265.65,13902.44,9902.83,6901.31,5658.68,7094.51,2052.92,8726.85
2017-08-09,12061.58,13707.21,9822.74,6810.15,5587.64,7055.48,2023.05,8637.15
2017-08-10,11541.56,13218.99,9667.25,6727.35,5399.16,6985.62,1927.41,8497.75
2017-08-11,11520.47,13178.64,9606.34,6695.91,5335.84,6926.09,1906.01,8427.7
2017-08-14,11845.45,13560.95,9767.71,6775.8,5471.5,6990.96,1969.42,8541.5
2017-08-16,12009.93,13733.84,9832.74,6849.69,5530.49,7048.01,1996.27,8635.7
2017-08-17,12033.54,13808.29,9862.92,6846.74,5589.13,7055.83,2006.38,8643.3
2017-08-18,11955.06,13745.38,9844.91,6829.28,5557.88,7028.04,1992.73,8594.25
2017-08-21,11762.23,13553.3,9729.09,6765.5,5455.44,6959.08,1954.99,8509.4
2017-08-22,11714.07,13531.47,9708.7,6742.71,5441.19,6958.02,1935.03,8499.3
2017-08-23,11930.33,13732.88,9781.21,6758.43,5533.43,6991.74,1981.48,8585
2017-08-24,11972.28,13811.43,9820.34,6787.07,5552.85,7003.47,1987.42,8605.75
2017-08-28,12089.58,13976.75,9899.06,6858.79,5598.67,7053,2009.41,8669.6
2017-08-29,11945.67,13849.78,9815.68,6799.55,5527.66,6973.46,1978.45,8571.8
2017-08-30,12148.43,14100.03,9949.9,6853.29,5653.03,7027.36,2010.44,8663.15
2017-08-31,12296.68,14217.86,10003.32,6884.81,5686.47,7066.46,2030.99,8694.95
2017-09-01,12438.66,14357.16,10070.63,6936.23,5768.03,7114.8,2068.29,8755.25
2017-09-04,12317.66,14237.91,10003.69,6909.17,5713.01,7081.54,2039.86,8700.35
2017-09-05,12488.81,14431.01,10062.9,6956.33,5763.24,7114.41,2064.09,8747.2
2017-09-06,12551.78,14481.57,10047.06,6929.04,5767.61,7102.78,2066.87,8732.4
2017-09-07,12627.23,14623.78,10085.83,6968.61,5791.63,7120.2,2071.24,8757.15
2017-09-08,12569.98,14573.46,10070.64,6963.43,5749.87,7108.27,2058.43,8749.95
2017-09-11,12667.59,14721.9,10119.2,6967.01,5780.14,7150.94,2073.69,8810.95
2017-09-12,12787.94,14848.62,10192.77,7022.68,5850.91,7203.08,2107.95,8890.65
2017-09-13,12681.93,14660.53,10150.38,7016,5772.74,7203.41,2096.94,8866.85
2017-09-14,12768.48,14688.76,10145.94,7029.27,5775.75,7194.31,2114.01,8884.95
2017-09-15,12817.55,14738.48,10171.99,7051.19,5776.95,7209.63,2102.91,8887.6
2017-09-18,12947.6,14846.69,10252.2,7115.13,5793.6,7268.47,2113.48,8946.9
2017-09-19,12988.57,14917.52,10296.07,7114.5,5820.56,7268.18,2114.19,8951.75
2017-09-20,12884.39,14785.35,10224.92,7088.86,5806.69,7244.07,2116.04,8938.4
2017-09-21,12809.09,14740.93,10181.03,7091.12,5757.27,7242,2099.33,8911.2
2017-09-22,12329.05,14234.69,9976.94,6986.04,5562.56,7146.45,2013.36,8738
2017-09-25,11999.57,14000.97,9887.95,6910.47,5470.09,7096.9,1974.97,8638.3
2017-09-26,12152.5,14148.49,9892.82,6900.26,5508.98,7079.67,1997.31,8654.6
2017-09-27,11866.97,13857.49,9763.4,6810.28,5409.91,6990.74,1937.03,8520.95
2017-09-28,11953.97,13911.11,9792.45,6809.37,5436.81,7024.18,1956.3,8557.1
2017-09-29,12229.89,14134.68,9858.32,6832.65,5499.07,7028.73,1972.7,8600
2017-10-03,12373.64,14317.46,9932.86,6879.13,5532.41,7059.92,1982.18,8662.4
2017-10-04,12480.63,14414.98,9967.38,6901.92,5570.2,7103.11,1993.67,8706.85
2017-10-05,12555.29,14466.68,9956.71,6900.19,5576.26,7106.72,2010.83,8706.45
2017-10-06,12699.1,14730.8,10052.55,6943.06,5664.64,7162.28,2040.6,8787.4
2017-10-09,12819.49,14732.66,10025.06,6959.43,5646.23,7167.39,2039.82,8798.3
2017-10-10,13117.13,14865.38,10084.25,6988.87,5661.67,7197.28,2063.92,8836.4
2017-10-11,13019.11,14756.9,10079.58,6977.15,5630.3,7191.18,2015.77,8792.4
2017-10-12,13246.15,14992.28,10161.84,7056.66,5681.76,7262.33,2048.87,8890.05
2017-10-13,13238.24,15043.86,10186.22,7074.21,5714.36,7299.85,2060.1,8937.2
2017-10-16,13275.02,15146.23,10205.23,7106.64,5723.8,7343.78,2063.7,8985.25
2017-10-17,13448.08,15221.33,10264.36,7141.51,5780.81,7347.46,2075.1,9002.35
2017-10-18,13441.67,15229.19,10308,7121.52,5790,7366.59,2068.38,8984.65
2017-10-19,13353.8,15187.41,10253.89,7092.47,5762.87,7330,2047.64,8937.65
2017-10-23,13394.06,15294.88,10307.12,7118.44,5766.35,7370.47,2061.14,8972.9
2017-10-24,13401.34,15368.92,10317.68,7118.82,5802.54,7379.81,2080.6,8993.8
2017-10-25,13216.07,15259.1,10344.13,7134.24,5877.87,7359,2188.34,9065.15
2017-10-26,13312.85,15417.76,10397.66,7119.06,5969.78,7387.52,2209.96,9106.75
2017-10-27,13358.54,15379.69,10372.68,7129.95,5952.81,7398.79,2192.19,9104.45
2017-10-30,13453.63,15545.5,10427.11,7167.55,6011.14,7428.75,2223.2,9165.1
2017-10-31,13481.66,15531.85,10413.22,7182.36,5995.66,7426.6,2227.43,9153.6
2017-11-01,13576.86,15617.5,10462,7189.97,6044.2,7464.33,2252.45,9234.85
2017-11-02,13631.08,15678.78,10478.9,7229.34,6042.82,7461.28,2250.25,9237.75
2017-11-03,13659.35,15734.17,10471.07,7210.32,6049.68,7458.68,2273.77,9260.65
2017-11-06,13626.11,15758.79,10464.59,7275.8,6042.62,7472.21,2269.74,9273.1
2017-11-07,13475.21,15557.32,10415.06,7253.08,5941.57,7412.25,2208.25,9169.55
2017-11-08,13285.01,15343.72,10370.61,7260.33,5894.43,7395.96,2182,9117.55
2017-11-09,13351.39,15391.49,10464.24,7344.32,5917.08,7418.74,2207.17,9147.3
2017-11-10,13365.59,15390.5,10467.09,7354.77,5887.77,7419.39,2204.64,9154.95
2017-11-13,13320.34,15264.19,10431.86,7326.58,5818,7367.38,2192.99,9082.45
2017-11-14,13276.16,15244.43,10401.47,7319.97,5775.62,7349.91,2175.58,9051.5
2017-11-15,13000.81,15042.69,10318.64,7283.48,5672.35,7292.71,2118.27,8973.75
2017-11-16,13153.05,15186.46,10390.66,7343.52,5725.25,7348.76,2177.98,9065
2017-11-17,13328.55,15347.09,10430.02,7342.51,5791.42,7373.69,2215.76,9137.1
2017-11-20,13414.94,15439.68,10513.34,7363.85,5849.5,7383.45,2235.38,9161.9
2017-11-21,13393.01,15411.28,10558,7396.24,5848.71,7409.72,2226.3,9185.4
2017-11-22,13353.97,15384.73,10536.47,7377.88,5835.19,7416.27,2230.98,9195.7
2017-11-23,13393.26,15425.09,10562.24,7391.17,5840.5,7427.77,2221.83,9207.4
2017-11-24,13423.34,15471.03,10608.93,7438.65,5840.42,7458.96,2238.82,9246.05
2017-11-27,13453.13,15498.53,10606.38,7462.71,5828.8,7465.37,2260.11,9267.5
2017-11-28,13419.22,15511.24,10614.12,7471.79,5815.9,7469.85,2244.28,9254.3
2017-11-29,13352,15439.93,10600.51,7462.79,5808.96,7464.76,2236.41,9244.7
2017-11-30,13298.81,15445.57,10532.56,7419.77,5757.84,7392.73,2219.98,9154.5
2017-12-01,13097.12,15210.87,10458.28,7335.59,5676.9,7322.7,2175.76,9060.4
2017-12-04,13046.76,15302.81,10539.82,7358.21,5691.19,7323.15,2162.91,9059.35
2017-12-05,13069.26,15318.32,10505.99,7320.57,5666.69,7304.19,2161.06,9056.6
2017-12-06,12954.69,15176.01,10449.92,7293.96,5589.85,7275.68,2125.34,8988.55
2017-12-07,13197.71,15464.03,10583.49,7392.19,5662.18,7351.5,2168.44,9103.05
2017-12-08,13435.11,15628.16,10684.42,7451.61,5759.37,7414.04,2194.48,9190.55
2017-12-11,13442.04,15690.21,10732.95,7502.87,5777.02,7456.55,2193.13,9231.9
2017-12-12,13293.45,15543.31,10638.08,7458.32,5698.87,7407.26,2161.93,9156.5
2017-12-13,13206.47,15439.39,10585.36,7421.02,5650.58,7387.9,2128.33,9101.8
2017-12-14,13199.35,15494.76,10591.93,7415.86,5677.72,7405.74,2128.34,9133.65
2017-12-15,13470.48,15789.48,10656.11,7466.36,5745.2,7446.42,2161.15,9216.75
2017-12-18,13515.96,15928.8,10747.39,7535.36,5778.24,7495.55,2182.24,9270.85
2017-12-19,13735.1,16147.23,10861.93,7615.75,5850.03,7559.84,2227.05,9360.45
2017-12-20,13815.7,16247.31,10874.53,7626.61,5897.45,7562.58,2266.59,9363.45
2017-12-21,14009.78,16398.22,10927.62,7659.85,5946.82,7566.7,2300.87,9387.75
2017-12-22,14069.42,16457.62,10978.07,7702.22,5973.34,7601.58,2307.8,9431.5
2017-12-26,14153.36,16533.41,11044.9,7733.13,6042.01,7627.15,2342.94,9470.35
2017-12-27,14064.98,16436.92,10987.75,7718.18,6030.89,7615.16,2349.65,9438.25
2017-12-28,14106.25,16477.1,10985.97,7697.46,6067.42,7599.38,2366.31,9435.85
2017-12-29,14257.54,16585.63,11076.19,7775.83,6102,7664.35,2396.7,9490.65
2018-01-01,14231.23,16625.05,11029.26,7746.98,6122.43,7615.68,2386.95,9434.5
2018-01-02,14128.92,16474.39,11004.23,7698.68,6081.78,7630.68,2361.49,9417.85
2018-01-03,14325.16,16650.42,11003.87,7712.76,6111.01,7634.84,2388.22,9439.35
2018-01-04,14488.8,16765.74,11063.27,7737.62,6193.3,7675.29,2434.8,9505.75
2018-01-05,14624.23,16875.46,11096.72,7798.53,6215.78,7713.26,2454.34,9573.45
2018-01-08,14867.84,17168.51,11178.33,7863.5,6265.55,7759.87,2480.99,9639.25
2018-01-09,14894.3,17187.97,11196.18,7868.65,6253.3,7762.94,2472.33,9640.75
2018-01-10,14901.53,17157.29,11192.88,7875.06,6233.66,7775.11,2469.4,9630.6
2018-01-11,14935.32,17220.02,11189.84,7923.49,6249.55,7779.73,2483.15,9650.3
2018-01-12,14953.02,17227.23,11214.18,7913.93,6253.56,7797.01,2477.65,9665.2
2018-01-15,14948.61,17247.64,11218.52,7892.16,6235.61,7807.59,2488.93,9699.85
2018-01-16,14600.53,16866.33,11136.47,7868.7,6066.54,7797.84,2413.02,9612.6
2018-01-17,14782.04,17069.07,11184.75,7909.46,6146.91,7825.72,2466.09,9686.6
2018-01-18,14478.41,16755.01,11119.74,7891.46,5982.45,7817.26,2381,9646.8
2018-01-19,14710.81,17021.06,11215.8,7960.48,6045.86,7838.78,2425.63,9723.1
2018-01-22,14901.61,17335.65,11202.98,8009.43,6034.02,7895.19,2434.18,9787.3
2018-01-23,15055.73,17463.32,11276.86,8062.74,6144.73,7945.6,2486.64,9877.2
2018-01-24,14781.25,17205.54,11271.9,8073.9,6130.2,7944.6,2465.79,9853.9
2018-01-25,14687.35,17078,11221.78,8023.92,6076.06,7913.73,2443.05,9810
2018-01-29,14472.67,16901.13,11255.86,8037.2,6019.04,7988.26,2405.34,9819.45
2018-01-30,14199.9,16590.28,11222.05,7976.76,6041.8,7937.57,2384.7,9743.05
2018-01-31,13876.97,16134.58,11081.27,7868.98,6006.23,7906.06,2364.68,9697.9
2018-02-01,13868.03,16008.25,11048.98,7847.72,5937.2,7940.3,2358.67,9687.05
2018-02-02,12972.39,15085.69,10754.3,7686.2,5690.19,7765.58,2210.56,9409.8
2018-02-05,12996.7,14994.34,10663.77,7618.2,5696.86,7692.27,2230.02,9344.4
2018-02-06,12692.75,14625.04,10457.26,7471.56,5587.27,7557.77,2175.76,9190.55
2018-02-07,12952.1,14817.58,10507.85,7506.22,5656.32,7553.73,2184.13,9206.35
2018-02-08,13264.9,15215.6,10591.99,7599.84,5699.11,7641.93,2231.56,9322.6
2018-02-09,13291.45,15263.83,10594.7,7577.94,5700.6,7592.77,2239.53,9251.1
2018-02-12,13583.95,15675.12,10734.73,7650.92,5775.76,7674.12,2287.15,9348.45
2018-02-14,13619.1,15804.38,10746.42,7670.53,5727.77,7667.52,2269.66,9326.7
2018-02-15,13505.4,15728.53,10727.27,7650.48,5702.8,7665.27,2239.02,9323.6
2018-02-16,13326.45,15529.98,10646.17,7606.11,5631.84,7627.95,2199.89,9235.6
2018-02-19,13174.9,15377.53,10526.76,7518.8,5555.24,7564.39,2157.22,9159.95
2018-02-20,13167.4,15375.4,10528.72,7513.24,5574.52,7569.61,2164.89,9151.05
2018-02-21,13223.85,15434.39,10571.89,7573.42,5554.48,7593.38,2160.53,9167.6
2018-02-22,13139.2,15320.96,10490.27,7531.41,5502.88,7565.5,2154.88,9138.5
2018-02-23,13400.75,15597.36,10607.58,7616.18,5600.43,7622.43,2215.21,9251.35
2018-02-26,13518.5,15660.46,10702.94,7626.7,5659.43,7684.19,2233.44,9332.65
2018-02-27,13408.2,15574.46,10693.29,7636.56,5581.61,7678.59,2199.81,9302.25
2018-02-28,13309.95,15458.03,10649.36,7618.61,5579.03,7660.41,2189.47,9261.9
2018-03-01,13202,15386.35,10622.84,7614.39,5539.49,7656.23,2166.1,9225.35
2018-03-05,13082.75,15259.19,10540.98,7579.42,5428.45,7592.53,2127.7,9136.1
2018-03-06,12866.1,15106.46,10490.91,7527.8,5368.5,7533.14,2074.8,9039.8
2018-03-07,12656.8,14864.45,10437.89,7485.41,5268.04,7493.44,2015.25,8936.85
2018-03-08,12772.65,15002.13,10480.75,7508.55,5242.37,7535.77,2019.12,9000.7
2018-03-09,12818.4,15047.21,10483.56,7533.69,5194.61,7534.44,1984.33,8986.4
2018-03-12,12973.25,15242.06,10619.16,7609.29,5249.82,7642.98,2017.49,9121.75
2018-03-13,13189.5,15447.22,10671.59,7612.34,5341.66,7617.06,2048.79,9157.9
2018-03-14,13117.45,15344.39,10610.98,7608.64,5325.14,7594.85,2070.62,9151.55
2018-03-15,13164.85,15414.26,10592.29,7624.3,5334.91,7578.25,2090.72,9133.9
2018-03-16,13067.35,15273.09,10462.73,7524.96,5237.64,7475.95,2073.47,9004.45
2018-03-19,12767.85,15000.66,10320.83,7419.77,5112.91,7416.86,2012.43,8894.2
2018-03-20,12863,15064.31,10373.69,7469.34,5098.57,7446.35,2023.86,8920.45
2018-03-21,12929.2,15183.26,10415.66,7480.62,5120.18,7470.94,2029.51,8949.1
2018-03-22,12795.9,15051.31,10325.99,7427.14,5070.21,7434.01,2006.6,8904
2018-03-23,12545.5,14810.18,10233.56,7385.41,4956.46,7391.8,1948.69,8800.8
2018-03-26,12634.15,14924.59,10301.44,7435.49,5014.17,7446.67,1997.52,8914.35
2018-03-27,12746.1,15095.4,10395.67,7488.99,5094.85,7482.18,2038.92,8978.1
2018-03-28,12558.6,14947.9,10389.79,7477.85,5033.43,7462.89,1988.39,8912.1
2018-04-02,12938.5,15299.75,10528.44,7579.66,5086.82,7587.64,2027.34,9023.6
2018-04-03,13042.75,15418.28,10558.42,7596.21,5139.4,7607.66,2073.36,9074.85
2018-04-04,12701.6,15220.12,10476.89,7558.78,5058.38,7536.28,2036.23,8975.6
2018-04-05,12974.15,15590.65,10620.69,7681.25,5182.75,7640.16,2111.4,9146.15
2018-04-06,13089.4,15695.59,10631.17,7689.65,5210.55,7637.1,2125.69,9172.05
2018-04-09,13063.95,15780.62,10698.08,7707.54,5250.61,7659.15,2133.21,9205.2
2018-04-10,13026.5,15750.24,10660.13,7703.78,5270.59,7648.42,2149.17,9219.15
2018-04-11,13041.15,15755.49,10660.51,7739.27,5227.43,7693.06,2145.01,9230.85
2018-04-12,12935.45,15632.85,10683.65,7781.04,5199.18,7739.72,2116.61,9247.25
2018-04-13,13086.75,15789.57,10678.29,7808.53,5212.29,7755.72,2134.38,9267.65
2018-04-16,13422.95,16104.58,10751.25,7856.59,5208.2,7811.15,2159.13,9311.3
2018-04-17,13387.15,16132.36,10774.35,7872.11,5211.92,7826.96,2156.87,9330.3
2018-04-18,13429.65,16164.53,10774.15,7882.46,5193.22,7818.74,2154.96,9311.6
2018-04-19,13465.8,16302.62,10808.8,7932.21,5234.66,7845.53,2180.93,9356.4
2018-04-20,13585.35,16270.59,10841.93,8025.62,5224.55,7874.71,2138.85,9347.65
2018-04-23,13620.1,16292.69,10884.72,8038.24,5221.36,7920.26,2140.46,9373.4
2018-04-24,13688.15,16431.76,10865.14,8007.1,5159.8,7921,2131.54,9390.4
2018-04-25,13823.8,16418.49,10862.84,8005.71,5116.02,7934.03,2111.26,9349.95
2018-04-26,13835,16393.21,10861.35,8039.77,5118.68,7960.21,2113.34,9381.35
2018-04-27,13848.05,16423.65,10846.99,8026.11,5178.47,7965.6,2136.01,9443.65
2018-04-30,14120.65,16601.04,10920.79,8092.71,5205.08,8039.99,2167.15,9496.5
2018-05-02,14053.75,16422.03,10764.14,8018.34,5084.23,7996.24,2117.35,9444.5
2018-05-03,13868,16250.18,10610.15,7885.74,5067.9,7925.07,2100.77,9388.65
2018-05-04,13867.6,16290.29,10555.2,7834.53,5017.59,7881.64,2097.93,9339.75
2018-05-07,14055,16484.89,10600.86,7864.22,5076.89,7934.24,2138.98,9418.8
2018-05-08,14110,16528.13,10614.93,7875.77,5090.89,7901.74,2142.32,9419.85
2018-05-09,14287.3,16586.82,10580.08,7857.69,5070.41,7901.8,2138.7,9418.9
2018-05-10,14022,16308.48,10515.75,7813.15,5011.7,7872.29,2080.45,9360.95
2018-05-11,13826.15,16101.53,10600.11,7860.88,5032.84,7932.55,2081.64,9416.35
2018-05-14,13651.6,15788.51,10560.69,7847.02,4993.84,7939.7,2040.65,9389.95
2018-05-15,13535.5,15592.7,10535.52,7834.1,4947.36,7940.07,2010.15,9365.9
2018-05-16,13654.8,15591.99,10550.12,7852.37,4904.06,7934.04,2010.48,9328.7
2018-05-17,13823.35,15721.24,10517.41,7829.35,4915.26,7905.82,2020,9304.45
2018-05-18,13512.9,15528.74,10455.79,7807.52,4822.51,7862.85,1961.76,9209.2
2018-05-21,13134.5,15133.1,10352.25,7726.81,4778.36,7800.89,1920.17,9108.7
2018-05-22,13271.5,15219.36,10406.76,7761.27,4819.9,7813.2,1945.33,9145.65
2018-05-23,13181.6,15227.38,10343.37,7724.47,4697.05,7767.86,1919.89,9069.8
2018-05-24,13102,15216.13,10376.65,7774.52,4715.54,7808.34,1922.71,9115.55
2018-05-25,13306.95,15472.86,10533.93,7858.03,4807.04,7887.3,1967.4,9215.55
2018-05-28,13530.35,15698.76,10619.72,7883.78,4937.15,7911.91,2019.78,9307.55
2018-05-29,13660.75,15711.5,10615.58,7863.83,4932.83,7903.17,2000.59,9270.6
2018-05-30,13605.05,15602.35,10607.17,7853.75,4907.75,7896.17,1998.52,9255
2018-05-31,13583.45,15555.54,10669.54,7892.07,4935.14,7956.6,1987.84,9315.35
2018-06-01,13235.85,15230.38,10590.79,7823.21,4879.72,7919.36,1948.92,9255.25
2018-06-04,12886.8,14950.72,10506.59,7769.35,4826.36,7881.22,1911.81,9175.9
2018-06-05,12448.7,14595.16,10403.64,7668.15,4744,7836.32,1880.16,9110.5
2018-06-06,12757.45,14881.29,10526.33,7753.49,4823.24,7903.42,1917.59,9205.9
2018-06-07,13192.45,15279.39,10634.41,7847.73,4912.01,7967.52,1964.29,9300.1
2018-06-08,13321.65,15365.41,10613.64,7863.1,4918.4,7953.95,1979.43,9316.25
2018-06-11,13381.9,15413.86,10617.05,7856.1,4934.1,7965.87,1982.61,9332.4
2018-06-12,13498.1,15545.64,10674.08,7902.03,4942.23,8013.72,1993.52,9386.45
2018-06-13,13537.75,15630.58,10702.8,7916.69,4937.78,8026.69,1996.72,9386.4
2018-06-14,13573.65,15726.57,10697.21,7896.52,4907.86,8002.02,1987.96,9356.65
2018-06-15,13447.7,15646.93,10676.16,7931.49,4845.41,8021.23,1951.96,9343.7
2018-06-18,13311.9,15573.23,10663.77,7898.91,4831.27,7982.88,1945.37,9318.55
2018-06-19,13073.15,15336.58,10524.38,7809.71,4760.55,7902.41,1920.27,9234.5
2018-06-20,13153.3,15367.98,10517.94,7810.96,4767.79,7930.14,1936.54,9276.4
2018-06-21,13007.2,15246.56,10478.44,7769.29,4732.52,7889.04,1910.33,9240.25
2018-06-22,13098.25,15372.08,10516.86,7786.75,4730.49,7922.24,1926.27,9296.65
2018-06-25,13139.35,15286.89,10470.62,7769.68,4657.35,7898.19,1896.43,9234.4
2018-06-26,13098.75,15230.49,10506.09,7800.67,4657.82,7928.56,1884.17,9231.8
2018-06-27,12793.35,14980.56,10393.04,7770.55,4525.33,7862.3,1824.52,9129.25
2018-06-28,12556,14711.13,10287.39,7674.54,4463.67,7818.78,1786.76,9036.95
2018-06-29,12897.05,15039.81,10412.92,7748.44,4571.1,7919.46,1833.26,9162.45
2018-07-02,12960.3,15093.17,10346.59,7742.54,4505.11,7885.68,1800.52,9109
2018-07-03,13175.5,15247.99,10355.26,7772.03,4501.51,7924.1,1809.53,9149.4
2018-07-04,13336.3,15326.38,10393.79,7792.24,4465.88,7976.25,1809.74,9194.55
2018-07-05,13132.4,15161.82,10387.66,7777.61,4434.43,7979.91,1792.37,9166.6
2018-07-06,13163.75,15177.97,10412.93,7806.62,4481.03,7996.21,1819.2,9194.5
2018-07-09,13496.35,15409.72,10510.03,7885.95,4542.67,8056.11,1846.59,9277.95
2018-07-10,13647.6,15499.9,10559.23,7932.88,4592.64,8101.77,1871.55,9359.4
2018-07-11,13653.9,15575,10540.49,7934.81,4497,8106.89,1859.73,9344.25
2018-07-12,13618.35,15553.85,10579.53,7937.66,4492.53,8136.5,1846.93,9380.9
2018-07-13,13409.45,15477.07,10567.49,7928.72,4438.58,8139.62,1807.15,9349.05
2018-07-16,13094.75,15353.58,10492.82,7859.14,4307.64,8084.64,1731.92,9231.25
2018-07-17,13298.45,15450,10534.04,7889.78,4427.9,8106.37,1786.38,9315.25
2018-07-18,13325.4,15374.19,10498.16,7885.25,4364.87,8088.42,1748.54,9269.55
2018-07-19,13232.65,15238.35,10428.8,7847.18,4344,8046.17,1750.43,9236.3
2018-07-20,13469.75,15376.45,10394.95,7896.02,4317,8051.43,1763.91,9286.1
2018-07-23,13503.85,15399.19,10429.05,7946.55,4368.86,8091.21,1810.27,9363.85
2018-07-24,13606,15508.56,10546.26,8001.99,4494.16,8138.85,1874.12,9450.65
2018-07-25,13682.7,15509.36,10554.19,7989.32,4519.1,8117.97,1871.54,9449.9
2018-07-26,13764.55,15535.17,10530.94,7974.51,4550.78,8122.73,1891.99,9487.9
2018-07-27,13882.2,15619.31,10630.22,8031.52,4637.97,8161.19,1914.4,9579.05
2018-07-30,13875.25,15652.1,10663.63,8034.28,4692.76,8181.13,1945.87,9618.7
2018-07-31,14151.8,15927.58,10747.85,8081.75,4687.09,8254.39,1948.08,9650.6
2018-08-01,14205.9,15992.93,10762.49,8104.33,4695.28,8258.36,1941.07,9651.7
2018-08-02,14204.8,15898,10692.79,8070.97,4698.13,8192.09,1933.93,9588.8
2018-08-03,14354.1,16027.64,10794.96,8154.01,4750.54,8256.37,1967.32,9685.7
2018-08-06,14338.1,15967.58,10801.92,8136.99,4799.09,8248.57,1984.1,9709.35
2018-08-07,14185.65,15931.12,10821.03,8154.85,4793.33,8256.59,1970.16,9704.8
2018-08-08,14400.5,16070.86,10817.08,8182.89,4771.98,8284.78,1961.99,9744.75
2018-08-09,14478.5,16122.11,10834.22,8193.14,4841,8275.84,2004.38,9769.1
2018-08-10,14426.1,16118.77,10827.91,8177.71,4793.41,8264.97,1959.27,9724.45
2018-08-13,14337.4,16140.42,10758.36,8121.26,4671.72,8241.38,1928.26,9656.5
2018-08-14,14524.75,16295.86,10803.47,8174.88,4667.58,8282.47,1945.39,9726.15
2018-08-16,14534.9,16310.9,10739.71,8170.47,4630.55,8243.41,1925.57,9685.65
2018-08-17,14687,16520.62,10815.22,8228.08,4693.41,8289.06,1963.79,9770.2
2018-08-20,14607.2,16516.78,10905.03,8257.16,4770.27,8354.5,1989.22,9839.75
2018-08-21,14703.4,16570.51,10922.19,8289.15,4759.85,8393.16,1991.75,9862.5
2018-08-23,14615,16594.17,10963.76,8331.32,4693.36,8461.36,1971.26,9872.55
2018-08-24,14491.7,16506.74,10955.35,8273.37,4705.68,8457.49,1958.97,9850.8
2018-08-27,14721.45,16747.99,11097.27,8359.92,4781.29,8545.53,1996.78,9958.8
2018-08-28,14795.9,16787.87,11091.84,8358.12,4755.5,8579.21,2001.38,9985.9
2018-08-29,14728.35,16696.77,11082.58,8324.72,4794.55,8541.79,2021.66,9973.65
2018-08-30,14751.6,16708.46,11069.22,8294.12,4830.14,8536.4,2035.66,9975.2
2018-08-31,14877.95,16913.56,11122.27,8323.94,4830.55,8574.65,2045.2,9992
2018-09-03,14803.15,16762.57,11026.63,8251.42,4832.71,8482.21,2028.78,9921.65
2018-09-04,14528.1,16525.81,10879.57,8139.29,4693.85,8384.05,1949.89,9806.05
2018-09-05,14480.3,16426.82,10901.77,8109.67,4709.73,8338.15,1948.87,9764.55
2018-09-06,14564.65,16511.07,10959.02,8113.75,4748.3,8393.8,1953.85,9815.45
2018-09-07,14641.45,16627.54,11019.52,8181.28,4785.73,8450.99,1976.26,9875.2
2018-09-10,14445.15,16390.88,10859.3,8053.59,4719.9,8328.24,1934.54,9740.1
2018-09-11,14230.55,16186.81,10721.03,7945.94,4628.75,8256.73,1886.56,9607.1
2018-09-12,14247.1,16243.17,10790.8,7991.59,4622.53,8330.5,1885.22,9660.6
2018-09-14,14394.75,16436.95,10990.93,8104.02,4743.4,8421.27,1929.86,9792.75
2018-09-17,14310.35,16342.6,10966.38,8061.2,4765.73,8353.53,1921.61,9696.45
2018-09-18,14210.4,16287.65,10860.19,8003.11,4633.76,8303.87,1855.88,9594.25
2018-09-19,14060.65,16168.36,10835.9,7958.56,4640.01,8269.98,1848.04,9545.7
2018-09-21,13738.7,15943.59,10691.78,7773.34,4551.93,8210.78,1750.41,9425.55
2018-09-24,13421.9,15630.26,10441.68,7613.47,4433.55,8073.58,1688.58,9243.15
2018-09-25,13164.5,15604.07,10477.81,7636.91,4418.04,8145.21,1666.77,9303.35
2018-09-26,13094.05,15491.82,10439.86,7603.44,4448.41,8107.52,1683.72,9302.25
2018-09-27,12761.8,15282.04,10328.13,7523.07,4367.56,8063.27,1625.17,9202.35
2018-09-28,12415.75,15025.18,10172.05,7394.1,4260.08,7995.21,1556.26,9116
2018-10-01,12473.85,15070.42,10265.07,7501.46,4320.5,8029.23,1583.26,9165.5
2018-10-03,12391.65,14844.54,10176.68,7405.09,4395.1,7897.39,1593.85,9056.7
2018-10-04,11991.65,14428.64,9919.93,7213.93,4266.83,7730.47,1574.36,8854.85
2018-10-05,11761.4,14220.52,9650.11,7091.96,4008.51,7575.06,1522.98,8624.95
2018-10-08,11535.2,14053.85,9611.71,7055.85,3940.62,7596.54,1491,8602.6
2018-10-09,11429.95,13914.27,9513.73,7028.25,3913.51,7545.63,1486.96,8562.95
2018-10-10,11936.55,14341.48,9722.42,7218.71,4053.28,7637.14,1564.37,8748.5
2018-10-11,11836.2,14123.27,9566.27,7069.68,4002.98,7503.46,1520.07,8565.6
2018-10-12,12065.85,14440.36,9781.25,7217.54,4133.42,7676.58,1571.16,8767.1
2018-10-15,12281.05,14561.14,9773.79,7236.17,4167.31,7665.06,1582.49,8812
2018-10-16,12633.85,14864.55,9830.98,7292.75,4215.94,7722.69,1607.95,8893.8
2018-10-17,12464.25,14668.96,9671.75,7141.84,4087.99,7654.29,1539.49,8758.6
2018-10-19,12237.9,14406.1,9537.23,7013.75,4088.89,7537.64,1522.8,8640.65
2018-10-22,11985.95,14179.94,9487.92,6989.76,4035.01,7461.9,1505.76,8576.95
2018-10-23,11793.05,13894.6,9410.52,6886.87,4005.29,7377.69,1495.3,8489.9
2018-10-24,11809.85,13895.66,9481.32,6959.44,4086.79,7422,1513.46,8555.65
2018-10-25,11668.65,13771.04,9410.89,6913.17,4036.56,7393.57,1488.64,8473.5
2018-10-26,11702.8,13791.46,9358.56,6865.19,4023.1,7343.84,1490.33,8417.25
2018-10-29,12030.05,14149.06,9498.52,6997.92,4168.04,7458.25,1564.14,8610.1
2018-10-30,12068.8,14238.5,9447.3,7012.98,4157.33,7441.32,1588.46,8600.3
2018-10-31,12332.7,14599.85,9661.8,7190.42,4191.14,7564.43,1622.94,8753.45
2018-11-01,12400.95,14581.45,9658.56,7196.09,4232.94,7547.46,1656.85,8772.5
2018-11-02,12284.55,14578.02,9787.53,7254.63,4309.1,7669.07,1683.89,8899.4
2018-11-05,12190.95,14543.02,9751.5,7239.2,4283.46,7645.84,1687.89,8877.9
2018-11-06,12137.15,14515.64,9737.21,7229.86,4283.79,7648.24,1675.48,8870.3
2018-11-07,12256.7,14663.64,9807.29,7283.25,4317.33,7705.09,1688.35,8933.5
2018-11-09,12303.8,14720.72,9917.16,7340.72,4371.93,7730.72,1702.92,8946.35
2018-11-12,12290.95,14732.67,9804.86,7262.48,4279.45,7664.57,1672.21,8859.25
2018-11-13,12357.7,14801.86,9886.32,7275.37,4307.35,7726.03,1684.27,8923.55
2018-11-14,12328.05,14696.97,9904.11,7274.31,4339.28,7737.71,1685.38,8921.45
2018-11-15,12362.75,14738.55,9931.54,7268.3,4376.24,7765.22,1695.06,8954.65
2018-11-16,12374.4,14762.51,9924.64,7281.45,4333.03,7811.93,1681.38,8993.25
2018-11-19,12466.9,14847.84,9992.73,7318.04,4358.96,7865.75,1700.61,9052.75
2018-11-20,12362.9,14721.79,9889.34,7238.54,4279.96,7795.73,1667.66,8960.15
2018-11-21,12267.2,14642.93,9855.46,7217.07,4294.28,7749.9,1687.78,8940.3
2018-11-22,12184.3,14545.46,9772.26,7167.05,4231.86,7707.08,1662.35,8879
2018-11-26,12270.1,14577.18,9888.83,7243.56,4216.93,7796.4,1655.77,8943
2018-11-27,12361.85,14617.28,9905.14,7281.05,4232.93,7841.05,1662.42,8983.9
2018-11-28,12298.1,14638.61,9832.88,7284.44,4137.11,7859.17,1627.19,8993.25
2018-11-29,12286.65,14667.11,9891.66,7327.78,4149.28,7926.71,1631.75,9081.85
2018-11-30,12445.75,14856.41,9927.65,7374.36,4111.16,7963.63,1637.43,9109.15
2018-12-03,12466.55,14877.92,10030.91,7432.42,4197.63,8011.47,1656.15,9126.9
2018-12-04,12440.4,14879.25,10035.15,7449.83,4227.89,7997.21,1647.89,9116.45
2018-12-05,12300.85,14790.03,9947.57,7392.36,4122.12,7948.31,1612.54,9029.45
2018-12-06,12071.25,14513.63,9776.73,7231.48,4057.24,7805.12,1575.38,8883.25
2018-12-07,12097.35,14622.35,9864.12,7269.06,4050.67,7888.87,1580.25,8940.65
2018-12-10,11835.45,14358.75,9685.06,7140.16,3981.57,7736.37,1537.07,8769.6
2018-12-11,12028.15,14512.4,9788.61,7226.49,4015.36,7819.93,1567.11,8845.15
2018-12-12,12335.95,14808.66,9994.6,7408.8,4101.48,7982.29,1625.71,9021.6
2018-12-13,12446.5,14952.77,10064.61,7452.53,4117.57,8049.68,1642.67,9077.3
2018-12-14,12449.65,14950.81,10113.24,7475.44,4165.49,8056.5,1648.92,9091.3
2018-12-17,12446.95,14940.03,10166.83,7494.65,4200.65,8089.39,1656.89,9153.95
2018-12-18,12474.7,14954.92,10213.9,7500.25,4254.11,8112.04,1679.93,9177.35
2018-12-19,12508.3,14984.22,10332.69,7578.3,4295.14,8170.61,1712.86,9246.8
2018-12-20,12440.35,14941.2,10341.55,7576.36,4317.33,8152.08,1712.59,9234.45
2018-12-21,12225.55,14661.54,10193.26,7448.05,4289.05,8009.58,1685.37,9082.55
2018-12-24,11992.8,14441.84,10095.17,7372.28,4254.4,7928.54,1665.95,9002.45
2018-12-26,11951.5,14418.51,10095.05,7350.71,4262.75,7947.1,1672.22,9041.7
2018-12-27,12051.8,14521.26,10145.61,7413.49,4273.79,7998.82,1671.16,9078.8
2018-12-28,12141.25,14639.88,10229.73,7445.3,4337.44,8032.36,1702.75,9152.55
2018-12-31,12191.25,14671.71,10257.08,7461.32,4358.52,8042.42,1716.37,9170
2019-01-01,12184.85,14664.4,10259.14,7458.44,4367.24,8043.56,1722.85,9197.9
2019-01-02,12108.15,14577.46,10146.25,7390.89,4283.16,7970.86,1689.51,9103.4
2019-01-03,11993.65,14468.16,10049.49,7333.04,4223.38,7911.73,1670.18,9014.8
2019-01-04,11945.25,14449.57,10068.48,7319.59,4277.9,7924.97,1694.42,9054.9
2019-01-07,11982.1,14530.81,10096.24,7318.89,4279.87,7958.92,1689.4,9081.15
2019-01-08,11948.9,14566.12,10109.34,7339.13,4305.01,7940.52,1709.23,9098.65
2019-01-09,11995.55,14655.81,10130.44,7338.47,4257.21,7976.08,1697.73,9127.45
2019-01-10,12015.3,14682.98,10132.76,7355.01,4251.64,7967.27,1703.19,9119.4
2019-01-11,12020.1,14653.12,10116.35,7353.12,4247.1,7942.97,1699.15,9098.2
2019-01-14,11983.35,14581.9,10068.63,7358.42,4237.15,7901.35,1684.99,9051.45
2019-01-15,12074.35,14799.08,10214.92,7469.22,4296.1,7994.43,1707.75,9157.15
2019-01-16,12118.8,14821.74,10214.98,7460.3,4306.66,7988.82,1706.16,9158.75
2019-01-17,12103.35,14824.04,10234.47,7453.97,4309.22,8003.92,1691.95,9161.6
2019-01-18,12048.15,14817.96,10233.89,7422.98,4276.01,8015.09,1672.53,9140.1
2019-01-21,12024.9,14847.66,10219.5,7405.18,4217.34,8036.45,1650.98,9155.3
2019-01-22,12056.65,14899.14,10186.26,7387.42,4176.32,8012.61,1634.23,9131.15
2019-01-23,12056.25,14906.09,10143.49,7366.29,4177.85,7954.57,1629.65,9068.85
2019-01-24,11984.7,14933.38,10161.84,7380.12,4165.98,7955.47,1631.15,9072.2
2019-01-25,11822.8,14880.63,10091.4,7316.46,4124.38,7888.19,1595.35,8994.35
2019-01-28,11542.15,14675.89,9992.85,7200.64,4061.12,7831.62,1542.36,8876.6
2019-01-29,11527.75,14766.53,10011.98,7192.92,4068.58,7831.76,1549.39,8875.65
2019-01-30,11611.6,14916.21,10020.87,7205.17,4095.89,7825.5,1553.6,8884.9
2019-01-31,11781.55,15110.36,10126.53,7269.75,4129.44,7933.76,1556.73,9003.85
2019-02-01,11969.35,15314.05,10220.89,7377.97,4075.48,8038.35,1538.57,9056.3
2019-02-04,11916,15302.61,10179.96,7330.57,3990.8,8023.39,1499.15,9042
2019-02-05,11911.65,15285.26,10154.55,7316.5,3921.91,8029.71,1483.73,9033.6
2019-02-06,12047.85,15486.38,10229.01,7407.67,3973.68,8079.9,1490.15,9118.7
2019-02-07,12073.85,15529.73,10279.29,7467.98,4002.2,8092.58,1494.22,9145.8
2019-02-08,11955.65,15405.97,10131.36,7360.74,3873.8,8005.74,1454.92,9036.9
2019-02-11,11739.7,15222.37,10091.83,7325.6,3837.23,7967.52,1430.91,8967.15
2019-02-12,11706.15,15125.4,10062.13,7295.49,3848.69,7928.15,1432.53,8925.3
2019-02-13,11663.9,15074.13,9995.58,7245.98,3803.02,7890.85,1426.82,8887.9
2019-02-14,11692.6,15040.3,9928.71,7280.26,3800.74,7840.38,1465.17,8869.3
2019-02-15,11558.45,14874.94,9884.63,7193.32,3793.21,7833.38,1446.38,8827.05
2019-02-18,11426.15,14775.09,9817.56,7122.32,3769.98,7776.25,1430.2,8754.35
2019-02-19,11379.6,14650.19,9779.14,7078.95,3813.83,7724.11,1446.36,8742.3
2019-02-20,11499.4,14802.2,9881.56,7161.26,3891.65,7796.5,1474.3,8845.6
2019-02-21,11568.75,14901.09,9930.79,7207.02,3932.83,7814.77,1502.26,8901.7
2019-02-22,11586.7,14956.72,9990.46,7248.26,4001.68,7820.16,1515.17,8919.75
2019-02-25,11658.05,15086.54,10050.71,7306.88,3997.63,7886.23,1516.23,8983.85
2019-02-26,11624.9,15078.26,10034.35,7302.72,4004.55,7867.06,1501.31,8953.15
2019-02-27,11611.3,15053.58,9994.91,7301.4,3995.01,7857.34,1499.65,8946.2
2019-02-28,11655.2,15041.27,9996.21,7310.56,4036.59,7845.51,1509.92,8955.95
2019-03-01,11754.6,15120.11,10082.01,7367.91,4129.26,7896.68,1555.36,9037.5
2019-03-05,11856.5,15170.78,10215.12,7481.45,4299.98,7946.7,1626.52,9173.6
2019-03-06,11880.2,15247.53,10257.97,7500.04,4322.47,7978.2,1637.25,9230.45
2019-03-07,11835.35,15169.85,10223.01,7474.64,4301.02,7970.71,1631.16,9225.35
2019-03-08,11820.1,15110.28,10180.82,7465.22,4259.05,7959.5,1616.73,9211.05
2019-03-11,11961.15,15266.63,10350.71,7589.28,4372.79,8048.4,1661.07,9345.6
2019-03-12,12031.8,15396.11,10432,7610.36,4388.79,8119.04,1672.06,9440.85
2019-03-13,11975.4,15364.99,10409.4,7607.45,4363,8123.98,1667.59,9450.25
2019-03-14,11943.4,15318.24,10429.06,7596.64,4384.82,8130.39,1668.58,9447.2
2019-03-15,11968.55,15379.72,10507.87,7585.81,4438.88,8174.39,1671.36,9499.4
2019-03-18,11950.2,15391.36,10528.43,7580.34,4476.03,8179.08,1676.51,9516.7
2019-03-19,12002,15496.23,10575.85,7596.72,4533.24,8214.26,1700.88,9570.15
2019-03-20,12012.95,15483.85,10525.57,7588,4466.33,8200.69,1699.65,9553
2019-03-22,11954.6,15423.42,10487.17,7565.48,4404.45,8181.26,1678.03,9500.05
2019-03-25,11834.1,15323.96,10473.35,7511.63,4431.36,8120.26,1649.03,9411.65
2019-03-26,11932.85,15466.95,10566.46,7574,4471.26,8200.15,1686.33,9512.6
2019-03-27,11917.2,15421.18,10525.52,7592.76,4456.55,8177.56,1700.04,9501.8
2019-03-28,12105.65,15569.35,10599,7675.07,4480.33,8229.62,1733.33,9601.95
2019-03-29,12187.9,15697.72,10691.05,7712.62,4561.25,8259.53,1754.66,9663.7
2019-04-01,12210.65,15792.73,10710.4,7728.16,4590.9,8285.27,1769.26,9702
2019-04-02,12220.65,15792.53,10723.01,7739.01,4600.69,8309.76,1767.06,9720.8
2019-04-03,12169.15,15720.74,10674.77,7717.01,4532.54,8290.63,1748.29,9658.4
2019-04-04,12135.55,15659.59,10665.5,7705.5,4512.28,8265.61,1737.03,9626.65
2019-04-05,12213.05,15702.85,10721.96,7738.64,4573.48,8301.96,1759.99,9684.95
2019-04-08,12131.95,15663.04,10648.46,7702.82,4517.27,8291.68,1736.91,9634.4
2019-04-09,12173.5,15788.95,10705.31,7717.51,4574.82,8318.89,1749.12,9677.75
2019-04-10,12159.65,15780.36,10648.67,7673.44,4573.89,8276.7,1743.5,9622.95
2019-04-11,12172.2,15738.36,10657.57,7696.26,4585.29,8285.98,1745.2,9634.55
2019-04-12,12228.7,15776.55,10694.94,7727.92,4597.13,8324.57,1750.82,9674.6
2019-04-15,12268,15844.22,10743.36,7777.23,4633.92,8372.6,1759.71,9716.5
2019-04-16,12306,15892.11,10781.79,7807.11,4644.54,8422.89,1757.28,9781.4
2019-04-18,12276.1,15875.4,10749.07,7753.13,4602.18,8392.22,1719.46,9738.7
2019-04-22,12143.9,15767.27,10595.59,7640.69,4486.93,8326.17,1663.84,9599.8
2019-04-23,12154.45,15809.49,10569.73,7629.04,4492.92,8299.31,1662.3,9587.3
2019-04-24,12296.1,15986.23,10689.15,7687.16,4549.34,8369.48,1681.1,9687.55
2019-04-25,12234.25,15930.13,10630.45,7644.33,4535.3,8328.17,1668.57,9628.8
2019-04-26,12243.75,16044.25,10682.85,7664.9,4529.45,8364.5,1668.85,9689.7
2019-04-30,12250.9,16135.83,10695.05,7587.1,4522.62,8353.04,1619.91,9664.3
2019-05-02,12172.5,15961.91,10612.37,7530.9,4497.09,8324.01,1609.44,9637.5
2019-05-03,12064.9,15814.3,10556.6,7469.15,4498.92,8292.25,1613.32,9624.55
2019-05-06,11919.45,15688.93,10498.83,7396.84,4462.84,8234.88,1581.07,9532.45
2019-05-07,11816.5,15627.02,10452.53,7364.89,4390.12,8216.85,1546.17,9450.8
2019-05-08,11679.3,15458.61,10349.38,7292.36,4324.46,8137.68,1524.87,9340.25
2019-05-09,11665.85,15453.83,10286.51,7313.88,4299.57,8093.74,1521.5,9299.75
2019-05-10,11688.55,15383.35,10231.13,7261.7,4275.39,8056.26,1532.09,9290.2
2019-05-13,11566.85,15251.44,10094.34,7159.54,4153.5,7977.59,1471.1,9159.95
2019-05-14,11560.9,15178.46,10125.57,7154.9,4194.34,7995.46,1493.35,9212.35
2019-05-15,11553.2,15178.4,10087.13,7131.8,4126.72,7953.44,1466.38,9160.1
2019-05-16,11663.9,15310.16,10203.87,7166.2,4195.91,8000.42,1483.14,9221.65
2019-05-17,11794.15,15378.54,10281.2,7261.94,4198.62,8105.99,1495.81,9329.7
2019-05-20,12129.4,15616.54,10587.97,7434.83,4406.63,8350.6,1603.44,9671.9
2019-05-21,12147.9,15571.02,10485.49,7372.82,4297.6,8282.19,1584.69,9578.85
2019-05-22,12151.15,15561.4,10507.07,7361.81,4335.93,8296.57,1579.37,9598.2
2019-05-23,12069.1,15482.78,10459.31,7307.57,4303.22,8271.33,1574.54,9552.75
2019-05-24,12159.5,15646.78,10591.57,7402.19,4432.88,8367.92,1635.94,9722.05
2019-05-27,12153.95,15564.22,10626.27,7428.71,4513.22,8429.64,1658.6,9804.9
2019-05-28,12174.4,15665.4,10639.8,7449.26,4502.8,8438.53,1652.07,9815.5
2019-05-29,12157.75,15657.67,10605.49,7437.4,4452.65,8411.21,1630.91,9757.15
2019-05-30,12295.55,15747.34,10645.56,7464.77,4458.02,8458.39,1644.02,9815.3
2019-05-31,12315.5,15829.14,10668.12,7503.44,4442.97,8456.18,1627.32,9805.05
2019-06-03,12504.35,16038.59,10828.02,7608.45,4487.09,8582.46,1642.64,9922.6
2019-06-04,12437.7,15918.74,10746.82,7544.75,4465.01,8534.28,1639.04,9876.2
2019-06-06,12337.8,15760.46,10639.09,7462.31,4394,8452.69,1582.32,9722.5
2019-06-07,12359.4,15771.42,10641.14,7439.77,4392.38,8448.33,1573.23,9735.85
2019-06-10,12469.85,15922.18,10685.9,7491.62,4338.4,8496.58,1564.14,9765.85
2019-06-11,12494.15,15957.39,10730.54,7503.3,4383.7,8520.87,1574.24,9805.1
2019-06-12,12445.95,15886.07,10664.69,7443.5,4367.34,8475.92,1563.09,9749.95
2019-06-13,12435.65,15869.05,10684.2,7428.16,4354.9,8468.73,1563.06,9747.05
2019-06-14,12330.85,15748.64,10590.99,7352.12,4334.91,8396.79,1544.26,9669.95
2019-06-17,12217.85,15601.9,10474.98,7280.34,4224.36,8321.4,1511.72,9543.6
2019-06-18,12189.5,15641.23,10486.17,7288.41,4237.21,8319.58,1495.08,9551.35
2019-06-19,12119.4,15579.42,10459.19,7229.86,4205.56,8323.6,1461.44,9526.2
2019-06-20,12222.8,15671.6,10554.71,7300,4287.52,8400.15,1502.64,9646
2019-06-21,12199.85,15578.31,10455.76,7249.77,4288.21,8321.82,1501.35,9581.6
2019-06-24,12232.75,15538.3,10434.85,7222.67,4271.02,8313.13,1494.59,9564.1
2019-06-25,12307.2,15629.59,10521.67,7248.52,4320.47,8357.01,1504.77,9632.85
2019-06-26,12327.1,15669.43,10552.24,7244.47,4368.1,8380.45,1531.8,9682.8
2019-06-27,12366.25,15647.28,10544.27,7242.75,4370.95,8369.64,1536,9692.35
2019-06-28,12373.9,15628.07,10520.68,7217.57,4336.29,8352.03,1517.24,9657.95
2019-07-01,12578.05,15674.82,10483.82,7225.69,4317.43,8383.69,1533.51,9713
2019-07-02,12717.25,15740.7,10556.64,7275.6,4342.46,8423,1545.57,9744.85
2019-07-03,12725.9,15728.81,10577.49,7272.77,4379.77,8423.51,1571.02,9757.3
2019-07-04,12747.6,15808.96,10574.18,7283.4,4377.41,8446.09,1574.36,9776.8
2019-07-05,12552.1,15547.51,10460.9,7203.92,4278.89,8347.37,1550.64,9657.65
2019-07-08,12265,15151.7,10221.65,7043.78,4135.19,8197.16,1497.05,9447.8
2019-07-09,12393.4,15101.95,10138.7,7040.32,4123.66,8178.85,1505.31,9455.65
2019-07-10,12213.05,14928.53,10086.26,6977.55,4080.89,8151.04,1479.78,9400.1
2019-07-11,12252.4,14977.2,10150.74,7004.16,4117.67,8201.28,1503.18,9466.4
2019-07-12,12267.6,14957.94,10131.13,7011.51,4120.86,8183.87,1510.59,9457.75
2019-07-15,12246.1,15004.04,10128.83,7020,4094.54,8209.77,1490.61,9469.15
2019-07-16,12388.4,15133.42,10224.01,7068.33,4136.68,8252.97,1506.94,9529.85
2019-07-17,12373.7,15147.15,10234,7099.67,4140.6,8284.39,1511.24,9543.35
2019-07-18,12263.65,15011.59,10149.33,7029.87,4055.19,8228.18,1479.27,9456.15
2019-07-19,12037.1,14720.69,10024.28,6912.69,4010.48,8117.91,1442.92,9304.65
2019-07-22,11974.65,14638,9982.17,6876.67,4041.86,8071.57,1443.12,9247.75
2019-07-23,11992.25,14631.61,9990.66,6881.51,4033.06,8090.58,1437.57,9233.55
2019-07-24,11879.1,14438.82,9913.41,6798.26,3959.17,8080.75,1397.34,9160.45
2019-07-25,11918.3,14441.23,9913.03,6805.67,3941.97,8087.71,1391.14,9159.15
2019-07-26,12026.3,14572.51,9911.97,6851.96,3948.26,8107.28,1402.6,9192.6
2019-07-29,11989.65,14507.95,9821.31,6789.36,3830.14,8038.41,1374.68,9108.9
2019-07-30,11825.6,14280.75,9731.38,6724.79,3712.08,8011.46,1328.82,9004.05
2019-07-31,11855.55,14320.69,9818.25,6782.15,3773.18,8048.18,1353.39,9044.95
2019-08-01,11730.65,14153.71,9741.8,6713.32,3699.29,7980.72,1326.17,8935.75
2019-08-02,11757.85,14129.18,9712.42,6732.34,3644.56,7998.46,1314.65,8943.95
2019-08-05,11573.45,13905.72,9645.73,6703.26,3564.27,7932.91,1279.15,8831.95
2019-08-06,11806.6,14085.68,9743.38,6796.63,3634.66,7979.49,1311.03,8918.6
2019-08-07,11730.6,13969.69,9703.94,6788.34,3541.05,7965.81,1277.86,8854.65
2019-08-08,11882.25,14169.18,9847.8,6889.75,3587.69,8081.51,1293.48,8979.65
2019-08-09,11954.65,14265.9,9915.94,6940.12,3599.93,8126.97,1307.2,9046.55
2019-08-13,11683.65,13964.49,9751,6797.55,3543.03,7996.95,1277.34,8890.1
2019-08-14,11787.25,14161.3,9794.67,6828.31,3571.91,8028.68,1296.83,8971.1
2019-08-16,11843.6,14230.07,9826.76,6847.26,3576.53,8040.39,1298.19,8988.8
2019-08-19,11882.35,14266.46,9820.71,6840.57,3569.39,8041.74,1295.01,8997.95
2019-08-20,11804.8,14190.46,9814.43,6834.17,3532.73,8052.12,1267.16,8957.4
2019-08-21,11632.25,14029.9,9707.28,6773.09,3421.77,8004.51,1230.35,8864.5
2019-08-22,11449.65,13804.32,9587.89,6710.7,3306.62,7939.46,1181.8,8719.25
2019-08-23,11553.5,13937.01,9678.05,6764.51,3395.62,7980.37,1208.46,8790.55
2019-08-26,11764.9,14204.67,9806.77,6849.64,3449.72,8091.05,1252.74,8964.7
2019-08-27,11872.05,14250.62,9888.98,6879.59,3496.56,8136.15,1280.45,9022.25
2019-08-28,11801.8,14161.55,9835.59,6872.32,3429.68,8099.52,1256.83,8970.9
2019-08-29,11687.85,14052,9823.33,6871.9,3425.24,8066.87,1241.6,8906.1
2019-08-30,11809.1,14218.79,9906,6933.27,3460.25,8122.27,1257.71,8977.55
2019-09-03,11623.25,13920.79,9751.05,6854.43,3371.18,7994.68,1220.36,8802.35
2019-09-04,11633.75,13982.22,9776.73,6844.59,3401.16,7995.36,1226.07,8833.1
2019-09-05,11670.05,14029.61,9836.38,6874.29,3469.35,8017.34,1235.36,8846.3
2019-09-06,11752.3,14173.19,9885.53,6905.05,3523.85,8072.54,1243.46,8920.4
2019-09-09,11885.8,14317.99,9940.82,6931.54,3540.39,8109.75,1259.54,8972.4
2019-09-11,11925.4,14326.32,9918.84,6938.75,3583.21,8110.11,1295.4,9015.15
2019-09-12,11877.35,14242.04,9872.13,6921.73,3579.91,8055.74,1298.03,8981.6
2019-09-13,11995.6,14394.51,9962.17,6960.41,3625.57,8105.58,1304.8,9050.85
2019-09-16,12009.3,14345.39,9937.45,6977.24,3603.39,8081,1306.73,9009.15
2019-09-17,11827.35,14131.41,9815.37,6898.12,3506.38,7980.82,1267.73,8853.9
2019-09-18,11898.25,14198.41,9828.57,6911.84,3516.89,7994.02,1272.83,8877.7
2019-09-19,11705.05,13987.2,9737.22,6840.58,3455.6,7933.48,1241.37,8766.45
2019-09-20,12290.1,14708.45,10173.57,7181.34,3606.21,8283.25,1322.13,9230.5
2019-09-23,12607.75,15065.75,10431.48,7342.77,3668,8476.42,1354.32,9486.6
2019-09-24,12639.2,15081.04,10438.11,7357.01,3641.46,8486.06,1351.96,9474.75
2019-09-25,12496.5,14883.58,10354.22,7269.18,3569.26,8397.6,1313.62,9344.15
2019-09-26,12541.2,15027.36,10439.89,7321.71,3637.6,8462.74,1332.99,9443.8
2019-09-27,12519.85,14995.71,10402.34,7308.89,3558.75,8443.62,1299.16,9395.6
2019-09-30,12401.8,14938.35,10340.34,7282.15,3469.49,8439.81,1246.94,9340.9
2019-10-01,12198.65,14703.61,10273.77,7196.16,3427.53,8371.65,1211.18,9236.4
2019-10-03,12167.3,14688.27,10275.42,7164.73,3420.67,8331.17,1211.05,9198.4
2019-10-04,12025.25,14550.21,10180.24,7090.07,3385.17,8253.92,1190.01,9091.65
2019-10-07,11978.8,14519.86,10131.94,7081.12,3325.98,8223.17,1172.57,9040.65
2019-10-09,12188.95,14716,10215.59,7126.19,3367.88,8314.2,1206.41,9177.95
2019-10-10,12118.95,14592.27,10157.76,7097.84,3317.18,8293.85,1182.45,9112.75
2019-10-11,12163.55,14627.66,10218.35,7176.38,3334.61,8354.68,1186.44,9161.4
2019-10-14,12176.05,14637.94,10256.63,7187.19,3366.6,8377.79,1193.44,9192.65
2019-10-15,12186.1,14667.89,10310.16,7229.04,3387.73,8450.1,1194.7,9253.85
2019-10-16,12196.2,14717.86,10317.16,7235.38,3386.66,8444.17,1194.47,9281.85
2019-10-17,12306.7,14894.27,10405.29,7346.97,3436.68,8513.08,1226.38,9391
2019-10-18,12527.35,15027.46,10525.33,7407.85,3524.9,8569.42,1261.49,9479.2
2019-10-22,12564.85,14985.25,10524.55,7347.55,3541.21,8518.5,1268.28,9448.25
2019-10-23,12608.65,15017.13,10552.63,7387.03,3542.09,8536.45,1266.26,9458.65
2019-10-24,12672.85,15034.46,10546.5,7417.2,3495.14,8552.98,1247.95,9437.65
2019-10-25,12545,14995.73,10539.5,7405.35,3481.24,8533.17,1245.55,9431.1
2019-10-27,12635.35,15053.71,10569.63,7426.78,3520.93,8566.74,1257.82,9478.35
2019-10-29,12705.7,15236.3,10654.78,7517.87,3627.74,8654.38,1291.17,9598.35
2019-10-30,12698.4,15294.21,10685.4,7559.16,3652.1,8684,1302.33,9647.55
2019-10-31,12777.25,15463.55,10767.78,7599.83,3684.5,8715.65,1319.77,9689.65
2019-11-01,12810.3,15460.78,10735.12,7588.41,3715.21,8691.52,1338.79,9704
2019-11-04,12841.05,15523.15,10724.36,7585.12,3741.67,8692.79,1355.45,9732.4
2019-11-05,12785.25,15496.37,10691.93,7579.97,3711.35,8667.08,1343.93,9694.05
2019-11-06,12801.4,15454.63,10670.86,7585.59,3716.05,8689.44,1348.27,9721.35
2019-11-07,12880.45,15513.1,10711.23,7626.76,3732.55,8726.72,1360.41,9764.3
2019-11-08,12791.75,15408.14,10573.85,7545.12,3680.74,8637.66,1356.75,9683.3
2019-11-11,12810.4,15440.25,10579.05,7522.29,3696.95,8621.02,1369.45,9695.85
2019-11-13,12666.5,15337.01,10507.7,7457.4,3634.96,8604.92,1338.61,9633.95
2019-11-14,12750.15,15406.97,10501.51,7478.02,3598.59,8601.69,1327.64,9650.4
2019-11-15,12679.05,15428.36,10479.56,7462.52,3588.37,8590.63,1339.43,9667.3
2019-11-18,12717.6,15467.65,10488.94,7426.33,3630.77,8566.51,1350.5,9668.6
2019-11-19,12751.05,15523.72,10492.88,7414.78,3627.84,8571.7,1359.87,9702.15
2019-11-20,12748.5,15585.55,10518.99,7434.79,3632.22,8589.78,1369.17,9744.9
2019-11-21,12668.35,15489.64,10424.35,7392.32,3579.01,8568.75,1356.82,9712.35
2019-11-22,12598.95,15398.02,10372.13,7328.22,3618.31,8515.94,1361.06,9679.3
2019-11-25,12701.5,15587.3,10446.92,7415.49,3675.32,8594.76,1389.48,9802.05
2019-11-26,12638.35,15519.49,10355.9,7356.23,3618.57,8542.58,1376.51,9762.85
2019-11-27,12689.05,15619.11,10408.27,7431.64,3633.16,8587.22,1388.85,9815.95
2019-11-28,12768.6,15734.6,10461.84,7458.49,3696.49,8601.89,1424.52,9869.75
2019-11-29,12771.4,15637.93,10394.37,7393.87,3655.73,8551.17,1414.77,9813.65
2019-12-02,12708.15,15578.14,10367.11,7347.71,3628.9,8554.13,1405.47,9798
2019-12-03,12686.75,15549.7,10304.63,7333.47,3563.31,8531.15,1365.53,9743.15
2019-12-04,12729.15,15638.91,10353.85,7362.32,3604.74,8538.46,1386.08,9782.1
2019-12-05,12719.05,15612.16,10358.07,7366.82,3568.46,8539.1,1373.73,9757.6
2019-12-06,12615.7,15458.47,10275.26,7311.61,3511.67,8492.65,1339.36,9669.4
2019-12-09,12552.05,15488.32,10266.47,7293.41,3510.92,8483.01,1337.01,9671.45
2019-12-10,12456.6,15393.03,10182.72,7235.17,3474.31,8419.37,1318.33,9595.4
2019-12-11,12619.65,15502.09,10231.93,7265.75,3493.35,8452.04,1323.86,9636.25
2019-12-12,12671.15,15563.8,10277.38,7286.01,3564.83,8472.68,1348.85,9691.15
2019-12-13,12753.3,15712.27,10352.46,7341.3,3621.79,8536.22,1372.91,9783.6
2019-12-16,12736.8,15691.48,10302.8,7315.26,3592.81,8509.2,1362.07,9753
2019-12-17,12806.6,15767.4,10361.89,7371.41,3634.73,8575.67,1375.85,9831.35
2019-12-18,12798.7,15770.09,10391.36,7393.48,3618.87,8620.27,1362.41,9864.55
2019-12-19,12825.55,15808.24,10402.31,7420.62,3619.66,8641.17,1368,9892.3
2019-12-20,12909.35,15930.11,10412.57,7431.08,3620.46,8617.81,1379.34,9905.35
2019-12-23,12901.35,15910.45,10428.95,7431.47,3607.72,8622.66,1371.33,9897.65
2019-12-24,12893.2,15858.28,10402.03,7416.17,3612.26,8598.58,1372.42,9868.4
2019-12-26,12878.25,15808.52,10374.68,7414.72,3611.59,8555.41,1365.86,9817.2
2019-12-27,12947.55,15924.76,10444.51,7464.62,3647.16,8601.49,1382.36,9908.7
2019-12-30,13029.65,15915.58,10480.54,7494.71,3657.77,8620.76,1394.53,9924.7
2019-12-31,13071.95,15811.46,10447.03,7464.89,3678.14,8571.77,1398.56,9872.55
2020-01-01,13191.15,15824.64,10495.54,7480.48,3689.27,8611.9,1399.74,9888.55
2020-01-02,13284.7,15856.03,10523.23,7483.99,3756.51,8643.02,1441.69,9980
2020-01-03,13351.2,15828.87,10499.81,7478.71,3734.03,8621.24,1429.61,9941.65
2020-01-06,13147.25,15489.54,10307.72,7359.84,3614.1,8526.77,1370.68,9747.4
2020-01-07,13313,15574.55,10359.43,7381.83,3634.83,8576.64,1383.79,9805.4
2020-01-08,13389.8,15629.5,10354.85,7371.94,3612.05,8568.47,1387.12,9792.2
2020-01-09,13632.05,15848.27,10458.3,7435.86,3685.58,8643.88,1424.65,9943.9
2020-01-10,13552.95,15841.09,10498.47,7491.73,3705.53,8687.99,1421.12,9978
2020-01-13,13534.5,15914.48,10582.5,7567.2,3742.08,8747.71,1437.27,10042.5
2020-01-14,13551.1,16037.69,10667.45,7640.87,3739.74,8796.21,1434.81,10075.85
2020-01-15,13580.6,16106.22,10749.61,7695.19,3763.57,8820.02,1448.55,10087.05
2020-01-16,13628.35,16205.28,10776.43,7743.96,3739.04,8848.85,1446.53,10110.05
2020-01-17,13696.5,16297.43,10798,7753.22,3708.39,8863.28,1438.82,10118.7
2020-01-20,13699.8,16204.37,10738.18,7697.15,3653.06,8820.78,1417.01,10025.7
2020-01-21,13677.15,16129.81,10667.48,7653.37,3631.93,8777.53,1422.21,9987.55
2020-01-22,13651.45,16096.98,10632.97,7642.48,3603.97,8749.5,1409.7,9947
2020-01-23,13838.2,16269.91,10733.52,7693.58,3664.36,8790.26,1432.61,10021.4
2020-01-24,13935.85,16412.38,10852.1,7757.53,3704.61,8852.9,1445.46,10083.7
2020-01-27,13953.75,16379.84,10840.44,7731.23,3655.85,8813.04,1431.2,9999.6
2020-01-28,13959.65,16369.63,10808.89,7701.78,3619.73,8795.78,1420.4,9956.95
2020-01-29,14005.8,16492.3,10875.63,7758.66,3639.7,8846.33,1427.88,10009.3
2020-01-30,13841.7,16371.41,10772.35,7671.72,3595.29,8777.31,1406.85,9919.2
2020-01-31,13893.5,16286.26,10662.38,7628.67,3528.42,8722.86,1399.76,9861.45
2020-02-01,13481.1,15734.19,10478.69,7523.53,3401.2,8581.16,1340.44,9606.05
2020-02-03,13692.85,16017.76,10590.32,7601.99,3374.75,8653.65,1333.49,9650.55
2020-02-04,13914.15,16331.6,10741.68,7704.48,3469.08,8769.16,1360.21,9853.05
2020-02-05,13991.05,16510.77,10776.3,7708.85,3543.74,8807.73,1384.87,9951.35
2020-02-06,14118.7,16678.95,10825.68,7746.88,3596.12,8809.63,1411.55,10004.2
2020-02-07,14279.85,16703.81,10897.65,7787.63,3622.11,8831.66,1409.85,10000.75
2020-02-10,14251.75,16724.48,10866.67,7732.46,3551.52,8808.99,1385.84,9945.65
2020-02-11,14253.45,16702.52,10914.08,7728.48,3578.73,8852.35,1393.4,9987.05
2020-02-12,14304.3,16751.44,10972.64,7778.08,3539.85,8911,1382.34,10037.1
2020-02-13,14225.9,16695.78,10928.41,7773.44,3520.6,8897.48,1381.27,10017.75
2020-02-14,14268.65,16684.22,10854.1,7712.76,3482.39,8856.1,1363.36,9961.05
2020-02-17,14133,16528.62,10739.27,7661.98,3416.4,8800.19,1338.65,9891
2020-02-18,14100.3,16532.7,10727.31,7652.64,3366.29,8780.81,1319.16,9845.55
2020-02-19,14429,16807.86,10846.12,7740.64,3429.3,8873.57,1344.82,9970.5
2020-02-20,14491.7,16779.6,10842.48,7727.49,3448.71,8817.62,1359.07,9958.65
2020-02-24,14213,16463.29,10678.7,7611.82,3341.08,8681.89,1316.34,9758.2
2020-02-25,14091.65,16409.61,10650.32,7608.99,3322.8,8660.33,1309.75,9724.7
2020-02-26,13935.65,16277.67,10572.03,7550.6,3280.9,8589.15,1288.87,9622.7
2020-02-27,13797.25,16228.41,10520.36,7509.73,3256.03,8575.21,1265.56,9579.35
2020-02-28,13339.4,15757.09,10226.97,7225.33,3091.82,8320.77,1187.25,9236.05
2020-03-02,13285.9,15605.05,10192.44,7221.41,3040.98,8286.57,1172.46,9178.8
2020-03-03,13514.95,15829.86,10357.33,7356.28,3139.65,8422.92,1205.71,9324.3
2020-03-04,13251.65,15655.03,10291.66,7344.79,3108.29,8435.25,1185.27,9258.25
2020-03-05,13279.05,15739.61,10338.19,7399.68,3112.12,8486.76,1191.85,9280.15
2020-03-06,13013,15459.71,10179.22,7285.24,2937.67,8361.44,1126.33,9059.95
2020-03-09,12433.5,14848.73,9770.4,6991.24,2790.6,8035.17,1055.94,8631.35
2020-03-11,12364.95,14802.74,9759.86,6998.94,2778.25,8068.42,1038.71,8618.05
2020-03-12,11362.45,13667.27,9018.89,6478.42,2503.08,7510.61,923.71,7901.35
2020-03-13,11643.45,14146.35,9127.74,6511.8,2616.23,7627.99,965.31,8163
2020-03-16,10992.15,13369.79,8674.9,6142.95,2494.14,7181.28,900.59,7591.9
2020-03-17,10758.4,13020.96,8626.77,6106.22,2518.45,7123.16,889.78,7417.65
2020-03-18,10100.2,12135.43,8291.62,5836.99,2433.16,6772.09,839.99,7010.55
2020-03-19,9773.3,11746.08,7998.55,5637.85,2258.62,6618.01,793.92,6807.2
2020-03-20,10255,12353.25,8490.04,6000.16,2398.6,7040.82,823.46,7160.1
2020-03-23,8932.65,10588.15,7632.82,5319.3,2135.52,6296.71,711.06,6243
2020-03-24,9052.3,10825.37,7752.31,5483.13,2114.85,6434.78,721.4,6365.45
2020-03-25,9559.35,11534.12,7984.85,5656.03,2179.16,6716.32,736.97,6724
2020-03-26,9974.55,12095,8270.5,5853.57,2230.7,6945.2,758.13,6993.85
2020-03-27,9883.9,11901.02,8205.6,5810.7,2212.32,6949.69,752.67,7003.3
2020-03-30,9754.25,11727.55,8168.89,5729.4,2177.77,6836.86,727.31,6749.2
2020-03-31,10067.55,12182.03,8505.73,5961.85,2299.01,7100.53,749.74,6996.75
2020-04-01,9976.75,11925.9,8320.77,5792.07,2261.06,6844.9,731.68,6761.95
2020-04-03,9840.1,11808.18,8284.12,5696.77,2259.72,6793.73,712.38,6638.45
2020-04-07,10476.05,12745.98,8807.76,6123.11,2376.49,7273.83,750.76,7149
2020-04-08,10641,12808.31,8897.36,6178.17,2399.51,7316.93,758.34,7161.45
2020-04-09,10953.65,13233.33,9090.54,6333.64,2486.2,7502.8,794.24,7441.65
2020-04-13,10865.45,13137.54,9006.1,6241.64,2492.48,7442.06,792.94,7360.35
2020-04-15,10954.6,13167,9151.96,6366.73,2498.35,7507,798.62,7344.35
2020-04-16,11124.65,13278.49,9232.12,6382.46,2554.26,7553.1,823.7,7412.3
2020-04-17,11382.65,13562.88,9267.23,6412.61,2612.14,7616.57,854.26,7614.4
2020-04-20,11402.35,13577.84,9249.65,6395.06,2595.55,7594.86,853.53,7614.6
2020-04-21,11021.15,13263.66,9101.06,6286.75,2494.25,7484.82,801.75,7395.85
2020-04-22,11127.8,13527.04,9200.73,6420.14,2487.28,7620.22,809.25,7533.8
2020-04-23,11266.5,13618.42,9238.85,6493.27,2510.61,7649.52,820.44,7625.3
2020-04-24,10950.2,13271.52,9175.65,6415.72,2449.23,7612.93,788.23,7493.45
2020-04-27,11227.55,13662.51,9327.39,6534.6,2464.16,7705.77,802.6,7603.95
2020-04-28,11378.55,13741.43,9299.41,6524.16,2476.58,7706.71,814.43,7672.45
2020-04-29,11508.1,13885.25,9374.59,6572.94,2539.08,7755.69,835.25,7797.2
2020-04-30,11722.2,14112.68,9554.11,6713.32,2652.01,7912.49,862.61,8012.9
2020-05-04,11305,13595.7,9213.55,6399.74,2500.79,7612.36,807.04,7596.9
2020-05-05,11234.65,13465.98,9127,6322.14,2491.26,7536.54,795,7523.05
2020-05-06,11354.25,13635.36,9138.17,6327.39,2485.83,7553.96,800.82,7575.5
2020-05-07,11314.6,13551.73,9048.19,6259.01,2467.14,7460.94,800.23,7520.85
2020-05-08,11363.15,13679.54,9078.99,6310.24,2432.1,7531.16,792.8,7552
2020-05-11,11417.7,13664.52,9110,6357.42,2449.12,7530.67,798.39,7556.4
2020-05-12,11401.55,13622.67,9071.91,6350.11,2457.5,7473.04,799.39,7520.9
2020-05-13,11542,13755.81,9162.58,6406.45,2558.71,7548.07,835.78,7667
2020-05-14,11462.7,13563.65,9088.96,6355.58,2516.96,7448.38,820.88,7514.55
2020-05-15,11425.9,13553.14,9029.31,6334.53,2531.64,7444.8,821.98,7504.05
2020-05-18,11039.25,13059.69,8804.32,6185.37,2428.11,7282.2,777.1,7245.25
2020-05-19,11083.1,13212.96,8825.1,6214.5,2450.5,7299.83,780.41,7284.5
2020-05-20,11212.6,13389.69,8933.08,6295.81,2476.69,7429.95,794.5,7426.85
2020-05-21,11275.7,13474.65,8991.05,6363.69,2487.4,7483.79,797.9,7470.6
2020-05-22,11227.25,13341.59,8952.21,6359.68,2454.86,7467.57,782.08,7416
2020-05-26,11286.9,13296.39,9004.39,6375.44,2471.25,7478.22,793.56,7424.5
2020-05-27,11367.65,13380.85,9039.21,6435.06,2525.58,7573.2,814.88,7595.55
2020-05-28,11512.25,13583.71,9141.79,6541.09,2570.84,7673.76,830.93,7732.25
2020-05-29,11679.35,13832.53,9323.34,6661.14,2616.37,7812.96,842.14,7822.4
2020-06-01,12011.3,14096.04,9487.66,6788.07,2693.41,7937.53,884.24,8020.1
2020-06-02,12217.85,14201.07,9540.18,6827.95,2708.22,7996.84,910.03,8137.45
2020-06-03,12346.2,14279.79,9578.2,6856.18,2719.31,8051.17,920.97,8203
2020-06-04,12337.3,14331.98,9599.1,6858.11,2726.98,8052.04,922.94,8185.9
2020-06-05,12612.95,14506.39,9661.21,6875.51,2837.62,8077.54,973.25,8299.35
2020-06-08,12749.55,14563.2,9686.89,6894.92,2878.79,8066.31,990.67,8323.95
2020-06-09,12777.95,14391.56,9604.87,6862.88,2842.96,8024.59,970.83,8238.1
2020-06-10,12875,14390.16,9619.9,6864.64,2868.21,8052.06,992.15,8293.35
2020-06-11,12761.7,14206.05,9506.74,6760.39,2798.1,7949.94,958.28,8137
2020-06-12,12882.65,14372,9518.32,6775.41,2819.09,7950.51,974.04,8196.4
2020-06-15,12852.65,14200.41,9429.2,6686.25,2777.94,7879.62,961.09,8086.45
2020-06-16,13006.8,14257.59,9432.84,6708.09,2774.34,7901.73,956.45,8152.3
2020-06-17,13076.15,14214.74,9387.91,6699.19,2763.13,7864.78,958.12,8140.45
2020-06-18,13321.65,14323.79,9417.53,6764.93,2829.4,7944.18,982.73,8283.65
2020-06-19,13587.75,14563.73,9505.19,6809.96,2886.37,7992.68,1012.09,8403.4
2020-06-22,13870.75,14737.71,9680.32,6906.3,2998.23,8065.62,1044.84,8486.45
2020-06-23,14213.45,14982.58,9809.94,7012.37,3055.9,8203.32,1068.86,8621.1
2020-06-24,13910.35,14736.44,9732.86,6989.86,2985.27,8127.52,1043.85,8496.25
2020-06-25,13918.4,14748.34,9754.54,7008.81,2989.15,8151.32,1051.36,8499.9
2020-06-26,13845.15,14712.09,9789.37,7051.46,3027.94,8184.88,1054.37,8559
2020-06-29,13692.1,14684.5,9741.84,7011.35,2952.86,8162.37,1029.16,8488.05
2020-06-30,13701.05,14669.55,9752.5,7019.06,2912.74,8157.29,1025.06,8474.8
2020-07-01,13676.1,14623.99,9746.22,7037.91,2938.51,8136.23,1043.59,8554.75
2020-07-02,13795.2,14714.69,9793.55,7098.23,2966.87,8201.06,1058.1,8647.85
2020-07-03,13940.55,14810.95,9836.15,7144.62,2978.83,8252.52,1057.21,8696.25
2020-07-06,14102.9,14868.56,9892.23,7207.68,3037.07,8299.76,1075.66,8815.7
2020-07-07,14186.2,14890.79,9876.19,7244.77,3007.26,8293.45,1094.95,8850.3
2020-07-08,14087,14874.85,9816.55,7160.27,3014.82,8247.77,1089.7,8785
2020-07-09,14146.7,14973.64,9824.37,7189.52,3033.08,8266.96,1104.67,8851.5
2020-07-10,14178.3,15028.12,9835.65,7191.8,3007.99,8261.35,1094.62,8813.95
2020-07-13,14217.2,15047.47,9873.46,7251.65,3022.77,8295.58,1091.03,8834.2
2020-07-14,14119.85,15056.03,9813.21,7172.46,2945.22,8235.77,1058.16,8693.35
2020-07-15,14162.4,15047.09,9855.61,7213.85,2913.9,8312.98,1049.38,8689.85
2020-07-16,14204.75,15175.27,9949.28,7313.26,2932.58,8362.59,1064.51,8766.6
2020-07-17,14350.7,15359.07,10011.63,7364.24,3014.25,8425.37,1083.86,8895.3
2020-07-20,14497.6,15477.12,10082.08,7476.59,3023.91,8499.51,1099.05,8985.1
2020-07-21,14559.2,15376.87,10066.29,7444.52,3067.55,8488.75,1107.99,9070.6
2020-07-22,14596.35,15400.54,10057.97,7406.08,3055.98,8443.03,1111.91,9046.6
2020-07-23,14682.7,15548.92,10133.2,7455,3076.64,8519.03,1119.05,9114.05
2020-07-24,14736.8,15441.46,10133.57,7452.46,3029.33,8510.27,1102.87,9085.95
2020-07-27,14652.35,15387.47,10085.27,7480.72,3004.11,8487.23,1083.34,9024.9
2020-07-28,14714.6,15430.41,10115.28,7538.08,3031.61,8547.9,1102.57,9141.75
2020-07-29,14690.05,15555.7,10177.56,7536.76,3047.28,8578.49,1107.96,9096.1
2020-07-30,14633.25,15574.82,10186.99,7498.6,2977.83,8589.72,1081.77,9031.7
2020-07-31,14805.65,15760.74,10302.94,7518.18,2967.28,8645.08,1081.94,9035.75
2020-08-03,14879.6,15804.64,10381.34,7493.06,2955.76,8638.53,1072.41,8932.05
2020-08-04,15064.2,15987.59,10432.7,7521.58,2972.88,8687.21,1082.39,9074.95
2020-08-05,15160.85,16020.15,10444.56,7537.4,3015.6,8669.5,1092.31,9088.75
2020-08-06,15265.5,16176.26,10502.05,7600.01,3047.46,8739.29,1097.51,9169.1
2020-08-07,15411.6,16384.11,10592.16,7654.07,3058.82,8774.38,1114.9,9198.65
2020-08-10,15665.8,16765.16,10770.21,7678.28,3099.98,8899.23,1124.39,9268.55
2020-08-11,15438.45,16621.36,10713.13,7667.03,3124.17,8891.73,1130.62,9291
2020-08-12,15395.9,16467.22,10628.37,7665.29,3129.74,8856.01,1136.76,9284.8
2020-08-13,15436.85,16447.96,10673.36,7683.57,3172.1,8886.03,1151,9307.85
2020-08-14,15270.9,16384.58,10624.09,7607.34,3144.53,8847.25,1134.26,9214.4
2020-08-17,15300.35,16407.2,10670.02,7696.62,3205.2,8923.02,1142.86,9267.9
2020-08-18,15460,16534.04,10720.76,7755.71,3250.69,8977.85,1161.97,9382.05
2020-08-19,15519.4,16574.42,10715.65,7743.12,3276.99,8963.29,1169.19,9412.55
2020-08-20,15531.3,16520.89,10748.51,7753.67,3340.06,8977.09,1167.87,9368.75
2020-08-21,15616.1,16648.36,10871.52,7822.67,3347.07,9071.96,1168.49,9423.55
2020-08-24,15899.1,16755.99,10927.97,7865.04,3334.4,9077.34,1172.75,9498.35
2020-08-25,15965.05,16748.24,10923.55,7864.95,3344.7,9054.71,1185.56,9509.25
2020-08-26,15979.2,16693.28,10920.83,7906.29,3361.85,9058.17,1200.63,9567.15
2020-08-27,15974.95,16705.98,10921.52,7900.41,3362.45,9052,1209.68,9580.7
2020-08-28,16019.3,16676.07,10875.91,7861.21,3378.87,9009.83,1237.51,9641.05
2020-08-31,15442.25,16032.06,10498.11,7638.61,3235.02,8780.86,1175.81,9372.05
2020-09-01,15680.55,16312.97,10567.08,7698.58,3270.48,8871.58,1186.11,9442.25
2020-09-02,16022.3,16514.08,10663.54,7746.43,3301.3,8937.61,1200.88,9518.4
2020-09-03,16194.05,16663.95,10725.72,7787.27,3303.06,8992.56,1204.63,9534.65
2020-09-04,15989.5,16425.83,10562.4,7687.6,3228.59,8866.89,1174.36,9377.95
2020-09-07,15990.4,16368.01,10524.85,7686.84,3216,8900.29,1164.52,9379.1
2020-09-08,15954.5,16185.47,10478.62,7670.52,3159.28,8852.44,1141.95,9329.85
2020-09-09,15974.85,16281.47,10459.57,7638.45,3138.24,8849.04,1132.24,9290.2
2020-09-10,16088.7,16422.69,10540.18,7710.23,3166.13,8902.11,1143.7,9420.25
2020-09-11,16199.2,16462.25,10604.11,7767.28,3176.15,8929.48,1155.9,9446.4
2020-09-14,16677.8,16629.53,10825.72,7908.41,3185.73,9072.77,1168.78,9493.3
2020-09-15,16952.85,16820.05,10961.71,7948.6,3205.9,9134.07,1179.34,9573.35
2020-09-16,17019.85,16943.82,11024.59,7981.94,3205.58,9192.2,1186.66,9632.5
2020-09-17,16942,16923.6,11012.84,7952.61,3177.94,9169.56,1174.73,9566.75
2020-09-18,16903.55,17170.97,11153.47,7961.87,3186.94,9266.72,1166.69,9559.5
2020-09-21,16359.8,16567.72,10866.21,7772.62,3040.21,9054.13,1108.58,9313
2020-09-22,16124.25,16445.66,10779.68,7725.58,2991.69,9013.58,1088.47,9213.9
2020-09-23,16080.15,16314.15,10727.21,7706.55,2973.5,8981.19,1079.08,9194.35
2020-09-24,15935.25,16029.85,10548.87,7525.73,2847.52,8801.63,1032.51,8944.75
2020-09-25,16411.2,16393.62,10737.07,7713.8,2946.37,8981.59,1076.6,9156.1
2020-09-28,16940.75,16680.2,10933.96,7825.03,3024.23,9098.81,1118.53,9330.25
2020-09-29,16918.3,16588.38,10921.35,7813.65,3009.31,9045.8,1112,9319.7
2020-09-30,16926.65,16599.42,10992.99,7851.75,2979.26,9122.81,1103.76,9341.75
2020-10-01,16957.45,16691.74,10998.28,7920.92,2998.1,9167.46,1131.04,9461.7
2020-10-05,16984.95,16715.64,11062.74,7965.73,3005.33,9256.09,1132.61,9516.3
2020-10-06,16990.4,16780.94,11062.34,8007.25,3005.73,9272.67,1151.62,9622.35
2020-10-07,16917.2,16732.82,11010.36,8012.82,2977.02,9277.79,1138.49,9654.5
2020-10-08,16824.25,16815.14,11085.81,8072,2971.42,9383.7,1143.5,9711.8
2020-10-09,16691.4,16643.02,11055.62,8053.89,2976.36,9378.84,1152.84,9750.15
2020-10-12,16748.75,16691.84,11062.05,8090.78,2936.14,9392.52,1144.63,9745.35
2020-10-13,16831.55,16581.49,11047.41,8106.64,2926.62,9379.64,1131.86,9736.45
2020-10-14,16860.25,16637.96,11024.05,8102.71,2919.62,9310.56,1139.18,9763.4
2020-10-15,16548.95,16401.99,10901.24,8006.2,2885.6,9196.91,1108.73,9550.05
2020-10-16,16688.6,16557.15,10945.3,8027.93,2942.87,9231.16,1128.2,9626.25
2020-10-19,16724.6,16542.2,10974.55,8052.05,2990.64,9250.9,1152.91,9709.3
2020-10-20,16757.7,16599.12,10967.38,8088.2,2978.1,9286.37,1153.8,9733
2020-10-21,16758.85,16556.58,10931.94,8029.49,3013.99,9259.95,1163.91,9756.6
2020-10-22,16872.85,16521.83,10971.46,8035.83,3047.47,9261,1168.18,9745.05
2020-10-23,16908.45,16574.29,10989.59,8069.48,3065.88,9299.94,1174.35,9780.35
2020-10-26,16671,16468.15,10938.15,7986.16,3009.61,9237.52,1149.45,9647.65
2020-10-27,16954.25,16850.15,11092.73,8089.97,3024.1,9363.51,1157.38,9748.3
2020-10-28,16954.1,16722.71,11024.25,8026.94,2985.09,9284.14,1136.64,9632.35
2020-10-29,17056.95,16724.44,10996.95,8024.71,2964.24,9253.26,1129.27,9593.4
2020-10-30,17165.85,16711.23,10975.37,7987.33,3000.87,9238.26,1134.51,9581.65
2020-11-02,16985.65,16645.04,10906.83,7935.38,3003.56,9194.77,1159.75,9595.95
2020-11-03,16980.1,16724.88,10983.23,7968.53,3025.11,9243.21,1172.73,9696.3
2020-11-04,17099.6,16858.56,11081.43,8036.85,3014.74,9305.99,1174.05,9764.6
2020-11-05,17384.4,17107.66,11251.34,8188.37,3118.04,9427.31,1205.09,9935.35
2020-11-06,17481.45,17109.22,11284.6,8225.06,3135.13,9449.64,1221.28,10033.5
2020-11-09,17643,17235.42,11360.17,8308.8,3172.52,9542.06,1242.94,10176.35
2020-11-10,17237.8,16793.41,11104.68,8192.54,3217.3,9400.12,1273.6,10269
2020-11-11,17470.15,17056.88,11155.1,8279.05,3267.41,9496.2,1281.44,10356.5
2020-11-12,17705.05,17147.28,11207.44,8311.37,3290.09,9510.36,1284.13,10342.7
2020-11-13,17958.25,17299.16,11278.88,8353.93,3328.48,9548.07,1291.65,10387.2
2020-11-14,18080,17381.67,11336.18,8387.13,3355.74,9593.81,1299.63,10440.35
2020-11-17,18242.15,17416.2,11351.74,8380.55,3378.35,9597.56,1317.15,10524
2020-11-18,18305.1,17390.4,11320.46,8387.29,3402.48,9541.48,1350.49,10588.35
2020-11-19,18157.3,17256.44,11302.18,8346.25,3393.48,9539.7,1327.99,10477.5
2020-11-20,18466.65,17401.81,11379.41,8433.24,3403.75,9640.68,1337.61,10560.55
2020-11-23,18875.05,17603.59,11530.57,8542.49,3472.06,9736.91,1366.4,10635.95
2020-11-24,19019.5,17730.41,11612.73,8593.47,3496.93,9810.22,1384.31,10733.6
2020-11-25,18610.55,17420.95,11454.48,8454.22,3480.13,9674.86,1374.69,10574.95
2020-11-26,18660.4,17552.32,11526.62,8507.56,3544.79,9751.41,1395.97,10674.05
2020-11-27,19075.85,17821.29,11681.83,8602.22,3562.19,9782.95,1418.22,10719.05
2020-12-01,19159.55,17821.48,11713.36,8661.12,3618.49,9823.95,1434.81,10835.15
2020-12-02,19205.3,17866.16,11749.21,8714.71,3668.29,9879.01,1440.24,10858.15
2020-12-03,19220.05,18036.61,11817.68,8760.9,3767.69,9939.48,1463.57,10893.6
2020-12-04,19268.1,18153.23,11855.76,8800.81,3802.91,10002.8,1470.43,10978.85
2020-12-07,19236.2,18286.71,11987.64,8859.28,3851.08,10073.56,1488.63,11070.25
2020-12-08,19214.1,18197.93,11958.84,8854.93,3827.49,10059.68,1492.35,11088.65
2020-12-09,19230.5,18309.37,12036.21,8930.95,3856.36,10119.55,1493.86,11181.2
2020-12-10,19211.35,18427.44,12063.9,8957.72,3821.96,10151.25,1483.66,11141.35
2020-12-11,19255.45,18357.8,12091.42,8964.34,3873.83,10178.25,1491.38,11171.4
2020-12-14,19257.1,18484.42,12165.78,9009.07,3957.3,10219.21,1500.75,11215.25
2020-12-15,19300.3,18400.44,12154.98,9022.72,3945.2,10213.43,1509.55,11223.9
2020-12-16,19495.8,18547.44,12276.66,9112.88,3997.84,10311.95,1525.69,11320.1
2020-12-17,19617.05,18596.87,12327.74,9141.2,3958.37,10317.81,1517.57,11346.35
2020-12-18,19577.8,18674.95,12390.74,9210.77,3936.53,10361.32,1507.91,11355
2020-12-21,18873.05,18080.63,12015.67,8935.37,3673.67,10057.71,1417.87,10964.25
2020-12-22,19111.25,18361.45,12181.94,9084.01,3713.24,10193,1431.9,11075.75
2020-12-23,19413.85,18684.37,12344.37,9212.15,3797.62,10346.69,1470.89,11225.55
2020-12-24,19521.2,18826.36,12418.96,9253.14,3831.6,10385.56,1478.53,11325.25
2020-12-28,19733.9,18935.27,12534.82,9325.64,3902.26,10467.1,1511.97,11434.7
2020-12-29,19705,18911.33,12512.43,9337.41,3888.78,10468.91,1513.18,11467
2020-12-30,19770.7,18940.06,12530.39,9378.78,3898.41,10499.67,1519.92,11509.65
2020-12-31,19836.8,18961.29,12555.03,9383.12,3911.12,10513.5,1525.93,11518.3
2021-01-01,20096.3,19175.05,12622.25,9437.65,3954.18,10583.68,1547.36,11574.85
2021-01-04,20326.15,19449.31,12758.96,9541.45,4068.5,10697.22,1583.48,11691.8
2021-01-05,20497.4,19765.29,12863.75,9611.12,4057.13,10755.47,1593.23,11767
2021-01-06,20531.3,19627.75,12917.69,9576.91,4083.58,10756.42,1602.64,11737.9
2021-01-07,20666.55,19804.48,12920.83,9540.51,4155.14,10742.07,1641.62,11766.1
2021-01-08,20718.5,20107.94,13103.66,9698.7,4186.47,10950.19,1646.3,11925.6
2021-01-11,20606.4,20342.36,13141.23,9795.33,4192.9,11044.08,1636.24,12006.5
2021-01-12,20560.95,20367.08,13125.09,9766.49,4281.97,11002.84,1659.95,12058.35
2021-01-13,20389.75,20317.66,13096.13,9743.92,4320.96,10965.07,1657.94,12041.1
2021-01-14,20502.3,20275.15,13171.02,9769.58,4330.5,11007.21,1654.42,12069.5
2021-01-15,20265.05,19951.14,12955.76,9607.34,4291.69,10849.32,1645.89,11931.2
2021-01-18,19894.6,19445.36,12755.52,9472.49,4150.24,10688.62,1591.1,11776.2
2021-01-19,20149.95,19794.57,12965.87,9612.45,4258.82,10826.9,1645.3,11981.85
2021-01-20,20292.05,20103.88,13045.14,9674.94,4292.18,10857.38,1665.17,12078.35
2021-01-21,20188.1,19900.22,13000.04,9637.82,4227.16,10863,1636.08,12015.95
2021-01-22,19951,19769.82,12891.87,9589.56,4137.91,10806.59,1594.03,11854.5
2021-01-25,19835.45,19602.02,12823.79,9507.54,4092.18,10742.8,1572.88,11743.7
2021-01-27,19737.85,19510.03,12745.89,9459.25,4009.99,10654.37,1538.45,11546.35
2021-01-28,19571.6,19287.68,12667.88,9376.61,4003.02,10591.23,1525.63,11442.55
2021-01-29,19275.45,19042.96,12482.16,9239.3,3961.39,10383.79,1518.12,11302.4
2021-02-01,19560.3,19547.81,12656.33,9418.37,4135.5,10527.74,1615.58,11770.15
2021-02-02,19832.55,19934.97,12841.64,9521.67,4283.45,10720.39,1660.69,12053.25
2021-02-03,20196.8,20287.19,13011.77,9601.15,4368.05,10795.89,1694.74,12174.05
2021-02-04,20489.25,20487.77,13110.09,9706.66,4454.84,10871.73,1718.49,12285.85
2021-02-05,20500.05,20447.29,13052.83,9663.26,4425.4,10849.72,1704.81,12279.85
2021-02-08,20671.8,20687.14,13214.77,9730.23,4516.52,10927.68,1731.63,12441.3
2021-02-09,20716.9,20649.18,13238.79,9723.45,4497.24,10931.25,1721.38,12434.2
2021-02-10,20921.2,20827.94,13315.49,9755.92,4509.51,10964.83,1740.45,12452.45
2021-02-11,21215.45,21014.89,13365.26,9818.43,4520.01,10983.48,1755.23,12514.1
2021-02-12,21163.7,21099.62,13338.35,9753.08,4479.97,10892.57,1761.6,12508.55
2021-02-15,21342,21585.33,13352.55,9734.37,4505.32,10889.37,1802.81,12632.05
2021-02-16,21498.9,21610.95,13403.47,9719.53,4578.26,10915.7,1812.26,12647.2
2021-02-17,21484.75,21504.86,13321.46,9668.05,4606.49,10842.34,1815.57,12597.45
2021-02-18,21733.65,21517.17,13415.21,9698.16,4724.97,10857.51,1825.03,12565.7
2021-02-19,21423.85,21207.54,13284.7,9612.82,4649.1,10777.13,1787.81,12438.8
2021-02-22,21219.55,20984.12,13129.23,9440.77,4611.99,10581.66,1756.72,12212.55
2021-02-23,21447.7,21006.09,13153.85,9448.33,4716.34,10612.57,1781.7,12263.7
2021-02-24,21560.25,21129.4,13230.2,9515.1,4774.89,10637.91,1809.72,12455.2
2021-02-25,21643.7,21272.97,13376.28,9595.62,4946.61,10711.55,1850.36,12567.85
2021-02-26,21475.1,21013.37,13166.36,9386.79,4808.61,10475.81,1793.12,12181.4
2021-03-01,21856.7,21267.65,13419.1,9539.3,4895.99,10638.21,1819.59,12368.3
2021-03-02,22119.2,21658.71,13609,9730.51,4957.7,10804.87,1843.21,12519.4
2021-03-03,22552.95,22075.44,13742.18,9815.87,5064.75,10883.15,1889.98,12764.8
2021-03-04,22669.25,22096.78,13832.55,9819.6,5037.04,10905.89,1880.89,12688.85
2021-03-05,22305.55,21748.1,13661.81,9749.92,4924.31,10793.03,1829.44,12539
2021-03-08,22289.1,21767.65,13696.95,9746.76,4986.49,10785.38,1831.06,12558.95
2021-03-09,22215.1,21711.45,13681.77,9768.16,4906.6,10792.64,1821.79,12617.2
2021-03-10,22599.15,22018.33,13784.92,9854.19,4940.57,10860.2,1841.19,12691.35
2021-03-12,22517.8,21967.29,13745.82,9777.73,4944.83,10788.39,1823.64,12593.9
2021-03-15,22460.35,21870.66,13661.49,9707.98,4940.67,10752.8,1815.89,12510.15
2021-03-16,22616.05,22168.66,13807.61,9790.99,4934.48,10797.11,1816.45,12512.7
2021-03-17,22131.2,21735.83,13549.84,9657.88,4768.66,10638.84,1769.38,12319.9
2021-03-18,21834.75,21327.16,13310.91,9526.95,4713.14,10514.01,1753.18,12174.45
2021-03-19,22161.7,21597.73,13457.78,9656.67,4773.79,10650.29,1778.52,12314.5
2021-03-22,22476.45,21967.04,13509.35,9729.93,4770.99,10758.89,1778.74,12338.6
2021-03-23,22819.95,22296.9,13598.85,9749.88,4770.04,10796.63,1792.62,12417.3
2021-03-24,22517.65,21979.29,13459.59,9649.09,4624.87,10692.34,1740.4,12197.2
2021-03-25,22007.8,21400.63,13271.1,9466.62,4543.42,10517.57,1709.56,11993.3
2021-03-26,22233.8,21703.7,13416.54,9597.83,4623.32,10650.69,1744.78,12148.9
2021-03-30,22563.85,22086.01,13679.21,9812.9,4677.39,10879.96,1756.29,12387.9
2021-03-31,22648.2,22161.41,13731.03,9811.34,4705.55,10896.31,1763.13,12313.7
2021-04-01,23287.5,22633.7,13847.35,9886.64,4834.74,10954.65,1815.97,12479
2021-04-05,23512.4,22820.71,13771.44,9806.55,4758.34,10877.78,1770.49,12298.6
2021-04-06,23993.6,23251.92,13874.97,9871.3,4799.58,10954.7,1782.15,12358.1
2021-04-07,24165.7,23410.16,14037.8,9993.44,4849.28,11034.69,1808.13,12481.3
2021-04-08,24304.6,23444.52,14141.49,10064.14,4898.74,11105.03,1824.92,12541.65
2021-04-09,24657.5,23829.96,14222.76,10090.8,4870.29,11160.69,1813.36,12527.4
2021-04-12,23387.55,22785.55,13750.59,9783.33,4541.25,10879.11,1678.01,12024.1
2021-04-13,23601.4,22754.63,13766.68,9754.26,4685.45,10865.26,1736.59,12186.7
2021-04-15,23702.65,22936.03,13846.93,9776.28,4692.43,10942.39,1731.34,12237.6
2021-04-16,24108.9,23305.29,13944.14,9843.11,4727.24,11058.45,1739.07,12298.05
2021-04-19,23778.2,23214.46,13747.9,9694.14,4598.64,10904.02,1687.28,12076.45
2021-04-20,23834.3,23362.25,13721.65,9657.34,4591.23,10882.16,1698,12055.4
2021-04-22,24055.55,23526.11,13741.99,9647.07,4621.31,10856.15,1715.3,12132.05
2021-04-23,24120.2,23497.54,13784.04,9646.99,4623.12,10823.08,1719.95,12105.6
2021-04-26,24217.25,23607.44,13841.47,9698.97,4670.26,10839.19,1740.07,12216.85
2021-04-27,24565.95,23877.05,13972.97,9779.42,4756.75,10901.21,1766.9,12362.55
2021-04-28,24697.75,24089.85,14032.43,9870.66,4784.96,10967.99,1799.07,12517.95
2021-04-29,24681.25,24154.5,14014.92,9839.7,4820.8,10927.28,1812.82,12532.8
2021-04-30,24547.7,24097.03,14069.45,9818.61,4867.47,10887.4,1798.91,12364.35
2021-05-03,25016.05,24476.08,14235.2,9870.12,4905.73,10965.44,1802.94,12395.25
2021-05-04,24859.5,24308.77,14223.56,9842.36,4903.57,10898.97,1794.86,12300.45
2021-05-05,25032.9,24625.61,14324.28,9886.76,4952.3,11013.44,1810.25,12413
2021-05-06,25257.25,24880.37,14381.9,9966.24,5000.97,11053.95,1833.53,12501.9
2021-05-07,25207.3,24689.4,14371.01,9954.2,5105.98,11082.23,1861.84,12563.1
2021-05-10,25269.95,24794.16,14463.2,9965.18,5266.66,11175.92,1890.16,12669.9
2021-05-11,25220.75,24672.47,14510.72,9976.17,5354.88,11219.31,1889.42,12642.25
2021-05-12,24986.6,24342.57,14401.13,9923.62,5312.94,11149.38,1866.28,12537.95
2021-05-14,24543.5,23873.33,14358.43,9949.59,5163.73,11193.08,1825.58,12472.15
2021-05-17,25122.35,24340.89,14514.11,10027.53,5244.82,11249.73,1870.86,12672.1
2021-05-18,25521.7,24751.92,14625.76,10131.48,5314.22,11343.95,1898.76,12839.1
2021-05-19,25588.35,24779.25,14696.99,10163.14,5295.06,11412.58,1884.31,12809
2021-05-20,25527.75,24800.02,14646.42,10101.8,5217.89,11366.11,1875.36,12736.45
2021-05-21,25686.6,24917.01,14711.98,10150.8,5266.91,11413.8,1901.69,12917.85
2021-05-24,25975.6,24960.31,14768.92,10194.53,5318.09,11447.06,1909.93,12962.45
2021-05-25,25878.65,24894.4,14808.93,10261.95,5334.84,11525.07,1905.52,12963
2021-05-26,25885.95,25123.6,14846.4,10358.5,5305.42,11537.05,1904.41,13022.2
2021-05-27,26167.15,25245.06,14913.74,10389.4,5321.34,11575.41,1912.4,13066.25
2021-05-28,26096,25166.03,14903.7,10386.17,5353.74,11526.21,1926.08,13117.05
2021-05-31,26292.35,25303.62,15006.96,10456.55,5402.19,11601.89,1943.43,13226.35
2021-06-01,26309.2,25529.9,14964.09,10442.07,5375.79,11586.86,1930.31,13210.4
2021-06-02,26784.35,26015.58,15064.36,10458.76,5443.51,11610.92,1966.3,13274.25
2021-06-03,27018.2,26266.27,15131.68,10522.37,5489.6,11680.33,1978.27,13380.5
2021-06-04,27226.5,26514.98,15202.13,10548.95,5578.54,11659.9,2000.13,13393.9
2021-06-07,27381.5,26530.84,15360.12,10610.81,5637.3,11760.11,2008.56,13479.65
2021-06-08,27765.05,26816.77,15449.7,10672.97,5633.71,11803.44,2003.64,13496.55
2021-06-09,27406.55,26483.13,15403.13,10621.64,5617.8,11762.9,1983.03,13396.4
2021-06-10,27771.2,26879.8,15557.47,10722.13,5680.86,11839.96,2022.51,13517.2
2021-06-11,27843.4,27059.38,15605.03,10777.6,5713.65,11850.7,2031.66,13563.85
2021-06-14,27557.3,26828.09,15597.95,10777.28,5707.16,11861.73,2023.52,13554.15
2021-06-15,27537.15,26784.83,15679.68,10865.97,5713.71,11904.12,2031.44,13607.8
2021-06-16,27143.6,26486.61,15662.16,10854.09,5664.47,11872.55,1999.96,13510.6
2021-06-17,26737.9,26171.48,15632.12,10843.38,5572.39,11850.55,1963.53,13425.15
2021-06-18,26596.4,26007.25,15525.12,10797.46,5477.83,11805.16,1944.89,13386.55
2021-06-21,26968.55,26232.1,15561.91,10823.4,5531.01,11841.42,1965.88,13456.1
2021-06-22,27204,26439.73,15602.65,10818.89,5549.84,11859.19,1968.73,13491.1
2021-06-23,26953.3,26152.09,15518.33,10765.8,5509.97,11803.12,1957.21,13423.35
2021-06-24,26905.5,26105.71,15540.98,10846.54,5476.1,11847.65,1951.77,13468.25
2021-06-25,27106.2,26299.56,15602.67,10840.55,5545.68,11831.79,1989.51,13539.4
2021-06-28,27098.15,26346.84,15683.18,10851.34,5593.46,11846.4,2001.69,13533.05
2021-06-29,27075.3,26379.13,15801.43,10877.48,5542.6,11867.53,1981.81,13481.95
2021-06-30,27135,26420.98,15911.39,10934.15,5544.28,11858.57,1972.5,13473.55
2021-07-01,27096.4,26307.4,15933.24,10960.14,5537.69,11894.75,1963.33,13454.1
2021-07-02,27112.05,26207.88,15960.87,11008.12,5543.73,11875.62,1963.3,13494.45
2021-07-05,27039.45,26234.98,16082.07,11081.89,5605.64,11909.37,1987.51,13585.75
2021-07-06,26977.45,26048.26,16063.66,11052.35,5537.76,11899.75,1975.73,13574.15
2021-07-07,27007.7,26148.08,16177.27,11136.06,5570.98,11953.4,1994.05,13631
2021-07-08,26989.6,26022.14,16098.66,11091.71,5515.36,11912.01,1970.47,13532.7
2021-07-09,27146.2,26176.51,16134,11142.84,5551.95,11899.34,1991.04,13527.95
2021-07-12,27264.15,26254.3,16171.79,11179.53,5571.22,11918.48,2001.24,13549
2021-07-13,27407.45,26405.33,16196.64,11212.12,5620.41,11942.17,2013.42,13628.85
2021-07-14,27522.8,26503,16213.79,11278.16,5607.44,11952.32,2009.5,13661.1
2021-07-15,28137.9,26883.35,16268.95,11370.72,5593.02,11980.28,2015.08,13720.35
2021-07-16,28361.35,27048.96,16317.43,11385.11,5622.08,11992.83,2023.18,13742.35
2021-07-19,28055.7,26827.17,16287.92,11381.07,5593.36,11960.51,1988.86,13619.85
2021-07-20,27691.55,26411.4,16187.5,11347.13,5510.41,11937.98,1947.79,13495.6
2021-07-22,28359.25,26898.58,16352.17,11413.42,5589.86,11996.7,1983.17,13670.2
2021-07-23,28522.8,27079.24,16395.62,11429.88,5569.37,12039.73,1982.68,13687
2021-07-26,28502.15,27173.46,16413.35,11496.15,5569.19,12061.57,1976.38,13675.1
2021-07-27,28468.9,27069.28,16329.09,11426.56,5547.85,11973.85,1977.91,13610.3
2021-07-28,28289.35,26936.49,16312.78,11396.02,5531.5,11950.93,1969.49,13579.15
2021-07-29,28418.85,27242.45,16354.78,11411.55,5637.03,11893.71,2001.42,13643.75
2021-07-30,28513.05,27338.76,16464.8,11468.24,5640.08,11993.16,2006.66,13664.25
2021-08-02,28778.8,27650.62,16623.54,11579.72,5706.58,12066.43,2034.97,13783.7
2021-08-03,28862.5,27680.31,16675.05,11652.14,5717.11,12189.05,2041.36,13939.2
2021-08-04,28762,27527.95,16532.34,11571.01,5666.32,12101.99,2031.83,13969.35
2021-08-05,28791.1,27667.84,16547.05,11605.45,5656.61,12110.04,2029.83,13981.55
2021-08-06,28932.85,27737.54,16525.16,11562.98,5688.33,12075.28,2030.94,13954.65
2021-08-09,28596.7,27435.73,16500.67,11541.63,5611.65,12074.09,2011.38,13935.05
2021-08-10,28003.4,26929.86,16366.4,11481.19,5498.75,12030.47,1973.68,13892.75
2021-08-11,27892.6,26971.15,16381.8,11418.15,5563.13,12015.62,1978.54,13876.55
2021-08-12,28388.1,27413.8,16451.37,11511.49,5609.92,12065.46,1993.13,13971.95
2021-08-13,28437.05,27500.18,16468.81,11542.98,5608.58,12112.95,1987.3,14065.3
2021-08-16,28463.6,27481.72,16469.37,11507.22,5626.2,12090.94,1988.43,14070.8
2021-08-17,28731.8,27679.82,16580.6,11604.74,5549.27,12190.18,1963.13,14113.1
2021-08-18,28745.85,27746.04,16584.23,11614.03,5524.62,12233.78,1958.81,14095.55
2021-08-20,28187.75,27169.45,16435.73,11581.05,5331.28,12223.05,1887.58,13943.95
2021-08-23,27903.35,26933.21,16315.77,11522.73,5263.79,12183.02,1865.33,13930.55
2021-08-24,28371,27581.17,16481.51,11592.26,5373.55,12190.35,1916.02,14063.25
2021-08-25,28721.35,27868.82,16530.42,11625.57,5409.65,12197.5,1913.62,14093.6
2021-08-26,28977.1,27974.87,16531.26,11645.38,5371.15,12212.92,1909.63,14106.95
2021-08-27,29314.7,28353.54,16618.08,11681.06,5422.33,12322.62,1923.84,14192.5
2021-08-30,29808.3,28839.16,16824.81,11835.83,5531.06,12454.08,1966.53,14397.9
2021-08-31,30213.4,29211.94,16944.4,11891.39,5583.1,12575.26,1970.49,14555.9
2021-09-01,30292.65,29365.45,16991.56,11950.87,5574.81,12643.71,1982.11,14551.35
2021-09-02,30646.3,29548.01,17130.07,12043.36,5583.72,12819.09,1995.95,14684.35
2021-09-03,30836.45,29762.75,17210.73,12081.03,5650.45,12830.78,2003.89,14759.3
2021-09-06,30906.85,29832.24,17167.17,12093.09,5645.76,12804.94,2008.4,14805.85
2021-09-07,30794.4,29652.02,17142.25,12084.62,5606.92,12808.11,2002.88,14784.25
2021-09-08,30937.6,29790.29,17191.37,12073.36,5647.98,12771.57,2010.52,14803.6
2021-09-09,31199.55,30069.26,17323.06,12168.33,5688.59,12823.42,2015.38,14836.45
2021-09-13,31478.2,30475.05,17468.06,12270.51,5742.46,12890.51,2019.04,14852.2
2021-09-14,31524,30641.83,17504.26,12314.48,5777.78,12904.64,2048.44,14904.35
2021-09-15,31722.8,30953.17,17610.31,12405.97,5872.14,12964.19,2069.22,15020.55
2021-09-16,31797.1,30960.79,17649.41,12425.34,5900.8,12994.55,2091.95,15104.9
2021-09-17,31627.35,30572.03,17527.03,12337.52,5804.17,12933.83,2063.5,15027.25
2021-09-20,30922.15,29783.66,17315.9,12265.06,5601.78,12842.3,1999.07,14826.75
2021-09-21,31036.6,29906.22,17417.5,12338.46,5655.29,12922.24,2025.34,14946.3
2021-09-22,31378.6,30073.61,17591.16,12416.54,5742.04,12974.09,2074.44,14990.55
2021-09-23,31768.5,30450.15,17763.05,12513.07,5840.98,13020.51,2121.14,15205.45
2021-09-24,31750.85,30274.01,17671.66,12500.58,5791.25,13000.22,2095.85,15191.95
2021-09-27,31567.4,30235.77,17539.77,12346.18,5859.11,12937.39,2111.61,15189.05
2021-09-28,31331.2,29970.44,17614.35,12249.86,5959.19,12909.1,2097.18,15095.6
2021-09-29,31556.9,30303.96,17692.22,12276.87,6111.91,12934.89,2122.21,15086.95
2021-09-30,31641.8,30464.9,17683.51,12229.98,6117.47,12893.11,2127.24,15052.65
2021-10-01,31624.55,30548.53,17794.31,12290.92,6130.85,12921.48,2130.76,15013.95
2021-10-04,32296.15,31097.59,17960.21,12439.93,6234.16,13026.34,2175.54,15181.15
2021-10-05,32497.8,31352.27,18109.39,12526.92,6323.82,13066.95,2181.76,15280.1
2021-10-06,32336.5,31172.69,18056.9,12450.83,6253.02,12920.41,2142.89,15134.55
2021-10-07,32748.55,31690.19,18164.24,12594.81,6285.1,13047.43,2183,15290.15
2021-10-08,33071.55,31834.19,18165.71,12609.36,6291.7,13033.11,2189.91,15365.2
2021-10-11,33080.4,32138.64,18247.64,12616.56,6409.32,13068.51,2211.43,15428
2021-10-12,32933.95,32194.17,18279.11,12629.5,6444.37,13102.51,2232.15,15481.9
2021-10-13,33436.65,33146.81,18331.71,12706.66,6627.98,13138.21,2281.3,15631.4
2021-10-14,33913.7,33712.62,18496.23,12741.13,6678.97,13166.25,2301.44,15769.25
2021-10-18,34172.35,34266.58,18594.45,12717.21,6843.4,13190.5,2348.18,15886.15
2021-10-19,33850.65,33590.09,18355.5,12628.02,6643.63,13003.31,2286.2,15757.85
2021-10-20,32964.95,33150.98,18019.42,12422.29,6525.47,12843.81,2272.04,15568.65
2021-10-21,32529.05,32936.5,17787.11,12227.22,6543.92,12721.13,2282.58,15487.65
2021-10-22,31998.25,32453.81,17622,12093.83,6450.17,12616.17,2255.77,15399.7
2021-10-25,31477,32240.74,17442.33,11904.79,6405.42,12452.38,2236.89,15334.35
2021-10-26,32196.8,32927.98,17629.51,12082.69,6532.9,12560.2,2285.29,15499.65
2021-10-27,32372.4,33140.52,17713.99,12157.62,6494.02,12660.64,2270.28,15484.35
2021-10-28,31568.2,32181.68,17358.72,11934.98,6267.71,12490.92,2202.75,15190.85
2021-10-29,31388.8,32040.47,17328.19,11908.66,6256.1,12504.49,2199.92,15086.9
2021-11-01,31994.35,32615.25,17622.79,12091.8,6387.97,12684.03,2236.28,15302.7
2021-11-02,32079.05,32734.74,17548.31,12062.43,6382.01,12671.08,2270.42,15314.65
2021-11-03,32140.75,32831.6,17527.46,12052.26,6386.19,12655.22,2263.27,15282.75
2021-11-04,32359.3,33064.56,17686.18,12153.7,6433.47,12737.06,2278.92,15376.9
2021-11-08,32586.9,33493.54,17883.21,12189.87,6561.79,12831.24,2313.18,15520.15
2021-11-09,33057.9,33830.62,17891.51,12192.46,6585.06,12823.36,2330.42,15541.95
2021-11-10,33153.55,33785.45,17864.61,12183.07,6529.14,12791.16,2311.69,15521.1
2021-11-11,33143.2,33762.52,17788.07,12143.6,6458.46,12695.04,2283.03,15411.1
2021-11-12,33549.35,34090.43,17843,12213.59,6481.15,12775.14,2298.14,15579
2021-11-15,33705.1,34053.41,17881.93,12279.42,6425.51,12839.93,2279.16,15592.6
2021-11-16,33799.85,34045.48,17816.17,12240.61,6377.9,12789.98,2263.78,15525.4
2021-11-17,33876.95,34052.1,17678.84,12215.1,6367.55,12758.45,2251.62,15454.95
2021-11-18,33312.75,33546.66,17444.02,12039.97,6251.43,12646.51,2208.98,15302.55
2021-11-22,32401.25,32778.82,17002.93,11790.47,6065.95,12413.41,2151.89,14976.7
2021-11-23,33129.3,33481.78,17168.45,11864.58,6182.7,12502.34,2191.2,15107.8
2021-11-24,33190.25,33376.74,17110.52,11791.05,6202.89,12425.66,2191.49,15046.5
2021-11-25,33517.75,33665.26,17089.2,11818.03,6201.95,12417.7,2196.72,15150.6
2021-11-26,32483.3,32396.96,16774.79,11645.26,5936.44,12274.62,2091.34,14707.2
2021-11-29,31978.4,31775.36,16596.71,11553.92,5861.02,12205.74,2055.59,14656.45
2021-11-30,32234.85,31877.84,16717.31,11619.27,5852.85,12253.16,2043.53,14648.35
2021-12-01,32582.8,32231.15,16722.66,11626.36,5948.54,12217.02,2098.05,14784.7
2021-12-02,33167.35,32841.15,16920.87,11777.97,6047.34,12358.15,2122.67,14973.95
2021-12-03,33049.45,32696.83,16898.78,11716.18,6042.89,12260.59,2127.54,14856.3
2021-12-06,32458.85,32201.67,16666.71,11496.66,5959.81,12056.92,2096.76,14618.35
2021-12-07,32918.05,32816.77,16826.49,11606.73,6072.03,12174.56,2138.06,14834.5
2021-12-08,33552.9,33459.76,17007.24,11763.96,6155.71,12322.95,2180.28,15073.25
2021-12-09,33757.95,33715.42,17042.66,11820.44,6172.5,12360.27,2197.41,15126.6
2021-12-10,34036.7,33891.25,17061.69,11861.12,6197.08,12408.07,2213.52,15155
2021-12-13,34090.85,33799.41,16953.67,11817.06,6160.44,12363.15,2198.12,15064.25
2021-12-14,34190.45,34020.91,16970.66,11839.37,6164.2,12386.05,2188.3,15043.25
2021-12-15,34024.55,33896.57,16847.56,11757.19,6103.48,12311.41,2162.35,14953.1
2021-12-16,33956.4,33800.22,16838.69,11748.28,6069.25,12277.11,2148.78,14936.45
2021-12-17,33258.45,33053.03,16600.56,11581.29,5908.23,12116.11,2075.97,14673.15
2021-12-20,31905.2,31708.45,16096.71,11297.85,5665.48,11928.99,1988.46,14300.7
2021-12-21,32483.75,32193.03,16316.65,11427.79,5750.17,12044.44,2011.44,14461.4
2021-12-22,33027.5,32866.19,16462.53,11534.91,5843.55,12109.77,2045.69,14639.75
2021-12-23,33376.35,33185.01,16653.91,11638.52,5911.37,12210.23,2068.53,14751.45
2021-12-24,33255.2,32897.9,16548.2,11632.03,5820.49,12147.08,2036.23,14664.8
2021-12-27,33601.3,33027.29,16577.58,11655.59,5823.28,12170.27,2030.84,14727.6
2021-12-28,34029.1,33389.05,16789.56,11793.83,5917.75,12306.09,2050.14,14867.85
2021-12-29,34118.2,33312.64,16806.03,11821.57,5888.23,12329.51,2045.06,14863.4
2021-12-30,34183.1,33342.27,16847.32,11858.3,5860.84,12360.13,2033.87,14842.05
2021-12-31,34605.05,33704.65,16992.8,11985.63,5934.66,12495,2067.57,14996.2
2022-01-03,34945.85,34050.39,17094.46,12103.06,6052.03,12548.18,2114.39,15204.6
2022-01-04,35021.3,34115.15,17117.77,12127.37,6088.45,12581.66,2117.96,15318.75
2022-01-05,34912.5,33840.24,17185.64,12128.9,6155.75,12612.38,2149.09,15396.4
2022-01-06,34947.25,33670.25,17123.15,12091.85,6165.65,12551.82,2149.32,15290.1
2022-01-07,35148.6,33801.8,17238.03,12151.91,6227.51,12627.43,2156.71,15348.55
2022-01-10,35391.15,33889.18,17358.64,12214.77,6308.17,12701.43,2187.51,15495.55
2022-01-11,35302.55,33902.23,17303.3,12245.7,6260.28,12705.56,2177.22,15530.55
2022-01-12,35551.15,33962.78,17367.93,12302.78,6324.39,12762.94,2214.36,15667.9
2022-01-13,35966.1,34137.87,17498.04,12372.39,6406.04,12800.87,2232.28,15721.05
2022-01-14,35989.85,34027.78,17455.44,12306.62,6405.2,12806.44,2229.94,15730.4
2022-01-17,36180.65,34199.84,17479.28,12290.1,6445.89,12849.85,2242.49,15781.25
2022-01-18,35416.25,33381.39,17215.01,12069.91,6332.27,12626.54,2190.8,15573.1
2022-01-19,35470.05,33382.66,17198.85,12061.11,6378.52,12550.64,2197.3,15472.5
2022-01-20,35675.05,33385.71,17175.14,12009.9,6380.81,12466.26,2196.87,15361.1
2022-01-21,34964.9,32566.38,16867.86,11810.91,6237.12,12373.58,2146.45,15180.8
2022-01-24,33319.9,31006.75,16385.98,11428.01,6061.73,12080.07,2058.21,14712.05
2022-01-25,33609.75,31303.17,16482.53,11494.57,6173.26,12206.89,2101.36,14832.2
2022-01-27,32965.8,30590.19,16263.51,11264.1,6196.64,12049.46,2108.21,14679.7
2022-01-28,33330.45,31073.29,16417.24,11394.82,6245.92,12115.37,2124.4,14723.25
2022-01-31,33759.45,31822.68,16660.87,11554.62,6329.11,12263.38,2145.35,14921.45
2022-02-01,34023.1,31922.83,16696.09,11702.53,6370.59,12410.89,2189.65,15116.2
2022-02-02,34465.6,32336.33,16909.16,11913.84,6442.53,12533.41,2227.99,15293.35
2022-02-03,34139.35,31830.01,16778.43,11828.62,6393.2,12477.42,2210.81,15135.9
2022-02-04,34081.15,31690.41,16701.07,11791.9,6377.31,12427.13,2196.55,15085.45
2022-02-07,33683,31240.38,16530.46,11655.15,6390.7,12257.14,2178.75,14870.6
2022-02-08,33225.35,30912.9,16482.26,11620.95,6385.22,12257.13,2171.92,14857.05
2022-02-09,33618.25,31391.82,16705.61,11760.11,6445.48,12383.98,2201.95,15016.35
2022-02-10,34005.9,31688.1,16727.98,11769.21,6495.78,12407.88,2222.96,15112.2
2022-02-11,33311.9,30881.47,16515.25,11569.19,6449.94,12264.37,2180.2,14891.3
2022-02-14,31848.05,29735.22,16038.6,11207.42,6190.67,11907.83,2066.86,14400.4
2022-02-15,32782.95,30868.47,16323.28,11446.97,6300.74,12151.3,2137.26,14805.55
2022-02-16,32776.4,30764.78,16409.08,11431.7,6309.68,12162.67,2132.07,14789.9
2022-02-17,32685.7,30605.76,16319.61,11372.15,6279.32,12147.04,2112.56,14772.05
2022-02-18,32318.45,30375.8,16238.87,11332.38,6250,12110.06,2093.76,14710.7
2022-02-21,31783,30118.37,15995.92,11157.12,6143.49,12010.01,2058.39,14597.1
2022-02-22,31569.9,30045.17,15862.92,11064.09,6084.07,11949.3,2044.45,14489.05
2022-02-23,31898.1,30155.8,15889.71,11107.16,6087.39,11955.23,2052.01,14506.95
2022-02-24,29935.85,28296.25,15160.67,10540.6,5736.2,11433.06,1901.91,13775.7
2022-02-25,31421.65,29648.82,15605.19,10920.09,5938.01,11717.44,1994.04,14187.4
2022-02-28,31885.3,30024.71,15850.97,11040.91,6099.13,11823.91,2017.9,14307.95
2022-03-02,32108.2,30065.29,15803.68,11022.24,6170.87,11726.53,2018.67,14199.8
2022-03-03,32456.9,30257.87,15894.04,11025.69,6255.31,11600.81,2014.56,14135.95
2022-03-04,31958.75,29731.23,15713.3,10864.35,6151.2,11457.41,1958.79,13893.15
2022-03-07,31363.05,29115.1,15531.43,10661.93,6183.78,11202.07,1897.64,13564.25
2022-03-08,31715.15,29730.07,15735.4,10842.41,6186.24,11395.84,1923.59,13706.75
2022-03-09,32280.8,30298.75,15923.92,11050.01,6185.4,11510.54,1970.91,13979.6
2022-03-10,32955.2,30582.78,16064.19,11139.05,6240.58,11705.26,2006.44,14189
2022-03-11,33122.25,30702.63,16204.84,11200.44,6310.43,11789.49,2016.06,14237.15
2022-03-14,33420.15,30800.26,16152.52,11199.35,6279.4,11818.6,2014.99,14374.6
2022-03-15,32981.7,30343.93,16029.52,11118.53,6125.9,11819.95,1990.36,14215.85
2022-03-16,33510.25,30799.55,16288.49,11308.72,6249.63,12017.18,2042.4,14481.8
2022-03-17,34007.15,31147.5,16478.32,11432.48,6307.16,12183.86,2079.89,14721.7
2022-03-21,34083.9,31028.97,16410.86,11372,6290.56,11991.51,2063.75,14602.35
2022-03-22,34237.6,31316.97,16465.38,11369.14,6345.21,11988.36,2080.31,14724.05
2022-03-23,34409.85,31381.8,16474.73,11387.79,6375.35,11970.62,2093.36,14695.15
2022-03-24,34713.2,31687.19,16493.25,11425.39,6414.88,11982.1,2099.56,14699.35
2022-03-25,34715.1,31769.51,16416.32,11365.91,6373.4,11912.16,2101.76,14651.7
2022-03-28,34637.4,31834.39,16392.46,11346.99,6407.31,11874.05,2101.33,14675.85
2022-03-29,34690.35,31863.71,16381.6,11335.77,6371.39,11930.54,2103.6,14761.9
2022-03-30,35108.45,32383.08,16459.52,11442.58,6330.87,12062.18,2110.08,14896.9
2022-03-31,35463.05,32220.42,16508.1,11469.09,6340.31,12071.45,2119.16,14894.5
2022-04-01,35995.2,32515.42,16708.9,11592.66,6498.19,12201.96,2177.07,15087.3
2022-04-04,36593.55,32934.45,16889.55,11782.52,6589.7,12351.7,2216.99,15384.2
2022-04-05,37078.25,33311.5,17059.58,11918.71,6638.69,12454.1,2225.29,15390.5
2022-04-06,37451.8,33212.63,17070.41,11910.53,6725.87,12418.5,2243.61,15327.9
2022-04-07,37060,32732.99,16941.93,11848.2,6658.42,12398.34,2221.39,15201.25
2022-04-08,37268.35,32952.47,17062.31,11951.27,6756.48,12518.08,2241.45,15342.4
2022-04-11,37422.2,32840.88,17058.34,11930.43,6784.34,12504.81,2246.11,15325.5
2022-04-12,36605.3,32132.37,16785.88,11742.95,6635.21,12404.78,2206.87,15164.7
2022-04-13,36352.15,32088.83,16822.26,11773.67,6679.57,12409.06,2197.9,15138.55
2022-04-18,35680.9,31317.07,16682.68,11666.61,6684.01,12428.77,2170.07,14926.05
2022-04-19,34994.5,30738.35,16490.73,11477.77,6674.91,12171.18,2138.8,14726.65
2022-04-20,35083.9,30782.5,16561.48,11531.34,6687.52,12309.48,2140.17,14850.3
2022-04-21,35782.8,31263.96,16743.78,11684.33,6741.12,12455.8,2173.25,15053.95
2022-04-22,35315.4,31108.58,16703.02,11672.51,6656.76,12357.22,2135.62,14894.85
2022-04-25,34318.15,30423.35,16353.98,11446.55,6448.04,12175.99,2086.56,14673
2022-04-26,34687.6,30719.32,16530.12,11578.26,6527.55,12388.86,2143.52,14898.35
2022-04-27,34368.75,30435.58,16442.14,11501.5,6466.73,12321.99,2118.93,14756
2022-04-28,34510.5,30686.7,16567.75,11594.98,6523.47,12482.22,2125.69,14913.9
2022-04-29,34333.15,30405.65,16374.08,11459.18,6420.4,12358.77,2100.03,14783.35
2022-05-02,33491.75,30042.51,16291.29,11442.19,6429.98,12336.25,2099.54,14736.3
2022-05-04,32528,29423.61,16057.13,11234.29,6352.68,12113.64,2034.82,14393.35
2022-05-05,32428.95,29542.97,16004.38,11197.15,6357.36,12063.76,2033.6,14395.5
2022-05-06,31866.4,28851.73,15799,11023.29,6311.03,11938.62,1988.17,14145.75
2022-05-09,31135.35,28296.42,15621.8,10867.28,6244.05,11886.74,1951.38,13991.75
2022-05-10,30359.5,27601.94,15358.25,10695.44,6077.59,11838.19,1908.98,13855.95
2022-05-11,29484.2,27272.28,15258.37,10668.29,6009.86,11780.88,1889.1,13771.8
2022-05-12,28655.65,26661.19,15072.17,10540.63,5883.02,11610.11,1825.7,13465.25
2022-05-13,28931.75,27022.3,15190.57,10680.51,5819.29,11663.59,1832.62,13471.5
2022-05-16,29340.1,27434.2,15304.93,10697.68,5867.45,11652.41,1872.14,13571.2
2022-05-17,30569.1,28302.44,15641.25,10955,6095.27,11867.18,1938.24,13926.05
2022-05-18,30699.2,28232,15679.01,11008.95,6039.07,11921.26,1921.36,13918.2
2022-05-19,29591.65,27326.66,15399.16,10768.61,5932.27,11695.05,1856.8,13550.9
2022-05-20,29946.8,27833.09,15655.09,10971.13,6054.35,11948.52,1913.21,13895.05
2022-05-23,29743.8,27796.32,15565.4,10905.25,5920.97,11895.82,1881.8,13835.8
2022-05-24,29507.65,27472.65,15413.74,10783.47,5861.75,11795.6,1862.73,13747.25
2022-05-25,28449.9,26580.49,15122.21,10537.66,5803.42,11734.14,1817.81,13587.75
2022-05-26,28684.95,26755.42,15199.32,10601.52,5868.92,11817.9,1851.54,13722.55
2022-05-27,29145.3,27328.1,15269.16,10721.27,5825.89,11904.24,1867.85,13873.15
2022-05-30,30064.95,28196,15538.23,10904.82,5913.71,12087.23,1909.83,14154.8
2022-05-31,30173.5,28477.4,15714.58,10961.56,5973.92,12131.14,1910.26,14119.6
2022-06-01,29897.45,28261.64,15690.29,10927.1,5986.47,12037.06,1905.34,14082.9
2022-06-02,30006.05,28424.44,15780.71,10980.4,6032.68,12058.65,1924.06,14167.95
2022-06-03,29623.4,28155.75,15601.85,10836.24,5971.74,11898.19,1892.08,14077.9
2022-06-06,29456.05,28086.86,15592.15,10781.27,5963.62,11869.19,1893.13,14054.1
2022-06-07,29366.65,27949,15547,10683.36,5986,11774.36,1876.59,13935.6
2022-06-08,29235.8,27818.76,15495.64,10631.8,5992.46,11713.63,1877.82,13886.9
2022-06-09,29409.35,28068.29,15615.54,10669.82,5977.93,11770.93,1872.24,13977.1
2022-06-10,29334.25,27741.04,15565.66,10624.6,5934.35,11744.15,1846.47,13781.75
2022-06-13,28152.1,26615.74,15194.01,10407.92,5745.3,11587.47,1756.2,13416.9
2022-06-14,27831.9,26648.06,15020.76,10404.73,5703.97,11570.15,1761.38,13388.3
2022-06-15,27773.3,26739.09,15041.32,10420.5,5669.02,11589.98,1763.2,13380.85
2022-06-16,26842.35,25956.75,14757.76,10221.39,5478.37,11410.95,1700,13089.2
2022-06-17,26275.75,25688.53,14571.96,10114.55,5430.39,11217.71,1700.11,12994.75
2022-06-20,25193,25232.01,14388.37,10025.9,5270,11264.83,1649.11,12950.75
2022-06-21,26232.85,25992.42,14681.01,10231.7,5442.12,11457.08,1708.81,13241.9
2022-06-22,25691.55,25547.74,14527.92,10097.06,5347.86,11343.19,1671.46,13047.75
2022-06-23,25914.35,26035.91,14748.92,10208.15,5358.14,11477.61,1691.64,13178.8
2022-06-24,26226.1,26108.55,14835.1,10284.63,5406.02,11560.96,1722.46,13322.5
2022-06-27,26637.35,26545.88,14992.97,10408.61,5495.65,11640.15,1743.35,13444.55
2022-06-28,26623.5,26719.57,15058.41,10396.68,5557.83,11646.6,1746.47,13464.25
2022-06-29,26511.2,26493.66,15062.12,10338.35,5580.3,11588.28,1729.1,13417.85
2022-06-30,26214.1,26262.49,14928.18,10286.95,5541.62,11553.21,1701.84,13387.55
2022-07-01,25991.55,26196.22,14968.15,10411.91,5529.39,11698.17,1728.06,13394.45
2022-07-04,26137.4,26342.81,15029.33,10460.79,5542.07,11790.88,1739.84,13472.65
2022-07-05,26068.2,26272.72,14940.86,10411.4,5529.72,11762.97,1731.19,13461.85
2022-07-06,26297.6,26404.76,15081.65,10552.75,5529.46,11939.96,1758.24,13631.3
2022-07-07,26759.1,26733.14,15251.47,10660.57,5655.04,12005.55,1798.18,13765.6
2022-07-08,26813.55,26958.86,15318.89,10669.11,5660.83,12065.95,1796.05,13828.25
2022-07-11,27085.7,27393.06,15372.7,10664,5713.25,12057.08,1823.82,13886.85
2022-07-12,27070.8,27306.47,15222.94,10567.58,5655.18,11941.38,1813.02,13779
2022-07-13,26900.55,27184.97,15235.81,10589.91,5669.61,11938.73,1814.17,13726.95
2022-07-14,26678.95,27118.26,15233.84,10531.69,5651.88,11946.71,1798.7,13702.65
2022-07-15,26856.2,27379.41,15326.68,10548.87,5650.55,12022.6,1804.55,13790.2
2022-07-18,27410.05,27675.41,15492.38,10678.25,5757.57,12112.22,1851,13984.4
2022-07-19,27713.4,27862.67,15560.78,10716.05,5798.44,12135.83,1875.86,14051.65
2022-07-20,27917.9,27864.58,15643.7,10823.63,5824.99,12192.61,1884.96,14164.4
2022-07-21,28148.15,28214.71,15856.98,10990.98,5885.35,12284.87,1916.74,14271.8
2022-07-22,28073.95,28208.17,15865.87,10983.15,5894.91,12329.14,1923.51,14336.6
2022-07-25,28007.15,28317.16,15848.67,10987.04,5897.53,12272.35,1919.74,14279.5
2022-07-26,27640.2,28121.78,15668.68,10821.99,5872.25,12172.98,1906.02,14141.45
2022-07-27,27656.3,28299.8,15866.04,10958.94,5926.18,12308.83,1925.68,14262.55
2022-07-28,27819.75,28569.68,15999.43,11104.91,5970.5,12382.29,1959.83,14469.1
2022-07-29,28286.15,28921.57,16247.18,11288.15,6055.32,12555.34,1975.25,14665.65
2022-08-01,28925.4,29574.9,16410.76,11410.89,6138.32,12652.3,2015.93,14846.85
2022-08-02,28994.5,29742.25,16417.96,11433.87,6178.47,12669.28,2026.94,14876.6
2022-08-03,28856.4,29652.57,16376.94,11429.95,6125.99,12652.61,2008.71,14878.05
2022-08-04,28837.5,29623.77,16408.31,11460.04,6109.49,12674.74,1995.04,14892.45
2022-08-05,28954.1,29634.81,16465.36,11520.63,6134.27,12718.43,2003.81,14900.4
2022-08-08,29160.4,30051.07,16486.29,11549.49,6147.07,12737.57,2020.09,14993.35
2022-08-10,28901.05,30109.27,16455.43,11535.26,6144.56,12713.6,2022.64,14985.8
2022-08-11,29183.05,30170.09,16486.49,11598.52,6149.93,12741.33,2044,15095.15
2022-08-12,29433.65,30447.79,16584.66,11623.82,6235.5,12757.32,2050.36,15140.55
2022-08-16,29710.9,30856.22,16796.48,11693.2,6270.19,12918.86,2073.4,15280.5
2022-08-17,29856.35,30867.95,16899.13,11765.27,6324.04,12999.82,2099.02,15379.05
2022-08-18,29983.25,31133.82,16879.96,11770.94,6307.99,13021.41,2110.4,15404.6
2022-08-19,29549,30716.98,16677.04,11666.76,6216.46,12891.87,2070.49,15236.65
2022-08-22,28965.9,30407.63,16440.74,11490.78,6114.94,12722.19,2016.42,15001.75
2022-08-23,29135.45,30665.11,16541.96,11537.28,6203.4,12781.44,2051.6,15090.5
2022-08-24,29372.5,30931.16,16554.87,11568.83,6234.83,12802.76,2091.72,15140.4
2022-08-25,29244.6,30832.89,16524.18,11510.86,6272.11,12767.26,2108.44,15100.65
2022-08-26,29343.55,31194.21,16603.06,11540.2,6337.8,12781.81,2122.22,15147.55
2022-08-29,28982.5,30945.07,16500.32,11418.56,6266.37,12721.57,2095.88,14972.75
2022-08-30,29957.6,31515.97,16781.32,11638.29,6372.26,12943.46,2142.54,15325.05
2022-09-01,30479.5,31624.82,16747.4,11581.38,6315.87,12866.68,2140.75,15211.2
2022-09-02,30708.45,31682.96,16670.73,11535.04,6275.36,12847.27,2135.11,15201.6
2022-09-05,30939.9,31884.62,16712.11,11569.4,6335.38,12888.59,2165.32,15294.4
2022-09-06,30947.2,32156.19,16733.33,11551.15,6372.07,12897.5,2176.27,15313.05
2022-09-07,31040.9,32222.67,16835.49,11621.88,6396.43,12950.56,2188.35,15319.4
2022-09-08,31194.55,32319.36,16913.64,11650.8,6414.23,13030.48,2200.61,15440.7
2022-09-09,31208.55,32207.03,16912.69,11697.24,6410.73,13000.49,2202.72,15467.4
2022-09-12,31596.9,32547.37,17100.28,11783.57,6445.12,13058.14,2221.82,15577.4
2022-09-13,31540.55,32683.95,17101.36,11813.92,6464.87,13131.6,2230.99,15669.85
2022-09-14,31486.25,32698.89,17027.66,11729.24,6518.36,13112.25,2248.23,15630.7
2022-09-15,31626.1,32939.39,16964.69,11690.28,6520.96,13084.98,2249.63,15580.35
2022-09-16,30886.2,32339.79,16574.3,11413.33,6376.44,12773.4,2179.2,15243.95
2022-09-19,30633.45,32317.87,16501.44,11361.78,6342.13,12793.1,2173.24,15293.55
2022-09-20,30926.15,32646.08,16709.62,11510.97,6391.24,12962.18,2195.94,15470.35
2022-09-21,30620.9,32344.48,16629.07,11497,6322.67,12860.75,2171.71,15361.25
2022-09-22,31079.05,32634.71,16693.35,11556.58,6297.11,12864.91,2175.03,15335.3
2022-09-23,30499.2,31971.29,16506.2,11446.79,6155.17,12696,2106.18,15057.65
2022-09-26,29352.3,30774.31,16067.63,11190.95,5951.13,12480.36,2017.3,14725.7
2022-09-27,29202.8,30639.34,16065.01,11230.19,5973.54,12535.14,2018.55,14727.3
2022-09-28,28962.45,30408.17,15996.82,11188.84,5887.75,12521.28,1993.1,14620.6
2022-09-29,29071.6,30594.6,16033.37,11195.43,5935.15,12535.19,2001.63,14602.5
2022-09-30,29586.2,31064.06,16150.63,11272.95,6034.29,12641.93,2052.92,14829.35
2022-10-03,28983.7,30538.58,15994.34,11137.38,5983.02,12508.14,2013,14638.5
2022-10-04,29800.65,31222.58,16326.52,11360.83,6123.68,12706.05,2094.31,14965.8
2022-10-06,30255.05,31656.82,16462.86,11464.95,6208.82,12709.8,2126.78,15053.05
2022-10-07,30288.7,31673.93,16452.41,11444.14,6212.16,12695.35,2134.58,15036.7
2022-10-10,30037.85,31360.48,16379.08,11384.05,6164.74,12624.07,2121.52,14951.65
2022-10-11,29560,30940.61,16120.41,11172.58,6055.77,12452.74,2078.18,14721.9
2022-10-12,29720.2,31121.32,16240.37,11252.9,6135.98,12556.07,2108.96,14829.95
2022-10-13,29573.65,30975.88,16172.5,11238.99,6115.82,12504.99,2091.33,14730.3
2022-10-14,29597.4,30863.58,16191.52,11277.58,6114.92,12543.92,2094.21,14815.1
2022-10-17,29749.6,30955.16,16225.21,11263.76,6124.18,12603.55,2111.55,14906.15
2022-10-18,30179.95,31296.53,16359.61,11359.97,6198.04,12707.13,2141.93,15056.55
2022-10-19,30159.05,31305.34,16330.84,11330.23,6181.13,12707.75,2139.05,15068.6
2022-10-20,30196.3,31453.11,16479.09,11429.46,6255.41,12781.35,2142.65,15112.1
2022-10-21,30069.4,31239.46,16370.69,11340.21,6249.94,12747.87,2137.53,15081.1
2022-10-24,30270.65,31457.88,16476.95,11415.53,6291.81,12838.88,2149.31,15198.75
2022-10-25,30347.5,31441.18,16454.77,11396.44,6316.78,12847.61,2157.02,15158.1
2022-10-27,30517.95,31664.01,16520.09,11423.5,6411.42,12933.12,2188.87,15244.25
2022-10-28,30251.7,31501.2,16520.35,11359.79,6408.04,12954.93,2169.52,15241.6
2022-10-31,30520.5,31752.52,16619.09,11441.81,6435.24,13094.46,2177.28,15424
2022-11-01,30842.6,32268.55,16747.22,11560.73,6475.7,13242.8,2188.28,15537.4
2022-11-02,30722.8,32222.8,16743.16,11568.46,6491.47,13194.75,2173.97,15497.55
2022-11-03,30795.75,32237.5,16760.31,11552.25,6514.56,13182.82,2189.39,15484.7
2022-11-04,30855.6,32301.04,16716.67,11568.45,6570.39,13196.6,2208.68,15530.85
2022-11-07,31112.6,32535.18,16838.78,11614.69,6668.24,13267.45,2231.1,15615.15
2022-11-09,31105.8,32395.89,16743.45,11586.3,6647.81,13185.67,2232.31,15567.25
2022-11-10,30716.75,32083.38,16606,11500.32,6576.79,13112.12,2205.55,15440
2022-11-11,30693.9,31965.07,16677.01,11614.33,6635.61,13187.67,2235.08,15649.1
2022-11-14,30619.55,31763.76,16687.85,11657.88,6668.7,13183.22,2247.79,15650.2
2022-11-15,30645.55,31842.87,16744.86,11667.78,6690.88,13245.9,2253.18,15693.9
2022-11-16,30462.15,31717.61,16732.08,11586.29,6653.77,13254.97,2220.44,15663.3
2022-11-17,30385.35,31705.6,16716.02,11501.67,6652.21,13234.83,2211.07,15597.25
2022-11-18,30164.95,31426.44,16615.28,11467.33,6646.07,13190.88,2201.21,15550.85
2022-11-21,30064.95,31301.33,16622.96,11438.62,6651.27,13141.07,2193.7,15453.8
2022-11-22,30176.05,31464.4,16689.58,11480.18,6677.06,13185.87,2206.72,15509.2
2022-11-23,30336.4,31509.26,16753.39,11524.07,6699.18,13205.85,2215.26,15538.15
2022-11-24,30378.75,31594.04,16898.34,11577.01,6779.01,13343,2222.16,15680.8
2022-11-25,30465.9,31674.86,17053.27,11643.36,6870.42,13378.3,2261,15727.25
2022-11-28,30549.65,31784.4,17195.94,11659.85,6896.97,13424.97,2266.68,15784.45
2022-11-29,30378,31597.05,17260.48,11703.31,6905.1,13506.12,2264.24,15812.45
2022-11-30,30688.1,31998.19,17357.71,11765.26,6954.91,13626.21,2283.77,15946.15
2022-12-01,30746.95,32038.08,17373.36,11838.76,6995.52,13655.47,2305.91,16003.95
2022-12-02,30833.05,32107.7,17411.48,11879.53,7013.35,13621.72,2324.16,15963.5
2022-12-05,30811.4,32174.5,17412.45,11887.13,7085.41,13605.23,2344.75,15967.2
2022-12-06,30776.7,32157.59,17292.61,11810.81,7056.97,13564.99,2336.28,15922.85
2022-12-07,30650.65,31990.23,17300.26,11762.34,7038.8,13552.68,2317.8,15862
2022-12-08,30786.85,32098.24,17323.15,11786.71,7102.85,13543.31,2331.49,15911.1
2022-12-09,30706.7,31958.5,17224.9,11676.86,7030.17,13502.75,2309.2,15812.75
2022-12-12,30851.8,31894.4,17308.25,11685.79,7108.71,13523.99,2322.73,15828
2022-12-13,30944.5,31977.66,17341.66,11739.3,7141.01,13555.8,2331.57,15904.5
2022-12-14,30982.45,32152.03,17365.68,11770.4,7215.33,13560.71,2359.88,15963.8
2022-12-15,30710.6,31825.61,17233.71,11649.14,7160.02,13446.36,2335.94,15783.8
2022-12-16,30390.1,31372.53,17043.09,11551.73,7063.96,13299.16,2299.05,15636.35
2022-12-19,30590.5,31677.92,17175.83,11624.37,7118.68,13440.27,2322.07,15755.2
2022-12-20,30486.5,31642.91,17135.99,11597.02,7097.03,13396.44,2314.71,15726.2
2022-12-21,29634.05,30880.48,16888.04,11516.93,6956.16,13296.22,2258.2,15527.55
2022-12-22,29241.55,30546.95,16787.06,11438.76,6885.53,13269.56,2227.23,15431.5
2022-12-23,27860.05,29405.62,16358.66,11148.34,6620.31,13031.67,2120.86,15046
2022-12-26,28823.35,30305.1,16667.88,11310.57,6830.05,13153.83,2197.54,15298.55
2022-12-27,29133.25,30543.68,16801.97,11419.88,6942.72,13210.67,2241.7,15418.35
2022-12-28,29498.8,30686.86,16822.66,11421.43,6958.72,13206.34,2253.86,15432.8
2022-12-29,29637.7,30635.82,16827.26,11419.04,6990.96,13216.44,2268.95,15485.2
2022-12-30,29685.5,30899.57,16907.95,11437.63,7058.28,13178.02,2283.16,15448.85
2023-01-02,29670.15,31024.87,17103.14,11512.58,7198.05,13202.94,2317.55,15523.65
2023-01-03,29649.25,31073.07,17215.8,11528.93,7222.05,13274.34,2315.72,15557.8
2023-01-04,29292.9,30670.61,17094.59,11443.36,7115.16,13207.99,2272.36,15393
2023-01-05,29395.7,30833.05,17217.44,11476.51,7163.65,13327.15,2276.39,15386.2
2023-01-06,29170.85,30637.2,17133.38,11369.53,7137.87,13258.87,2245.74,15272
2023-01-09,29444.55,30859.55,17224.89,11456.37,7202.18,13355.67,2267.58,15450.1
2023-01-10,29143.35,30462.33,17121.53,11443.44,7173.3,13255.26,2248.63,15325.25
2023-01-11,29012.7,30393.8,17125.43,11410.4,7202.72,13180.13,2257.5,15301.35
2023-01-12,29030.35,30402.38,17086.46,11399.1,7152.6,13203.36,2245.47,15279.6
2023-01-13,29166.1,30526.04,17169.14,11411.19,7205.07,13247.21,2262.38,15346.1
2023-01-16,29240.1,30617.07,17166.21,11391.33,7193.37,13221.33,2257.75,15305.45
2023-01-17,29430.5,30546.22,17147.45,11415.89,7189.32,13270.89,2246.58,15396.15
2023-01-18,29280.9,30423.62,17238.22,11472.09,7257.97,13327.76,2259.42,15466.35
2023-01-19,29182.55,30344.02,17255.56,11440.71,7301.23,13278.61,2247.05,15419.7
2023-01-20,29114.1,30319.87,17193.62,11386.05,7276.77,13191.46,2236.15,15347.9
2023-01-23,29035.65,30334.56,17267.82,11455.04,7300.67,13205.97,2242.93,15403.2
2023-01-24,29020.75,30244.62,17159.57,11413.4,7239.85,13165.33,2228.76,15388.55
2023-01-25,28484.9,29751.89,16976.86,11288.11,7156.43,13062.12,2181.8,15171.95
2023-01-27,27228.55,28877.93,16684.43,11201.7,6995.36,13004.27,2123.99,14874.75
2023-01-30,26825,28874.84,16643.74,11181.64,6967.57,13014.55,2131.1,14854.2
2023-01-31,27358.05,29724.37,16851.38,11238.51,7115.05,13038.64,2179.46,14935.5
2023-02-01,26516.9,28722.85,16597.25,11196.75,6992.16,12952.67,2122.23,14847.65
2023-02-02,26266.7,28677.93,16598.81,11225.57,6968.81,12937.84,2125.84,14839.4
2023-02-03,26202.5,28771.89,16553.44,11139.11,6995.57,13000.8,2139.76,14962.35
2023-02-06,26309.55,28989.47,16595.43,11169.38,6990.88,13031.82,2160.15,14934.15
2023-02-07,26271.15,29090.83,16567.14,11086.86,6930.94,13000.46,2158.66,14902.2
2023-02-08,26531.15,29352.28,16694.61,11186.92,6981.88,13080.21,2192.29,15028.3
2023-02-09,26336.05,29199.1,16658.59,11163.09,6989.77,13053.1,2192.74,15030.1
2023-02-10,26307.1,29221.49,16636.56,11116.65,6972.95,13063.61,2188.69,15015.85
2023-02-13,25952.25,28803.34,16509.15,10981.68,6923.42,13018.38,2155.28,14900.5
2023-02-14,25895.1,28776.2,16510.03,10985.85,6936.42,12991.09,2153.38,14968.9
2023-02-15,25874.65,28909.41,16597.38,11053.99,6963.09,13067.76,2165.56,15039.65
2023-02-16,26213.8,29288.06,16706.18,11163.72,7008.74,13068.55,2172.89,15083.75
2023-02-17,26091.5,28992.61,16626.34,11106.18,6993.15,13016.59,2142.97,15003.95
2023-02-20,26049.6,28852.8,16524.3,11129.62,6950.39,12969.87,2131.43,14938.65
2023-02-21,25953.9,28707.54,16451.24,11147.81,6926.93,12967.54,2118.01,14913.95
2023-02-22,25452.65,28150.29,16250.79,11040.18,6816.66,12860.36,2073.4,14701.9
2023-02-23,25413.85,28295.45,16319.46,11028.42,6834.83,12817.96,2067.92,14666.75
2023-02-24,25231.05,28134.73,16290.06,11033.51,6811.48,12822.47,2056.28,14630.45
2023-02-27,24982.7,28069.45,16133.04,10952.72,6769.78,12734.69,2043.54,14548.7
2023-02-28,25277.2,28432.66,16089.83,10950.78,6735.88,12734.13,2052.67,14518.75
2023-03-01,25856.25,29114.68,16259.09,11046.36,6848.27,12794.79,2098.02,14664.85
2023-03-02,25872.45,29180.72,16359.68,11031.31,6854.51,12775.71,2102.41,14587.25
2023-03-03,26250.8,29532.58,16546.11,11045.66,6955.44,12845.76,2147.42,14774.75
2023-03-06,26530.5,29728.72,16675.72,11115.72,7030.09,12926.81,2158.74,14881
2023-03-08,26772.1,30050.8,16781.62,11109.48,7082.32,12974.92,2162.78,14921.95
2023-03-09,26661.8,29786.51,16747.08,11070.51,7066.83,12912.09,2147.07,14803.95
2023-03-10,26526.95,29451.46,16685.59,11011.65,7026.65,12915.1,2123.09,14679.85
2023-03-13,26105.85,28832.12,16416.32,10858.09,6924.31,12753.65,2068.42,14454.45
2023-03-14,25746.25,28591,16277.02,10808.1,6879.72,12709.12,2051.5,14358.55
2023-03-15,25821.3,28622.64,16331.17,10831.33,6904.39,12709.95,2048.21,14320.3
2023-03-16,25657.75,28495.46,16334.67,10793.78,6906.88,12778.09,2052.44,14330.35
2023-03-17,25863,28727.7,16429.28,10846.87,6956.35,12793.51,2075.69,14420.85
2023-03-20,25421.75,28341.22,16316.72,10771.52,6894.35,12756.37,2037.35,14317.1
2023-03-21,25725.45,28551.45,16372.6,10787.98,6927.38,12796.24,2059.18,14411.3
2023-03-22,25946.75,28596.98,16429.18,10798.72,6928.49,12859.39,2068.46,14460
2023-03-23,25832.45,28330.75,16363.82,10779.88,6889.32,12824.25,2057.3,14403.6
2023-03-24,25550.2,28085.15,16165.77,10635.06,6775.68,12736.16,2009.74,14279
2023-03-27,25280.15,27914.11,16118.18,10588.12,6752.73,12736.43,1993.56,14262.7
2023-03-28,25170.55,27841,16101.67,10543.86,6734.51,12683.75,1986.38,14211.8
2023-03-29,25805.2,28550.94,16392.03,10652.56,6847.87,12796.19,2030.91,14345.6
2023-03-31,25993.55,28905.78,16499.5,10770.18,6887.29,12915.78,2058.14,14557.85
2023-04-03,25987.65,28947.02,16601.52,10846.74,6926.03,13013.08,2075.1,14601.95
2023-04-05,25979.95,28953.58,16644.23,10975.72,6931.99,13080.51,2069.06,14709.4
2023-04-06,26108.85,29002.23,16646.37,10979.65,6957.7,13081.41,2098.96,14759.2
2023-04-10,26146.75,29072.93,16765.28,11024.54,7032.65,13129.39,2118.57,14790.55
2023-04-11,26326.1,29251.19,16838.48,11094.52,7093.3,13146.98,2132.9,14867.25
2023-04-12,26383.2,29361.89,16862.42,11198.82,7081.04,13173.98,2136.02,14941.55
2023-04-13,26480.2,29392.39,16790.99,11150.11,7060.09,13138.62,2143.98,14954.25
2023-04-17,26827.4,29767.55,16862.99,11118.05,7130.21,13160.39,2162.63,14904.3
2023-04-18,26937.4,29823.44,16935.21,11162.87,7137.1,13188.51,2174.73,14897
2023-04-19,26888.75,29811.32,16867.44,11086.54,7136.85,13097.62,2162.28,14856.9
2023-04-20,26743.3,29772.59,16834.88,11051.11,7125.66,13119.86,2165.17,14861.75
2023-04-21,26603.8,29655.65,16806.96,11055.54,7091.75,13109.07,2148.69,14847.1
2023-04-24,26853.95,30015.17,16988.92,11093.75,7152.86,13166.25,2166.65,14930.15
2023-04-25,26919.75,30158.38,17108.75,11108.84,7190.35,13195.59,2183.34,14955.7
2023-04-26,27143.7,30345.95,17165.44,11164.89,7227.01,13240.91,2189.08,14994.4
2023-04-27,27311.1,30506.72,17242.31,11252.31,7256.89,13293.03,2212.55,15075.05
2023-04-28,27659.4,30906.18,17463.02,11365.88,7323.81,13424.42,2250.22,15219.55
2023-05-02,27841.5,31192.72,17674.99,11437.89,7419.36,13479.29,2262.09,15300.75
2023-05-03,28008.9,31375.61,17767.89,11427.97,7401.36,13508.13,2254.74,15276.4
2023-05-04,28300.8,31563.42,17824.72,11466.29,7459.59,13562.49,2281.1,15405.5
2023-05-05,28180.7,31362.71,17703.41,11397.19,7354.37,13528.24,2245.29,15278.6
2023-05-08,28259.8,31415.5,17729.67,11452.77,7415.39,13644.82,2274.47,15427.1
2023-05-09,28117.7,31312.41,17644.25,11529.24,7365.71,13634.17,2258.59,15420.6
2023-05-10,28093,31394,17649.67,11549.82,7395.87,13666.68,2264.39,15466.05
2023-05-11,28157.85,31525.02,17700.07,11590.23,7395.42,13721.76,2274.62,15484.05
2023-05-12,28132.1,31384.15,17606,11541.17,7308.55,13658.37,2259.27,15477.35
2023-05-15,28206.5,31517.44,17749.26,11580.08,7369.21,13707.83,2283.75,15549.7
2023-05-16,28336.3,31781.9,17761.19,11579.26,7393.14,13664.35,2279.97,15492.4
2023-05-17,28454.75,31895.92,17745.3,11560.49,7364.98,13633.58,2262.43,15426.35
2023-05-18,28257,31634.38,17589.56,11438.8,7284.2,13560.06,2237.29,15361.6
2023-05-19,28206.6,31655.27,17510.52,11431.9,7275.64,13509.04,2244.57,15407.55
2023-05-22,28340.5,31994.78,17561.1,11534.53,7293.23,13534.97,2272.96,15504
2023-05-23,28343.7,32036.19,17592.12,11560.97,7327.37,13548.24,2292.54,15544.75
2023-05-24,28392.7,32028.81,17595.7,11558.73,7318.52,13597.19,2286.24,15515.95
2023-05-25,28560.05,32183.85,17598.21,11598.21,7329.83,13665.04,2299.97,15555.25
2023-05-26,28844.55,32552.36,17690.06,11727.13,7359.95,13777.26,2315.33,15696.75
2023-05-29,29033.9,32773.87,17789.43,11776.9,7400.28,13842.8,2336.25,15772.35
2023-05-30,29106.85,32770.8,17811.2,11779.16,7421.95,13877.07,2334.77,15799.45
2023-05-31,29305.7,32934.99,17849.17,11819.67,7389.13,13930.3,2333.55,15766.4
2023-06-01,29360.15,32948.29,17907.38,11853.2,7389.96,13962.25,2345.21,15760.35
2023-06-02,29600.7,33142.21,17996.45,11902.56,7454.66,14016.44,2356.09,15811.2
2023-06-05,29716.15,33461.66,18098.44,11930.7,7467.94,14048.25,2368.39,15859.5
2023-06-06,29852.75,33685.47,18189.06,11909.79,7476.75,14116.69,2376.63,15878.4
2023-06-07,30060.1,33946.11,18420.63,12060.7,7552.19,14267.38,2399.7,16006.7
2023-06-08,29905.3,33622.83,18297.97,11967.18,7518.14,14205.11,2381.02,15921.05
2023-06-09,29987.65,33780.39,18309.78,11897.26,7500.77,14147.71,2380.07,15877.4
2023-06-12,30138.05,33882.02,18464.58,12011.27,7587.27,14228.54,2398,15929.1
2023-06-13,30366.7,34031.99,18599.55,12179.55,7616.9,14325.35,2428.52,16048.2
2023-06-14,30385.95,34095.29,18668.87,12247.35,7658.58,14384.16,2425.27,16084.05
2023-06-15,30463.55,34217.85,18700.44,12278.98,7643.21,14409.79,2420.77,16058.25
2023-06-16,30951.25,34843.12,18808.63,12323.74,7681.17,14513.16,2445.6,16181.45
2023-06-19,30922.05,34775.45,18815.37,12326.97,7669.78,14463.22,2447.27,16142.15
2023-06-20,30988.1,34901.5,18890.3,12447.8,7732.14,14575.44,2457.06,16199.95
2023-06-21,31065.5,34885.06,18940.01,12459.93,7797.5,14630.04,2466.32,16240.95
2023-06-22,30659.1,34475.23,18765.09,12378.65,7723.74,14476.56,2434.26,16140.8
2023-06-23,30284.3,33934.17,18599.62,12248.93,7613.9,14424.3,2402.39,16011.8
2023-06-26,30434.6,34209.56,18745.95,12354.92,7630.02,14505.27,2417.46,16066.15
2023-06-27,30630.6,34203.05,18834.66,12409.85,7680.87,14595.2,2444.16,16163.5
2023-06-28,30947.2,34507.58,18994.57,12450.11,7742.63,14697.13,2463.92,16277.2
2023-06-30,31290.15,34728.44,19151.16,12559.83,7794.73,14821.43,2488.06,16430
2023-07-03,31640.2,34876.33,19263.86,12541.78,7918.07,14817.63,2535.23,16527.95
2023-07-04,31625.55,34710.46,19269.93,12520.25,7916.92,14845.69,2551.6,16556.05
2023-07-05,32009.2,34944.12,19431.33,12587.75,7987.65,14952.01,2569.31,16597.2
2023-07-06,32245.85,35089.72,19558.45,12656.43,8082.91,15037.44,2582.01,16695.05
2023-07-07,32124.1,35021.48,19478.31,12539.73,8043.34,14901.31,2570.69,16564.9
2023-07-10,31854.7,34794.13,19409.97,12456.85,8032.82,14846.15,2567.72,16553.75
2023-07-11,32352.4,35334.37,19551.63,12520.12,8067.69,14933.34,2583.28,16648
2023-07-12,32584.15,35578.14,19586.02,12543.67,8079.3,14922.93,2588.18,16641.05
2023-07-13,32220.25,35281.81,19487.43,12514.52,7976.39,14857.16,2566.14,16623.9
2023-07-14,32567.45,35576.94,19664.24,12721.27,8053.77,14924.41,2601.18,16765.45
2023-07-17,32671.1,35655.03,19730.28,12787.3,8090.59,15007.69,2618.74,16872.05
2023-07-18,32642.1,35635.34,19691.43,12739.71,8039.92,14984.81,2595.14,16872
2023-07-19,33071.1,35991.45,19835.8,12779.59,8106.55,15037.95,2609.51,16953.5
2023-07-20,33092.1,35877.49,19927.6,12762.15,8139.88,15154.32,2618.61,17042.55
2023-07-21,33010.4,35625.43,19928.98,12709.04,8138.15,15106.79,2616.09,16904.3
2023-07-24,33136.45,36038.24,20074.13,12758.94,8182.93,15106.19,2618.45,16865.15
2023-07-25,33070.05,35926.36,20112.18,12736.95,8239.51,15100.88,2642.8,16896.9
2023-07-26,33371.3,36075.26,20212.42,12723.94,8300.69,15153.92,2664.74,16975
2023-07-27,33330.65,36088.28,20385,12734.7,8324.78,15198.38,2660.43,16919.2
2023-07-28,33727.1,36408.11,20506.08,12820.04,8378.01,15270.6,2685.24,16948.35
2023-07-31,33995.7,36747.48,20607.86,12884.16,8502.2,15318.38,2706.58,17059
2023-08-01,33841.55,36487.09,20587.21,12979.2,8509.19,15307.3,2706.01,17051.15
2023-08-02,33402.8,36063.68,20351.68,12857.69,8333.6,15148.68,2657.22,16858.95
2023-08-03,33343.35,35984.24,20311.86,12828.62,8306.32,15068.73,2662.16,16772.3
2023-08-04,33494.25,36134.31,20403.25,12921.32,8299.7,15140.74,2684.49,16890.6
2023-08-07,33592.85,36318.04,20544.36,12939.95,8347.04,15184.03,2696.52,16956.35
2023-08-08,33807.45,36289.17,20663.2,12943.14,8365.69,15200.64,2700.29,16949.25
2023-08-09,33841.35,36295.9,20775.89,13003.56,8433.81,15232.78,2723.66,17003.85
2023-08-10,33721.5,36101.6,20684.31,12974.53,8414.08,15107.32,2730.61,16939.85
2023-08-11,33726.75,36129.17,20573.03,12981.92,8386.33,15015.61,2717.57,16860.15
2023-08-14,33534.45,36014.75,20485.29,12936.2,8323.54,14975.95,2683.69,16825.55
2023-08-16,33583.85,36065.76,20569.56,12940.86,8341.38,15026.71,2681.88,16853.05
2023-08-17,33627.55,36262.01,20653.43,12942.74,8365.92,15001.75,2686.39,16802.25
2023-08-18,33638.35,36210.7,20589.17,12882.06,8306.55,14942.7,2681.72,16757.7
2023-08-21,33778.5,36539.86,20661.17,12950.11,8364.63,15015.61,2709.54,16852.05
2023-08-22,34092.15,36841.51,20647.17,12959.28,8380.87,15021.78,2733.63,16905.25
2023-08-23,34383.1,37099.01,20655.5,12970.73,8433.5,15047.06,2741.55,16950.25
2023-08-24,34246.75,37060.66,20661.57,13064.2,8405.67,15056.07,2739.45,16930.15
2023-08-25,33905.5,36771.98,20528.87,13036.86,8338.71,14957.16,2717.96,16820.85
2023-08-28,33978.15,36853.87,20607.83,13071.28,8421.52,15009.31,2750.95,16875.3
2023-08-29,34115.45,36952.17,20612.29,13128.61,8446.05,15041.94,2770.46,16927.3
2023-08-30,34424.75,37288.21,20642.43,13185.19,8456.62,15035.88,2797.04,16968.95
2023-08-31,34723.85,37550.96,20624.62,13238.89,8385.8,14958.49,2787.75,16924.3
2023-09-01,35082.65,37788.21,20727.62,13350.22,8563.24,15066.38,2828.32,17074.55
2023-09-04,35491.25,38165.11,20917.77,13512.23,8753.91,15146.82,2863.01,17180.95
2023-09-05,35885.15,38497.06,21117.48,13666.67,8806.4,15200.1,2868.94,17252.1
2023-09-06,35680.75,38371.65,21116.03,13717.56,8751.33,15271.96,2858.08,17284.6
2023-09-07,35839.95,38614.92,21317.09,13852.51,8844.05,15336.79,2873.03,17385.5
2023-09-08,36197.55,39141.7,21620.09,13950.82,9005.52,15404.04,2888.26,17487.45
2023-09-11,36799.55,39591.41,21786.28,14091.21,9112.07,15534.29,2933.57,17653.35
2023-09-12,35508.65,38272.94,21202.78,13731.11,8770.13,15427.62,2826.77,17460.55
2023-09-13,35738.2,38233.51,21313.85,13760.38,8915.53,15522.78,2863.93,17526.75
2023-09-14,36109.75,38692.09,21449.86,13870.75,9039.2,15546.56,2900.65,17603.5
2023-09-15,36010.45,38787.45,21477.14,13909.67,9011.8,15602.65,2908.13,17665.8
2023-09-18,36120.75,38685.73,21510.76,13874.09,9077.91,15605.27,2904.94,17613.6
2023-09-20,35888.9,38654.07,21433.08,13800.19,9045.23,15488.86,2886.29,17449.35
2023-09-21,35552.45,38238.85,21310.76,13680.43,8960.95,15375.6,2853.42,17303.5
2023-09-22,35667.5,38332.01,21393.8,13666.22,9011.95,15310.81,2865.02,17260.8
2023-09-25,35763.25,38479.02,21427.65,13722.51,9036.32,15299.03,2878.88,17272.55
2023-09-26,35986,38669.52,21435.21,13732.44,9021.15,15286.9,2881.84,17276.75
2023-09-27,36373.85,39065.2,21647.22,13812.84,9072.76,15321.41,2905.18,17341.6
2023-09-28,36093.4,38636.23,21438.89,13624.33,8977.32,15140.85,2868.71,17170.45
2023-09-29,36496.65,38911.37,21763.04,13721.87,9179.96,15296.23,2913.22,17292.6
2023-10-03,36802.7,38994.07,21746.5,13741.88,9165.85,15209.3,2936.22,17254.4
2023-10-04,36154.1,38286.88,21424.41,13648.2,8996.66,15059.06,2886.28,17123.1
2023-10-05,36124.2,38325.54,21392.79,13703.94,8963.14,15096.46,2892.18,17195.8
2023-10-06,36326.8,38541.59,21514.03,13732.88,9018.35,15176.45,2919.34,17293.6
2023-10-09,35546.25,38046.99,21286.23,13589.96,8876.48,15076.3,2859.14,17127.7
2023-10-10,36200,38598.01,21609.81,13746.51,9047.67,15206.93,2908.96,17303.35
2023-10-11,36398.65,38685.26,21669.13,13785.39,9082.48,15295.17,2918.84,17407.35
2023-10-12,36495.55,38803.62,21758.77,13818.06,9157.46,15322.92,2919.95,17419.7
2023-10-13,36378.6,38757.47,21727.93,13831.08,9143.13,15325.88,2905.98,17390.35
2023-10-16,36572.8,38839.28,21785.42,13872.89,9211.7,15326.79,2918.49,17393
2023-10-17,36994.65,39011.92,21914.54,13906.67,9274.36,15405.68,2930.83,17467.7
2023-10-18,36657.8,38532.66,21733.66,13841.47,9172.88,15346.65,2906.65,17344
2023-10-19,36707.2,38617.28,21758.23,13839,9180.76,15329.99,2906.72,17310.5
2023-10-20,36402.65,38268.64,21614.36,13791.31,9044.86,15282.05,2877.7,17208.75
2023-10-23,35060.45,37308.65,21117.81,13445.51,8795.41,15089.6,2776.2,16888.7
2023-10-25,34748.55,36895.69,20962.32,13380.31,8745.16,15004.78,2762.66,16760.8
2023-10-26,34466.75,36560.68,20782.48,13263.95,8641.29,14814.34,2738.69,16555.45
2023-10-27,35290.55,37348.12,21156.4,13486.7,8797.41,14987.74,2802.93,16765.45
2023-10-30,35259.3,37281.34,21115.01,13455.31,8838.43,15001.88,2797.52,16826.1
2023-10-31,35216.15,37348.69,21212.95,13510.74,8882.4,15056.18,2796.45,16801.1
2023-11-01,35187.05,37217.46,21165.88,13384.88,8859.14,14995.65,2781.84,16732.95
2023-11-02,35818.1,37906.18,21495.16,13498.59,9035.77,15128.67,2816.82,16890.8
2023-11-03,36058.1,38192.84,21619.26,13597.61,9087.37,15213.07,2854.15,17000.95
2023-11-06,36381.95,38300.95,21782.97,13751.68,9166.35,15344.62,2872.97,17159.4
2023-11-07,36518.7,38503.44,21889.48,13823.49,9242.45,15422.67,2868.95,17187.8
2023-11-08,36976.15,38950.36,22105.26,13906.33,9292.74,15488.66,2888.22,17259.7
2023-11-09,37023.1,39086.05,22162.17,13895.53,9328.97,15486.58,2880.95,17218.9
2023-11-10,37286.65,39325,22279.58,13942.85,9425.87,15504.6,2887.22,17256.6
2023-11-12,37615.85,39663.25,22472.4,14061.63,9510.88,15567.92,2906.25,17361.1
2023-11-13,37896.6,39704.49,22638.18,14095.15,9610.41,15523.37,2926.57,17318.6
2023-11-15,38227.25,40099.98,22887.72,14238.48,9681.19,15653.91,2971.08,17508.05
2023-11-16,38458.55,40429.53,22945.36,14349.97,9704.58,15724.28,2980.59,17593.1
2023-11-17,38538.05,40516.73,22986.5,14478.62,9686.36,15765.99,2947.56,17600.5
2023-11-20,38762.5,40922.98,23151.62,14511.46,9708.77,15763.44,2934.67,17573.65
2023-11-21,38397.8,40656.97,23079.33,14481.8,9696.81,15808.46,2941.01,17627.6
2023-11-22,38098.1,40820.11,23094.96,14577.26,9682.79,15841.35,2912.74,17627.7
2023-11-23,38249.55,40850.07,23155.15,14593.19,9730.27,15849.97,2921.21,17639.4
2023-11-24,38316.5,40792.3,23066.72,14518.03,9684.04,15841.38,2923.79,17643.5
2023-11-28,38335.65,40909.16,23166.9,14544.08,9839.18,15917.41,2986.79,17741.8
2023-11-29,38710.2,41219.63,23374.66,14664.84,9914.37,16071.83,3022.64,17904.1
2023-11-30,39097.85,41716.05,23644.98,14756.85,9988.46,16212.66,3029.13,17987.95
2023-12-01,39649.65,42413.58,23990.54,14822.23,10186.26,16291.58,3048.27,18115.35
2023-12-04,40408.9,43127.22,24430.57,14932.57,10455.48,16515.83,3119.83,18448.5
2023-12-05,40494.45,43268.62,24528.77,14918.13,10562.45,16636.35,3196.32,18588.55
2023-12-06,40715.1,43405.76,24629.37,14994.21,10625.66,16610.91,3249.34,18680
2023-12-07,40776.45,43304.76,24652.04,15036.43,10658.29,16661.33,3277.15,18703.85
2023-12-08,40686.75,43468.29,24561.17,14986.91,10648.66,16651.14,3256.07,18703.5
2023-12-11,41276.15,44083.23,24640.3,15123.34,10713.97,16659.42,3290.92,18770.2
2023-12-12,41276.55,43913.93,24651.29,15117.17,10678.13,16619.85,3275.2,18686.8
2023-12-13,41759.8,44619.55,25006.72,15178.41,10934.27,16725.17,3286.87,18751.45
2023-12-14,42340.3,45182.42,25316.61,15344.01,11026.24,16815.89,3345.86,18973.85
2023-12-15,42518.9,45244.83,25412.18,15508.55,11155.33,16931.11,3389.77,19145.05
2023-12-18,42508.95,45465.67,25425.32,15590.16,11157.38,16953,3393.02,19155.55
2023-12-19,42490.2,45357.98,25530.93,15636.14,11190.34,16987.96,3381.76,19169.25
2023-12-20,41005.1,44141.73,24814.16,15228.61,10723.29,16701.09,3229.31,18779.45
2023-12-21,41666.65,44838.12,25163.35,15434.95,10949.6,16794.51,3289.4,18941.8
2023-12-22,41811.6,45050.2,25327.11,15684.17,11003.11,16908.31,3316.58,19054.7
2023-12-26,41962.35,45313.79,25519.99,15811.81,11137.8,17068.33,3317.03,19148.85
2023-12-27,42025.45,45306.49,25527.13,15828.6,11176.81,17203.55,3349.23,19296.95
2023-12-28,42059.4,45143.12,25795.29,15965.28,11411.27,17379.51,3377.11,19399.25
2023-12-29,42306.3,45317.41,25901.74,16051.58,11364.37,17421.1,3401.85,19429.15
2024-01-01,42422.35,45566.47,26062.18,16089.9,11457.93,17418.63,3429.99,19469.5
2024-01-02,42330.5,45519.21,26090.55,16083.83,11473.96,17416.59,3427.57,19418.4
2024-01-03,42480.35,45663.9,25982.36,15993.68,11445.22,17377.3,3447.77,19367.15
2024-01-04,43080.2,46249.04,26257.2,16164.21,11540.3,17494,3511.9,19541.25
2024-01-05,43353.25,46514.35,26324.23,16196.4,11522.58,17489.14,3511.11,19590.6
2024-01-08,43343.05,46455.76,26069.2,15999.34,11398.34,17287.94,3471.12,19417.7
2024-01-09,43325.85,46456.22,25999.76,16049.91,11424.08,17301.85,3483.77,19459.55
2024-01-10,43432,46651.29,25925.35,16092.69,11378.93,17278.17,3493.94,19517.85
2024-01-11,43397,46649.14,25932.3,16190.18,11470.74,17386.11,3533.68,19584.35
2024-01-12,43748.6,46991.12,26104.25,16269.73,11569.03,17463.39,3565.9,19745.6
2024-01-15,44378.05,47757.08,26542.65,16378.59,11682.07,17632.63,3571.43,19885.55
2024-01-16,44363.6,47605.21,26440.86,16309.56,11738.58,17619.26,3553.9,19827.55
2024-01-17,44157.6,47467.13,26133.88,16145.9,11532.91,17373.79,3486.12,19487.6
2024-01-18,44251.1,47602.77,26286.86,16083.1,11496.89,17331.59,3482.15,19414.8
2024-01-19,45381.95,48712.11,26764.58,16287.05,11723.74,17509.32,3515.09,19606.4
2024-01-20,45752.4,49055.81,26880.71,16377.39,11836.95,17501.46,3549.44,19601.9
2024-01-23,43958.4,47270.65,26051.54,15970.23,11365.18,17187.16,3390.87,19206.45
2024-01-24,45056.8,48526.49,26609.21,16178.46,11707.84,17419.57,3450.29,19451
2024-01-25,45055.7,48698.09,26624.14,16141.78,11753.21,17302.85,3490.27,19393
2024-01-29,45895.4,49519.98,27200.5,16331.62,12096.65,17531.89,3556.55,19711.65
2024-01-30,45991.3,49579.36,27167.66,16213.71,12091.46,17433.73,3569.93,19574.2
2024-01-31,47075.2,50435.33,27527.62,16501.88,12254.01,17663.29,3628.29,19802.1
2024-02-01,46758.5,50312.6,27527.43,16376.3,12278.59,17676.95,3637.28,19777.35
2024-02-02,47086.15,50844.82,27920.16,16510.11,12622.82,17882.2,3676,19910.8
2024-02-05,46752,50836.65,28150.16,16533.48,12760.34,17859.41,3658.76,19853.5
2024-02-06,46896.7,51006.61,28633.22,16817.03,12954.25,18057.17,3683.94,20033.75
2024-02-07,47499.1,51779.81,28667.6,16788.9,12977.02,18137.87,3721.68,20109.55
2024-02-08,47460.25,52374.88,28634.65,16731.98,13044,18040.35,3715.98,19987.55
2024-02-09,46578.95,51070.96,28299.21,16624.78,12854.6,18054.68,3700.95,19961.5
2024-02-12,45018.45,48909.25,27597.71,16268.36,12355.49,17917.71,3581.13,19675.2
2024-02-13,45310.55,49260.53,27839.81,16359.83,12384.69,18096.18,3594.05,19782.9
2024-02-14,45796.6,49984.07,28353.64,16499.83,12756.22,18294.1,3650.51,19922.3
2024-02-15,46321.3,50754.63,28788.71,16666.64,13046.4,18414.4,3688.95,20037
2024-02-16,46543.05,50941.79,28951.6,16703.53,13024.42,18518.97,3713.86,20164.9
2024-02-19,46823.45,51073.27,29016.98,16700.27,13048.45,18591.55,3707.63,20241.1
2024-02-20,46681.9,50755.59,29004.89,16644,13081.25,18672.18,3709.71,20271.9
2024-02-21,46019,49998.81,28637.53,16478.45,12907.33,18559.08,3680.14,20128.3
2024-02-22,46615.05,50403.27,28833.18,16624.9,12998.35,18620.08,3713.67,20283.95
2024-02-23,46959.75,50617.79,28825.52,16728.34,12926.92,18590.4,3727.07,20313.5
2024-02-26,46919.6,50308.31,28694.62,16662.32,12877.56,18537,3726.98,20255.8
2024-02-27,47027.65,50478.33,28607.57,16641.53,12829.52,18543.63,3706.88,20292.85
2024-02-28,46137.9,49654.18,28063.49,16412.26,12557.91,18279.89,3609.98,20020.4
2024-02-29,46491.55,49893.01,28242.66,16555.92,12625.95,18360.75,3653.96,20090.05
2024-03-01,46864.55,50338.01,28719.9,16669.41,12950.78,18551.56,3719.7,20349.8
2024-03-02,47130.2,50754.53,28916.98,16766.17,13042.08,18611.97,3746.4,20421.35
2024-03-04,47128.9,50919.67,29094.4,16777.6,13188.84,18660.05,3770.31,20432.05
2024-03-05,46755.2,50590.23,29104.82,16713.82,13299.59,18651.67,3765.99,20382
2024-03-06,46336.05,49976.22,28984.65,16567.92,13218.92,18697.93,3713.85,20379.55
2024-03-07,46686,50424.78,28974.73,16600.71,13226.26,18740.83,3737.56,20434.8
2024-03-11,46477.15,50074.1,28733.86,16485.47,13034.6,18657.27,3686.44,20288.75
2024-03-12,45774.1,49056.8,28394.06,16276,12845.37,18526.87,3619.5,20171.4
2024-03-13,43434.9,46359.07,27276.02,15676.7,12115.79,18119.89,3419.88,19646.3
2024-03-14,44767.95,48068.54,27938.68,16067.96,12381.31,18340.95,3498.11,19916.35
2024-03-15,44583.65,47800.25,27735.52,16084.52,12248.02,18239.3,3505.67,19825.2
2024-03-18,44274.3,47370.78,27689.47,16073.3,12283.76,18281.56,3506.18,19843.1
2024-03-19,43595.25,46624.61,27191.91,15823.43,12095.98,17992.65,3457.3,19610.55
2024-03-20,43925.3,46611.44,27316.4,15841.66,12134.9,18039.32,3460.98,19632.05
2024-03-21,45271.55,48140.79,27907.93,16222.59,12454.91,18259.94,3551.63,19897.4
2024-03-22,45591.15,48628.32,28052.96,16235.2,12530.73,18383.47,3579.07,19994.6
2024-03-26,46511.95,49262.55,28316.8,16358.03,12598.71,18399.09,3598.42,20005.25
2024-03-27,46807.35,49637.05,28252.07,16302.27,12530.12,18372.35,3605.45,20087.8
2024-03-28,47200.3,50009.36,28464.11,16296.83,12693.2,18558.71,3642.36,20255.15
2024-04-01,48392.25,51296.3,28860.34,16569.8,12951.66,18719.57,3764.72,20492.55
2024-04-02,48855.4,51825.72,29215.81,16760.1,13166.79,18797.26,3828.91,20569.75
2024-04-03,49245.2,52575.09,29404.51,16857.05,13281.86,18767.32,3860.26,20605.7
2024-04-04,49411.75,52559.42,29241.81,16824.94,13240.96,18707.64,3863.91,20664.65
2024-04-05,49628.85,52781.85,29304.79,16901.45,13282.43,18756.58,3881.94,20715.1
2024-04-08,49323.3,52441.35,29261.66,16868.27,13343.2,18910.77,3883.12,20819.1
2024-04-09,49055.95,52041.05,29163.78,16887.42,13373.65,18838.89,3888.99,20790.7
2024-04-10,49497,52432.85,29337.81,17025.61,13606.31,18944.7,3921.46,20915.2
2024-04-12,49075.95,52258.67,29064.64,16971.62,13474.5,18739.28,3897.68,20745.5
2024-04-15,48213.9,51274.24,28820.49,16774.92,13373.2,18557.46,3830.04,20478.75
2024-04-16,48229.85,51515.43,28946.42,16745.95,13400.99,18576.67,3818.06,20423
2024-04-18,48039.3,51507.4,28706.81,16608.87,13325.48,18439.61,3802.25,20324.7
2024-04-19,47743.75,51251.33,28645.09,16585.26,13322.75,18458.4,3796.54,20385.2
2024-04-22,48566.4,52021.96,28905.63,16575.34,13438.66,18668.88,3849.4,20574.85
2024-04-23,49282.55,52891.22,28963.24,16670.24,13446.32,18707.84,3888.83,20652.65
2024-04-24,49506.2,53367.43,29211.46,16812.6,13640.35,18791.41,3906.32,20730.65
2024-04-25,49881.7,54112.77,29424.1,16872.84,13828.25,18896.77,3956.91,20867.9
2024-04-26,50299.3,54628.93,29666.62,17028.95,13901.68,18924.76,3976.95,20839.35
2024-04-29,50173.95,54732.72,29778.18,17064.82,14022.18,19011.86,4002.88,20992.2
2024-04-30,50494.7,55087.85,29858.57,17063.72,14047.15,19035.59,4008.88,20997.2
2024-05-02,51158.7,55860.9,30191.87,17101.44,14241.34,19142.84,4040.96,21083.6
2024-05-03,51036.1,55851.31,30140.17,17085.72,14271.49,19035.4,4018.39,20959.55
2024-05-06,50313.65,54962.87,29729.31,17060.73,13950.51,19031,3934.93,20864.95
2024-05-07,49099.4,53700.66,29436.04,16951.66,13605.62,18849.08,3832.56,20636.05
2024-05-08,49712.15,54372.32,29683.79,17039.34,13809.8,18911.84,3851.78,20704.9
2024-05-09,48666.9,53018.54,28924.49,16668.12,13400.79,18596.36,3749.35,20344.8
2024-05-10,48961,53322.61,29225.73,16751.44,13611.86,18770.78,3789.38,20469.1
2024-05-13,48922.7,53323.11,29356.3,16768.32,13609.72,18891.82,3788.25,20511
2024-05-14,49974.25,54503.36,29822.57,17000.09,13823.53,18982.43,3874.19,20683.8
2024-05-15,50632.5,55329.06,29925.1,17088.84,13984.29,18977.33,3896.18,20741.85
2024-05-16,51290,56136.92,30095.77,17229.83,13997.64,19087.51,3903.04,20929.05
2024-05-17,51835.35,57002.46,30273.65,17484.94,14142.35,19172.89,3939.93,21064.55
2024-05-18,52315.65,57655.79,30434.28,17595.68,14237.99,19222.84,3966.12,21144.45
2024-05-21,52818.25,58131,30538.69,17659.07,14516.11,19251.5,4026.11,21187.65
2024-05-22,52848.8,57913.13,30555.56,17750.66,14451.94,19268.6,4026.77,21237.75
2024-05-23,53503.15,58580.29,30683.17,17792.44,14445.29,19474.26,4066.52,21489.55
2024-05-24,53550.45,58767.19,30698.48,17805.6,14479.9,19452.13,4068.87,21483.75
2024-05-27,53763.35,58990.31,30763.18,17765.51,14493.29,19436.12,4078.2,21493
2024-05-28,53066.6,58242.77,30567.75,17637.2,14366.74,19429.42,4035.36,21387.35
2024-05-29,52984.65,58198.36,30484.93,17561.59,14360.72,19310.04,4034.55,21256.3
2024-05-30,52446.05,57368.02,30198.82,17409.8,14089.55,19079.23,3961.78,21038.55
2024-05-31,53190.65,57604.94,30274.59,17422.15,14192.83,19031.28,4016.03,21103.3
2024-06-03,55710.25,59909.73,31298.33,17830.39,15017.72,19578.17,4225.7,21797.4
2024-06-04,49834.45,53425.67,28799.73,16685.05,13126.24,18636.51,3665.77,20323.85
2024-06-05,51844.6,55367.55,29931.8,17233.9,13653.25,19334.47,3870.58,21054.4
2024-06-06,53418.95,57305.67,30457.64,17628.85,13969.61,19504.36,3972.78,21365
2024-06-07,54272.4,58346.89,31017.1,17975.46,14248.36,19790.97,4044.19,21764.15
2024-06-10,54515.9,58728.54,31255.5,18024.44,14323.22,19924.39,4057.09,21808.25
2024-06-11,54748.9,59302.53,31517.79,18153.76,14421.32,19990.4,4082.58,21852
2024-06-12,55190.05,59688.27,31693.21,18314.62,14571.5,20054.62,4135.53,21960.95
2024-06-13,55720.25,60288.43,31975.14,18494.37,14615.16,20141.19,4150.32,22074.3
2024-06-14,56238.65,61016.84,32147.63,18606.99,14695.67,20206.04,4189.42,22214.3
2024-06-18,56537.65,61841.22,32245.6,18723.93,14738.39,20264.81,4212.38,22329.6
2024-06-19,55784.65,60975.79,31941.85,18589.12,14592.59,20155.29,4176.7,22224.9
2024-06-20,56085.25,61065.64,31901.38,18724.98,14757.22,20162.42,4213.78,22305.1
2024-06-21,56197.9,61100.68,31875.28,18652.49,14683.59,20096.1,4212.12,22236.2
2024-06-24,56430.65,61414.68,32030.49,18679.9,14653.45,20178.43,4194.09,22289.1
2024-06-25,56154.55,61147.59,31974.25,18625.79,14553.79,20208.51,4170.44,22370.65
2024-06-26,55822.8,60916.89,31940.82,18562.42,14538.03,20196.65,4171.59,22436.8
2024-06-27,55961.55,60783.89,32053.41,18595.41,14587.15,20377.45,4171.35,22537.4
2024-06-28,56314.8,60871.18,32199.44,18767.05,14734.18,20400.86,4184.62,22559.7
2024-07-01,56573.2,61305.37,32484.43,19045.99,14799.2,20472.59,4216,22727.6
2024-07-02,56270.35,61102.99,32402.8,19074.45,14729.41,20336.39,4181.52,22677.8
2024-07-03,57088.85,62188.19,32859.92,19276.09,14905.09,20503.49,4263.36,22851.2
2024-07-04,57792.1,63002.93,33079.02,19416.3,14938.98,20542.46,4286.38,22914.2
2024-07-05,58543.85,63738.92,33378.28,19537.55,15087.18,20708.69,4317.39,22987.65
2024-07-08,58998.5,63998.95,33541.98,19552.36,15085.47,20735.95,4321.35,22971.15
2024-07-09,59085.4,64103.86,33718.73,19592.72,15120.27,20901.89,4324.09,23067.35
2024-07-10,59007.75,63991.74,33674.83,19505.59,15052.88,20950.19,4285.6,22977.65
2024-07-11,59485.95,64437.29,33920.65,19627.55,15182.6,20929.33,4313.7,23005.25
2024-07-12,59284.05,64074.75,34009.89,19856.41,15178.09,21004.12,4301.67,23095.45
2024-07-15,59811.95,64329.21,34299.19,19973,15351.68,21191.19,4339.41,23209.85
2024-07-16,59564.65,63894.93,34324.51,20003.76,15332.54,21172.84,4329.86,23204.25
2024-07-18,58161.2,62287.75,34008.47,19860.27,15247.42,21273.59,4272.31,23210.05
2024-07-19,56989.75,60624.28,33134.43,19396.95,14807.06,20917.96,4155.65,22853.6
2024-07-22,57632.7,61426.93,33466.54,19512.99,15003.27,20961.49,4210.76,22942.65
2024-07-23,57016.75,60601.63,33165.4,19446.03,14813.78,21034.48,4146.33,22865.2
2024-07-24,57841,60855.37,33339.49,19717.96,14947.95,21014.7,4174.14,22921.45
2024-07-25,57571.9,60838.4,33529.14,19748.52,15015.11,21093.69,4136.07,22917.25
2024-07-26,58322.8,61969.39,33894.84,20013.72,15252.5,21370.94,4239.09,23292.05
2024-07-29,59570.1,63342.32,34359.54,20196.61,15432.46,21431.7,4312.62,23394.2
2024-07-30,59597.75,63446.31,34351.62,20227.8,15544.26,21423.67,4331.69,23440.9
2024-07-31,60090.65,63883.19,34409.96,20265.43,15616.3,21560,4350.42,23530.8
2024-08-01,59311.25,63280.61,34227.83,20179.54,15600.77,21575.96,4296.7,23506.6
2024-08-02,58809.9,62221.94,33677.04,19966.54,15296.33,21323.97,4248.61,23259.45
2024-08-05,56189.4,59481.5,32534.83,19295.09,14665.87,20894.43,4040.83,22542.45
2024-08-06,55322.8,58700.47,32276.25,19210.85,14546.4,20798.26,3999.85,22443.3
2024-08-07,57195.35,60667.13,33191.87,19647.03,14959,21108.38,4116.01,22848.9
2024-08-08,56957.25,60426.76,32959.18,19482.83,14737.41,20979.83,4066.47,22705.7
2024-08-09,57883.8,61551.5,33293.13,19666.38,14897.25,21062.76,4105.19,22923.5
2024-08-12,58249.8,61612.35,33302.35,19682.44,14946.35,20964.15,4115.69,22915.85
2024-08-13,57763.15,60999.08,33058.43,19598.64,14685.33,20849.1,4033.14,22705.8
2024-08-14,57470.15,60724.63,32857.44,19509.26,14524.17,20753.88,3981.69,22672.65
2024-08-16,58611.75,61986.81,33417.69,19893.72,14754.97,21036.21,4060.58,23056.5
2024-08-19,59087.95,62158.43,33593.17,20044.71,14994.31,21047.96,4105.46,23139.75
2024-08-20,59335.3,62312.01,33716.44,20110.54,15146.47,21185.81,4144.16,23280.35
2024-08-21,59284.4,62426.87,33905.14,20258.34,15219.2,21325.06,4165.22,23368.65
2024-08-22,59508.9,62514.18,33978.05,20375.8,15276.21,21425.41,4178.23,23440.7
2024-08-23,59484.2,62679.73,33909.4,20342.49,15191.57,21352.64,4153.03,23418.65
2024-08-26,59587.05,62695.55,33986.61,20522.86,15338.11,21511.57,4161.38,23561.75
2024-08-27,59720.45,62820.86,34045.98,20645.31,15381.85,21598,4191.85,23604.85
2024-08-28,60111.15,63088.08,34014.79,20596.85,15337.64,21565.19,4187.15,23615.95
2024-08-29,59932.8,62868.04,34007.5,20567.31,15349.96,21583.88,4176.18,23631.4
2024-08-30,60274.95,63156.93,34140.57,20672.93,15431.09,21704.19,4163.88,23734.55
2024-09-02,59936.65,62915.24,34045.93,20669.19,15379.54,21777.05,4163.93,23760.7
2024-09-03,60053.05,63057.2,34154.64,20725.36,15356.7,21812.28,4163.04,23788.45
2024-09-04,59879.1,62797.25,33992.95,20629.81,15226.46,21784.19,4112.75,23748.9
2024-09-05,59721.05,62389.19,33897.82,20632.8,15274.2,21755.31,4129.86,23762.8
2024-09-06,58824.25,61362.34,33362.88,20418.85,14968.01,21545.9,4039.37,23477.7
2024-09-09,58408.4,60894.34,33242.7,20373.67,14815.4,21649.52,4014.82,23502.15
2024-09-10,58955.4,61407.04,33349.13,20525.72,14856.41,21722.45,4054.89,23643.65
2024-09-11,58857.5,61192.28,33172.27,20536.89,14572.2,21659.78,3987.94,23531.25
2024-09-12,59743,62112.6,33659.82,20805.18,14879.72,21975.33,4064.66,23907.35
2024-09-13,60014.2,62240.42,33732.66,20865.37,14924.44,21992.15,4099.83,23928.2
2024-09-16,60671.9,62814.02,33690.19,20834.66,14931.37,21975.76,4099.39,23968.2
2024-09-17,60302.45,62555.69,33585.93,20776.14,14877.57,22000.03,4073.88,23969.9
2024-09-18,60352.6,62497.19,33215.41,20571.51,14789.32,21850.44,4056.16,23898.65
2024-09-19,59455.9,61516.22,32827.05,20400.04,14633.53,21918.4,3996.84,23853.95
2024-09-20,60941.55,62942.56,33222.75,20594.99,14706.64,22102.63,4056.59,24193.8
2024-09-23,61542.95,63756.88,33618.38,20772.06,14923.2,22296.08,4110.53,24379.2
2024-09-24,61620.8,64161.12,33692.8,20773.38,15085.78,22226.14,4127.69,24389.7
2024-09-25,60836.85,63798.18,33471.24,20672.24,15150.09,22213.62,4115.3,24371.25
2024-09-26,60405.8,64018.27,33563.5,20721.42,15299.11,22362.56,4135.99,24496.9
2024-09-27,60558.25,64566.73,33978.29,20743.65,15513.01,22417.91,4163.6,24489.55
2024-09-30,60409.8,63905.8,33849.81,20749.25,15537.35,22226.36,4145.47,24245.2
2024-10-01,60372,64162.98,33920.18,20863.94,15556.79,22238.23,4151.41,24271.3
2024-10-03,58848.15,62545.18,33152.19,20464.3,15265.65,21801.23,4045.66,23755.45
2024-10-04,58511.45,62103.37,32902.72,20280.16,15168.61,21618.03,4009.04,23534.95
2024-10-07,56887.15,60366.65,32241.53,19908.85,14726.98,21304.75,3867.95,23181.95
2024-10-08,58860.05,62885,32928.58,20290.18,14847.62,21530.34,3949.44,23512.55
2024-10-09,59839.95,63614.58,33219.67,20491.03,14860.84,21668.31,3952.52,23599.6
2024-10-10,59894.95,63930.88,33194.54,20485.33,14896.39,21661.02,3957.5,23598.15
2024-10-11,60091.95,64041.61,33278.85,20660.17,14978.13,21694.85,3971.97,23611.25
2024-10-14,60424.35,64304.12,33343.67,20724.79,15015.66,21784.34,3973.04,23727.05
2024-10-15,60748.85,64418.43,33377.57,20790.84,14977.1,21743.32,3966.6,23735.7
2024-10-16,60175.75,63975.76,33335.24,20745.69,14980.65,21700.93,3966.25,23673.15
2024-10-17,58866.65,62299.71,32667.14,20465.43,14775.61,21327.3,3891.53,23377
2024-10-18,58927.15,62596.43,32768.8,20424.74,14916.52,21466.14,3912.09,23440.7
2024-10-21,58020.7,61668.88,32237.68,20048.59,14708.65,21215.9,3820.75,23263.25
2024-10-22,55968.45,59580.47,31458.74,19590.6,14284.03,20873.38,3669.35,22814.45
2024-10-23,56098.95,59313.79,31394.64,19786.32,14241.23,20830.64,3677.38,22841.1
2024-10-24,55827.75,59422.74,31313.7,19599.4,14308.76,20730.49,3693.98,22787.85
2024-10-25,54348.7,57948.78,30857.89,19390.68,13922.08,20536.77,3573.72,22499.05
2024-10-28,55175.95,58521.67,31018.65,19379.38,14139.31,20571.63,3670.24,22649.95
2024-10-29,55818.25,59354.59,31237.12,19465.53,14360.35,20631.91,3725.31,22795.05
2024-10-30,56015.1,59308.01,31378.07,19542.62,14350.9,20625.57,3748.07,22749.8
2024-10-31,56150.2,59197.4,31325.19,19447.04,14363.78,20545.3,3737.52,22689.35
2024-11-01,56570.55,59766.64,31497.54,19588.07,14475.55,20615.94,3783.77,22823.55
2024-11-04,55599.5,58894.84,31009.96,19272.02,14202.31,20404.71,3708.9,22518.3
2024-11-05,55738.65,59222.17,31296.42,19363.48,14452.02,20553.55,3765.74,22679.85
2024-11-06,57337.75,60814.67,31933.54,19913.53,14644.83,20783.18,3850.69,23031.2
2024-11-07,56831.95,60111.97,31746.55,19818.05,14486.53,20670.6,3799.75,22806.25
2024-11-08,55489.9,59232.17,31467.91,19655.92,14241.54,20605.94,3724.95,22645.65
2024-11-11,55171.15,59181.25,31354.69,19539.26,14203.08,20483.31,3702.45,22591.4
2024-11-12,54396.65,57900.5,30763.75,19273.78,13987.74,20166.42,3636.2,22331.05
2024-11-13,52646.25,56157,30167.4,18891.18,13671.48,19901.86,3530.57,21914.95
2024-11-14,52789.8,56235.5,30126.12,18930.04,13630.32,19913.72,3534.98,21963.1
2024-11-18,52665.5,56207.6,29981.69,18780.81,13691.09,19833.62,3549.44,21899.4
2024-11-19,53523.6,56962.4,30220.09,18939.23,13721.84,19917.58,3567.01,22004.35
2024-11-21,53141.35,55972.25,29932.94,18780.68,13614.4,19788.12,3449.81,21820.85
2024-11-22,53614.7,56909.2,30549.32,18990.69,13885.06,20151.08,3515.23,22225.55
2024-11-25,54927.8,58184.85,31136,19329.31,14169.32,20350.26,3588.61,22553.5
2024-11-26,54834.95,57812.1,31119.96,19455.74,14175.61,20322.31,3593.04,22562.45
2024-11-27,55640.2,58942.3,31334.78,19761.08,14217.25,20357.23,3667.91,22691.7
2024-11-28,56086.8,59029.25,31245.75,19744.33,14192.14,20115.55,3706.56,22514.35
2024-11-29,56108.85,59207.35,31432.74,19743.58,14251.85,20246.08,3725.55,22687
2024-12-02,56810.4,59633.3,31602.12,19892.25,14318.51,20381.83,3733.63,22835.85
2024-12-03,57233.55,60352.95,31884.03,20061.4,14530.1,20500.47,3799.24,23020.85
2024-12-04,57769.25,60594.5,31880.58,20052.06,14590.75,20549.1,3822.67,23099.5
2024-12-05,58300.35,61039.4,32041.25,20269.29,14619.75,20656.43,3832.35,23277.95
2024-12-06,59045.7,61527.05,32166.33,20367.11,14729.3,20682.81,3855.53,23312.1
2024-12-09,59148.05,61756.2,32058.86,20426.66,14702.79,20548.96,3859.72,23292
2024-12-10,58977.1,61586.45,32113.26,20512.93,14726.52,20603.83,3860.83,23314.9
2024-12-11,59317,61969.75,32236.35,20590.81,14748.49,20693.14,3858.17,23358.15
2024-12-12,59025.9,61764.2,31978,20520.14,14631.63,20588.12,3822.97,23256.4
2024-12-13,58688.25,61662.55,32024.55,20481.15,14606.27,20704.82,3808.31,23358.95
2024-12-16,59279.5,62095.9,32126.48,20499.71,14564.25,20705.37,3812.5,23352.45
2024-12-17,58946.3,61554.8,31718.53,20343.46,14328.55,20482.29,3756.3,23095.75
2024-12-18,58377.45,60846.2,31552.05,20139.43,14085.85,20422.99,3691.85,22934.4
2024-12-19,58089.4,60238.8,31448.17,20070.71,14008.25,20345.22,3656.2,22752.15
2024-12-20,56427.75,58200.05,30764.75,19524.05,13676.45,20034.87,3553,22319.4
2024-12-23,56385.7,58334.75,30786.74,19475.45,13744.15,20068.34,3576.75,22412.3
2024-12-24,56386.7,58160.6,30755.19,19520.56,13702.3,20032.86,3569.9,22402.7
2024-12-26,56401.45,58596.9,30783.84,19577.31,13728.65,20032.5,3578.95,22430.35
2024-12-27,56347.95,58247.9,30713.09,19555.61,13594.05,20074.27,3548.4,22445.2
2024-12-30,55911.75,57283.45,30319.76,19575.81,13377.15,20016.03,3524.6,22357.15
2024-12-31,56293.05,57213.25,30418.22,19589.67,13481.1,20017.37,3547.35,22375.4
2025-01-01,56743.3,57480.15,30596.17,19761.5,13511.85,20115.13,3562.4,22481.8
2025-01-02,57276.95,58382.05,31049.05,19925.14,13713.35,20628.16,3598.55,22819.75
2025-01-03,57044.6,58041.35,31002.59,19871.92,13794.7,20554.66,3602.7,22708.15
2025-01-06,54905.9,56481.05,30208.21,19340.41,13327.45,20282.28,3462.25,22225.4
2025-01-07,55487.55,56557.75,30382.45,19501.81,13476.25,20321.81,3505.4,22341.65
2025-01-08,54669,55475.4,30215.79,19283.04,13452.4,20266.15,3479.35,22231.8
2025-01-09,53615.2,54598.45,29972.99,19116.45,13247.85,20260.49,3418.1,22046.55
2025-01-10,52170.65,53819.65,29534.82,18823.64,12978.25,20097.13,3321.75,21799
2025-01-13,49714.6,51357.2,28550.68,18113.68,12526.75,19701.7,3176.85,21243.45
2025-01-14,51149.95,52114.05,28965.61,18403.25,12917.45,19827.62,3329.45,21481.05
2025-01-15,51340.15,52619.25,28982.02,18498.17,12968.8,19813.24,3355.4,21551.2
2025-01-16,51841.25,52816.6,29165.16,18663.48,13173.5,19965.73,3430.3,21714.55
2025-01-17,52300.45,52653.5,29215.64,18714.7,13285,19910.24,3471.55,21680.25
2025-01-20,52820.4,52827.8,29473.29,18820.01,13420.45,20126.38,3511.15,21809
2025-01-21,50862.95,50571.95,29016.78,18508.95,13253.05,19911.93,3442.05,21433.2
2025-01-22,49776.95,50009.4,28838.93,18255.55,13142,19977.52,3396.85,21396.55
2025-01-23,50411.25,51412.45,29253.41,18509.46,13200.8,20103.79,3419.8,21538.05
2025-01-24,49422.75,50721.4,28818.05,18261.86,13020.3,19917.42,3364.55,21318.9
2025-01-27,47758,48916.65,28076.96,17640.76,12701.45,19606.9,3261.7,20910.95
2025-01-28,46981.4,47960.8,27993.32,17396.93,12650.8,19737.27,3267.6,20924.75
2025-01-29,48587.75,49684.95,28439.39,17910.49,12856.35,20010.22,3326.4,21245.5
2025-01-30,48452.6,49162.45,28437.78,17776.58,12927.65,20103.16,3342.05,21297.5
2025-01-31,49962.65,49736.6,28734.53,18089.08,13182.25,20264.33,3421.3,21580.9
2025-02-01,49416.05,50250.05,28776.98,18077.81,12945.65,20474.98,3383.7,21581.75
2025-02-03,47948.95,50118.25,28467.99,17740.64,12671.55,20563.31,3293.4,21402.55
2025-02-04,48747.25,50740,28816.65,17902.23,12952.4,20701,3378.45,21727.45
2025-02-05,49603.1,51430.9,29102.88,18185.51,13124.7,20633.68,3430.2,21784.25
2025-02-06,48880.25,50784,28975.11,18044.92,13027.95,20543.97,3394.95,21672.45
2025-02-07,48933.15,51224.35,28982.47,17964.18,13063.85,20555.99,3388.15,21646.15
2025-02-10,47770.95,50036,28561.49,17656.26,12784.7,20347.77,3312.8,21371.3
2025-02-11,46149.15,48545.05,27862.54,17152.15,12476.5,19958.99,3218.75,20950.45
2025-02-12,46183.75,48387,27957.31,17172.54,12510,19997.73,3210.7,20907.85
2025-02-13,46253.45,48376.9,27916.23,17034.82,12548,20037.99,3218.05,20904.35
2025-02-14,44569.2,47014.45,27408.2,16698.99,12297.9,19814.39,3108.4,20633.1
2025-02-17,44477.2,46953.1,27532.82,16683.45,12397.3,19875.03,3124.95,20652.35
2025-02-18,43823.5,46879.25,27536.18,16682.16,12417.25,19879.69,3090.45,20611.4
2025-02-19,45054.4,47669.55,27721.89,16915.26,12551.35,19891.77,3145.4,20731.45
2025-02-20,45819.4,48290.05,27926.11,17119.44,12763.4,19924.55,3198.5,20831.1
2025-02-21,45485.95,47480.2,27570.44,16929.29,12702.75,19737.3,3170.35,20690.25
2025-02-24,44904.1,46926.55,27464.64,16822.97,12520.8,19665.02,3124.1,20468.45
2025-02-25,44561.2,46808.65,27351.82,16715.24,12364.05,19646.33,3099.9,20418.75
2025-02-27,43410.65,46113.2,26968.18,16439,12289.25,19593.82,3072.45,20315.55
2025-02-28,42264.05,44884.85,26338.29,16002.41,12010.65,19084,2986.05,19880.9
2025-03-03,42231.6,44902.1,26385.81,16047.3,12093.1,19136.58,3008.6,19896.95
2025-03-04,42671.2,44966.15,26387.71,16075.93,12198.7,18976.04,3029.5,19917.85
2025-03-05,43737.4,46086.85,26956.3,16499.17,12567,19186.63,3149,20256.5
2025-03-06,43953.3,46059.5,27384.23,16724.76,12801.75,19360,3182.2,20447.1
2025-03-07,44223.65,45798,27350.12,16777.24,12777.4,19348.71,3182.35,20443.4
2025-03-10,43259.7,44875.45,27022.97,16465.84,12604.9,19193.83,3125.35,20266.5
2025-03-11,43325.5,44980.3,27188.17,16529.24,12598.15,19198.34,3125.7,20302.5
2025-03-12,43146.45,44796.15,27151.1,16451.5,12592.45,19157.41,3121.8,20264.35
2025-03-13,42974.2,44516.6,27005.12,16374.97,12530.1,19070.08,3103.25,20176.05
2025-03-17,43231.15,44899.7,27245.05,16482.4,12598.35,19244.85,3116.55,20288.3
2025-03-18,44546.15,46197,27673.25,16876.63,12822.35,19497.11,3188.35,20657.2
2025-03-19,45980.15,46871.25,27968.05,17180.75,13015.05,19589,3256.35,20864.5
2025-03-20,46285.85,47261,28130.4,17281.3,13119.1,19756.25,3273,21070.05
2025-03-21,46879.9,47770.45,28417.9,17528.65,13287.4,19912.2,3328.9,21273.9
2025-03-24,47780.3,48283.5,28809.45,17762.6,13521.45,20212.4,3384.05,21538.1
2025-03-25,46727.7,47630.8,28555.9,17514.05,13376.15,20134.95,3320.5,21437.75
2025-03-26,46244.5,47197.4,28370.5,17429.85,13252.35,19978.65,3287.5,21275.45
2025-03-27,46312.55,47760.15,28671.85,17509.7,13376.35,20146.45,3339.3,21407.95
2025-03-28,46004.55,47724.3,28559.2,17428.5,13302.85,20057.9,3310.6,21339.55
2025-04-01,45298.55,46893.9,28278.55,17224.5,13302.8,19873.4,3323.4,21070.75
2025-04-02,46082.55,47877.9,28531.65,17384.1,13372.8,20064.75,3362.1,21265.65
2025-04-03,46382.85,47449.3,28509.5,17310,13402.45,20023.3,3403.85,21243.4
2025-04-04,44696,45729.8,27878.85,16753.2,12867.8,19740.15,3284,20805.35
2025-04-07,42772.7,44049.25,27077.8,16145.95,12407.05,19212.65,3144.45,20105.7
2025-04-08,44026.2,45216.95,27646.1,16474.35,12639.65,19626.35,3221.55,20480.8
2025-04-09,43450.05,44505.25,27553.15,16362.2,12514.9,19581.2,3195.55,20356.75
2025-04-11,44744.45,45838.7,28112.85,16765.05,12850.35,19903.65,3250.45,20752.85
2025-04-15,46342.25,47352.2,28747.4,17245.3,13143.25,20336.65,3364.3,21279.4
2025-04-16,46805.25,47529.9,28993.8,17324.2,13265.85,20446.75,3409.2,21404.35
2025-04-17,46952.8,47905.55,29196.4,17394.8,13358.95,20637.95,3436.7,21681.55
2025-04-21,48039.85,49138.05,29680.5,17748.85,13647.85,20959.7,3528.65,22005.75
2025-04-22,48622.3,49678.55,29988.85,17934.35,13608.65,21004.6,3524.2,22085.15
2025-04-23,48837.55,50351.15,30189.45,18221.1,13651.35,21143.8,3547.1,22237.6
2025-04-24,48563.25,50364.05,30245.5,18198.75,13691.7,21175.9,3547,22180.65
2025-04-25,47029.85,49285.95,29568.15,17758.4,13395.1,20808.65,3421.2,21848.15
2025-04-28,47852.45,49860.35,29896.55,17975.3,13635.95,20984.7,3483.9,22101.85
2025-04-29,48219.85,50185,29849.85,18047.85,13552.25,20967.6,3476.85,22112.4
2025-04-30,47670.8,49767.6,29608.5,17847.6,13437.85,20844.3,3432.6,22030.05
2025-05-02,47218.55,49682.7,29610,17758.4,13469.35,20786.15,3429.15,22006
2025-05-05,47915.8,50479.8,30065.15,18086.05,13608.15,20842.9,3499.2,22195.15
2025-05-06,46633.7,49496.1,29588.05,17645.05,13319.25,20708.4,3374.45,21956.6
2025-05-07,47450.8,50101.4,29921.45,17865.25,13459.65,20836.95,3410.4,22072.45
2025-05-08,46688.45,49332.35,29429.55,17632.25,13229.35,20593.35,3337.05,21843.05
2025-05-09,46487.3,48948.7,29311.7,17640.6,13235.25,20537.35,3335.55,21675.55
2025-05-12,48674.85,51154.75,30255.8,18390.7,13710.5,21164.2,3504.2,22511.4
2025-05-13,48809.65,51187.7,30200.25,18413.15,13589.5,21105.75,3514.85,22349.4
2025-05-14,49478.9,51807,30484.5,18641.4,13751.9,21194.15,3565.5,22499.5
2025-05-15,49538.4,52152.4,30723.85,18920.5,13892.15,21448.75,3608.8,22788.8
2025-05-16,50362.45,52466.2,31017.6,19246.9,13933.15,21463.6,3677.35,22870.9
2025-05-19,50384.3,52403.45,31036.9,19243.4,13949.15,21532.85,3676.7,22865.8
2025-05-20,49806.35,51615.4,30643.1,18979.65,13829.25,21218.5,3614.8,22585.6
2025-05-21,49949.65,51975,30830.95,19200.75,13908.1,21349.35,3662.4,22730.65
2025-05-22,49715.75,51691.25,30574.4,19107.5,13802.1,21210.15,3655.6,22595
2025-05-23,50148.4,52057.1,30686.95,19243,13902.75,21389.75,3665.3,22781.05
2025-05-26,50213.65,52300.5,30893.6,19404.7,13966.5,21485.9,3690.4,22908.3
2025-05-27,50394.3,52120.45,30831.25,19393.35,13914.45,21409.4,3703.1,22816.5
2025-05-28,50580.3,51981.2,30763.1,19458.85,13898,21358.9,3712.5,22779.4
2025-05-29,51071.45,52462.5,30816.65,19530.55,13928.6,21369.7,3733.95,22861.35
2025-05-30,51179.25,52456.95,30726.7,19365.5,13826.25,21277.15,3717.8,22801.95
2025-06-02,51511.9,52503.75,30747.25,19447.85,13868.65,21236.65,3752.35,22834.5
2025-06-03,51547.95,52566.75,30650.45,19386.1,13789.85,21116.65,3725,22711.3
2025-06-04,52111.95,53097.1,30873.7,19515.7,13835.35,21151.2,3743.8,22807.85
2025-06-05,52861.65,53824.25,30977.5,19655.95,13829.3,21160.95,3748.95,22934.5
2025-06-06,53097.65,54254.5,31273.55,19746.45,14004.75,21483.15,3814.85,23165.1
2025-06-09,53504.55,54740.4,31621.2,19982.05,14179.6,21687.85,3868.4,23330.55
2025-06-10,53619.6,54918.6,31696.85,20103.35,14221.7,21710,3869.95,23339.95
2025-06-11,53143.25,54555.3,31669.9,20048.75,14276.35,21706.2,3843.95,23337.85
2025-06-12,52008.7,53711.4,31302.15,19681.95,14017.85,21567.85,3765.05,23046.45
2025-06-13,51868.7,53542.55,31158.6,19575.2,13905.55,21484.5,3734.3,22906.2
2025-06-16,52189.65,54139,31392.8,19697.1,13998.95,21652.5,3758.2,23095.05
2025-06-17,52140.75,53947.1,31222.6,19678.15,13869.65,21531.3,3722.1,22981.5
2025-06-18,52145.35,53896.3,31092.75,19590.35,13838.7,21506.15,3708.1,22925.2
2025-06-19,51396.5,53332.8,30753.75,19261.55,13668.8,21425.8,3628.2,22763.5
2025-06-20,52160.2,54190.15,30893.9,19490.75,13828.2,21537.8,3692.25,23041.1
2025-06-23,52645.35,54410.55,31019.05,19585.15,13883.1,21498.15,3729.45,23001.5
2025-06-24,53083.95,54609.05,31272.1,19724,13965.4,21639,3768.7,23113.2
2025-06-25,53316.15,55140.4,31494.6,19790.75,14024.5,21812.15,3786,23296.85
2025-06-26,53380.35,55253.2,31702.8,19902.6,14230.35,21933.75,3825.2,23517.55
2025-06-27,53518.5,55110.3,31898.15,20028.15,14305.55,21968.15,3837.95,23620.15
2025-06-30,53900.45,55332.85,31911.75,20140.25,14365.4,21953.4,3869.3,23617.2
2025-07-01,53604.85,55102.05,31755.9,20047.7,14380.15,22000.75,3872.5,23615.45
2025-07-02,53619.95,54702.3,31532.1,19922.85,14333.8,21922.85,3860,23547.25
2025-07-03,53626.55,54438.75,31631.6,20012.15,14300.1,21908.7,3851.25,23521.85
2025-07-04,53449.1,54313.15,31779.6,20041.4,14344.65,21965,3850.45,23562.45
2025-07-07,53216.55,54137.2,31782.45,20045.1,14322.2,21999.45,3832.1,23551.2
2025-07-08,52677.2,53992.5,31739.85,20014.65,14355.4,22011.5,3832.45,23572.55
2025-07-09,53062.9,54172.9,31834.9,20048.2,14250.6,22047.75,3828.9,23557.45
2025-07-10,52798.45,53795.65,31724.65,19983.5,14252.75,21928.3,3829.15,23471.4
2025-07-11,52167.65,53241.3,31515.15,19794.85,14182.95,21757.25,3799.5,23282.7
2025-07-14,52619.95,53436.55,31592.7,19845.7,14239.55,21723.6,3826.9,23309.05
2025-07-15,53078.65,53715.95,31823.1,20039.85,14311.7,21880.75,3843.1,23449.15
2025-07-16,53160.65,53696.9,31800.55,20006.85,14332.75,21894.9,3860.25,23472.5
2025-07-17,52964.85,53372.7,31806.1,20027.45,14334.1,21842.5,3851.4,23419.7
2025-07-18,52389.35,53031.5,31637.1,19926.5,14309.55,21725.3,3821.7,23275.15
2025-07-21,52824.5,53384.8,31532.95,20025.05,14339.85,21747,3837.95,23378.45
2025-07-22,52849.75,53505.85,31499.4,19957.85,14284.8,21688.2,3798.3,23320.9
2025-07-23,52988.15,53678.6,31601,19940.4,14364.4,21791.75,3810.45,23428.4
2025-07-24,52799.8,53186.15,31314.8,19592.7,14353.55,21660.6,3801.75,23301.1
2025-07-25,51939.95,52518.55,30913,19233.75,14095.8,21487.05,3719,23014.8
2025-07-28,51507.65,51847.1,30621.35,19034.45,13971.5,21328.6,3664.3,22846.95
2025-07-29,52028,52102.7,30845.25,19191.6,14086.15,21428.95,3703.65,23007.35
2025-07-30,52114.95,52123.25,30872.4,19249.75,14005.5,21452.85,3687.05,23033.55
2025-07-31,52171,51947.8,30660.95,19118.7,13860.6,21399.4,3650.1,22914.95
2025-08-01,51480.35,51185.35,30246.8,18937.35,13626.95,21128.5,3590.1,22673.65
2025-08-04,51916.55,51773.55,30396.5,19112.25,13807.5,21292.6,3663.8,22860.4
2025-08-05,51728.45,51799.7,30346.2,19078.25,13807.95,21287.55,3654.45,22798.5
2025-08-06,50946.95,51323,30087.35,18899.95,13756.5,21095.95,3617.5,22666.85
2025-08-07,51175.2,51393.8,30058.35,18922.55,13745.95,21178.4,3610.45,22694.1
2025-08-08,49661.7,50603.1,29868.85,18678.9,13663.65,21014.65,3533.85,22443.15
2025-08-11,49891.35,51080.75,30015.45,18739.6,13788.05,21136.35,3566.75,22633.45
2025-08-12,49756.75,50837.2,29924.8,18667.55,13819.95,21088.2,3556.05,22568.6
2025-08-13,50194,51355.5,30066.15,18764.8,13904.95,21311.1,3570.1,22698.1
2025-08-14,50196.9,51393.75,29987.2,18671.05,13803.45,21317.6,3546.95,22680.25
2025-08-18,50806.25,52098.85,30497.75,18841.85,13934.85,21792.5,3592.7,22931.5
2025-08-19,51147.6,52135.65,30707.65,18983.45,14079.65,21906.25,3637.35,23066.6
2025-08-20,51353.65,52325.9,30813.2,19103.85,14057.15,21987.8,3634.95,23143.15
2025-08-21,51250.9,52256.95,30773.25,19035.75,14004.95,22031.15,3616,23137.15
2025-08-22,51222.6,52127.3,30593.85,18949.2,13872.55,21921.7,3596.3,22991.3
2025-08-25,51210.8,52123.05,30623,18999.35,13939.2,21999.2,3605.2,23052
2025-08-26,50147.65,51166.1,30217.3,18741.8,13725.7,21803.25,3524.6,22768.65
2025-08-28,49460.9,50448.95,29947.15,18502.75,13603.6,21699,3468.1,22541.65
2025-08-29,49066.25,50200.35,29999.3,18516.2,13571.75,21702.25,3457.7,22462.95
2025-09-01,50145.1,50978.15,30512.7,18865.05,13795.75,21953.4,3522.95,22713.55
2025-09-02,50305.7,50953.4,30664.45,18988.65,13869.2,22012.8,3542.95,22724.4
2025-09-03,50892.7,51286.95,30765.1,19022.7,14034,22078.25,3575.15,22864.65
2025-09-04,50391.95,50979.65,30800.55,19020.5,13917.95,22113,3542.65,22819.65
2025-09-05,50479.75,50986.9,30714.35,18962,13974.65,22092.6,3566.75,22829.15
2025-09-08,50403.2,50930,30825.4,19011.5,14006.95,22167.9,3594.05,22878.65
2025-09-09,50634.7,51216.8,30893.35,19070.15,13976.9,22334.65,3592.35,22949.1
2025-09-10,51098.2,51817,31100,19401,14043.1,22452.55,3633.15,23074.15
2025-09-11,50916.5,51598.25,31139.8,19349.35,14139.1,22437.1,3655.4,23102.65
2025-09-12,51235.35,52032.85,31163.95,19419.3,14186,22525.25,3679.55,23190.25
2025-09-15,51425.8,52178.8,31240.95,19455.4,14206.05,22488.8,3707.35,23215.85
2025-09-16,51733.35,52465.1,31528.8,19544.1,14362.35,22601.55,3724.95,23369.3
2025-09-17,52007.7,52566.85,31611.95,19670.8,14453.85,22629.95,3735.5,23445.2
2025-09-18,52022.25,52659.2,31632,19698.1,14470.85,22697.95,3743.05,23518.9
2025-09-19,51869.5,52482.7,31663.55,19724.3,14536.5,22686.8,3796.7,23486.65
2025-09-22,51521.15,52449.65,31564.8,19687.55,14469.65,22567.5,3844.75,23381.45
2025-09-23,51253.2,52223.95,31580.75,19518.35,14525.05,22539.1,3833.5,23325.25
2025-09-24,50791.65,51879.9,31422.7,19232.4,14459,22442.15,3771.8,23178.25
2025-09-25,50445.85,51480.25,31176.3,19152.2,14373.05,22264.7,3752.35,23022.4
2025-09-26,49302.9,50543.15,30735.05,18773.75,14161.95,21995.45,3667.95,22713.15
2025-09-29,49165.8,50705.1,30886.55,18778.95,14362.3,21966.85,3694.6,22739.1
2025-09-30,48722.95,50575.35,30945.45,18697.65,14456.3,22000.6,3702.7,22734.1
2025-10-01,49341.45,51117.45,31124.15,18876.95,14497.9,22095.9,3764.25,22928.3
2025-10-03,49642.1,51400.05,31364.85,19015.1,14632.45,22142.95,3797.2,23027.7
2025-10-06,50348.65,52242.85,31515.7,19143.15,14627.4,22313.1,3801.8,23169.65
2025-10-07,50356,52294.05,31476.1,19166.35,14608.45,22360.5,3816,23209.5
2025-10-08,50058.2,52164.1,31295.75,19049.05,14521.9,22240.95,3773.35,23109.35
2025-10-09,50522.4,52717.45,31468.55,19173.55,14627.8,22360.9,3825.65,23241.75
2025-10-10,50829,52886.6,31517.8,19215.65,14674.1,22502.75,3853.15,23337.55
2025-10-13,51045.15,53152.3,31489.25,19196.65,14619.2,22528.9,3853.7,23294.8
2025-10-14,50706,52942.6,31220.2,19103.35,14477.15,22457.65,3821.4,23184.05
2025-10-15,51198.4,53736.2,31461.9,19306.85,14628.15,22659.7,3877.25,23377.35
2025-10-16,51259.55,53831.35,31564.1,19424.35,14651.5,22788.45,3887.25,23563.8
2025-10-17,51338,53874.4,31582.6,19430.7,14554.7,22858.85,3862.8,23598.05
2025-10-20,51514.85,54170.7,31838.6,19508.65,14687.9,23047.25,3892.25,23716.1
2025-10-21,51572.7,54236.15,31907.95,19560.5,14718.2,23079.35,3897.45,23759.2
2025-10-23,51025.35,53973.05,31814.95,19487.55,14708.6,23084.65,3907.9,23755.9
2025-10-24,50821.5,53739.8,31671.5,19487.8,14733.05,22920.25,3902.6,23686.6
2025-10-27,51187.5,53994.8,31805.85,19573.4,14947.85,22966.8,3926.7,23840.9
2025-10-28,51176.95,53810,31797.25,19535.55,14977.45,22943.25,3917.15,23812.55
2025-10-29,51240.6,54039.15,31892.1,19494.7,15219.75,22941.4,3972.4,23952.4
2025-10-30,51205.05,53822.7,31778.9,19523.85,15187.25,22772.05,3968.1,23841.3
2025-10-31,50867.3,53479.65,31665.15,19422.9,15138.4,22661.45,3951.6,23710.4
2025-11-03,51349.45,53871.05,31807.4,19478.55,15273.15,22740.9,3995.1,23810.7
2025-11-04,51036.75,53738.55,31670.25,19369,15144.05,22662.65,3948.05,23675.45
2025-11-06,50839.9,53429.3,31563,19176.05,14949.95,22606.8,3879.6,23513.15
2025-11-07,51322.85,53834.45,31735.75,19148.95,15056.2,22657.9,3922.6,23521.5
2025-11-10,51421.9,53976.2,31889.95,19227.5,15077.9,22745.45,3943.75,23596.9
2025-11-11,51457.7,53863.3,31812.35,19316.6,15138.3,22599.85,3968.15,23682.65
2025-11-12,51811.85,54321.45,32079.05,19511.4,15272.05,22763.95,3990,23836.9
2025-11-13,51642.95,54212.3,31993.55,19393.9,15255.4,22729,3983,23816
2025-11-14,51891.65,54405.9,31996.75,19386.3,15233.1,22711,4003.55,23836.35
2025-11-17,52334.7,54648.9,32330.65,19519.6,15291.55,22873.15,4025.5,23954.55
2025-11-18,51782.4,54166.05,32091.75,19339.5,15191.55,22732.05,3989.45,23824.65
2025-11-19,52006.5,54463,32029.5,19430.05,15149.4,22768.8,3985.55,23906.3
2025-11-20,52176.95,54875.35,32134,19444.1,15097.95,22874.3,3969.9,23975.45
2025-11-21,51477.75,54226.7,31887.05,19219.45,14947.25,22739.35,3909.3,23790.25
2025-11-24,51126.55,53863.3,31745.7,19058.4,14821.05,22727.5,3882,23674.55
2025-11-25,51222.1,53972.25,31706.4,19013.25,14851.3,22784.35,3898.75,23655.05
2025-11-26,52187.15,54871.7,32004.7,19231.2,15067.55,23031.25,3972.65,23955.2
2025-11-27,52088.15,54928.85,31937.55,19217.35,15025.55,22938.5,3965.4,23947.75
2025-11-28,52105.25,54778.55,31854.55,19168.45,14978.45,22942.05,3961.7,23933.2
2025-12-01,52197.1,54616.7,31834.75,19176.45,15019.45,22965.35,3958.2,23922.45
2025-12-02,52042.55,54368.1,31820.25,19148.55,14992.7,22966.2,3943,23822.25
2025-12-03,51341.6,53747.1,31608.1,19016.5,14861.85,22826.05,3878.65,23716.3
2025-12-04,50946.75,53707.75,31684.95,19089.65,14869.5,22939.4,3875.35,23741.1
2025-12-05,50989.45,54014.3,31790.8,19114.9,14910.7,23134.95,3879.85,23835.25
2025-12-08,49947.75,52977.4,31321.35,18739.8,14650.05,22878.4,3760.3,23526.2
2025-12-09,50321.45,53066.7,31431.35,18775.85,14686.6,22803.95,3804.9,23516.25
2025-12-10,49446.65,52529.7,31307.55,18627.55,14708.15,22784.9,3759.95,23408.8
2025-12-11,49949.35,52877.9,31441.15,18790.8,14779.45,22938.25,3806.45,23550.85
2025-12-12,50538.2,53325.2,31608.2,18943.25,14960.4,23049.05,3868.1,23726.2
2025-12-15,50327.2,53212,31662.9,18967.55,15005.2,23038.35,3859,23725.2
2025-12-16,49901.8,52794.15,31433.4,18860.35,14898.4,22931.2,3820.25,23570.15
2025-12-17,49588.45,52330.7,31341,18709.8,14962.6,22864.7,3804.7,23496.05
2025-12-18,49730.8,52562.85,31286.6,18726.9,14932.7,22880.25,3803.65,23491.5
2025-12-19,50492.6,53155.3,31552.95,18883.15,15022.2,23055.55,3858.5,23677.55
2025-12-22,51151,53542.85,31740.6,19097.15,15142.4,23131.35,3904.8,23867.65
2025-12-23,51038.3,53592.6,31769.3,19116.25,15229.1,23108.7,3920.2,23895.15
2025-12-24,50985.9,53429.4,31730.4,19031.35,15204.4,23055.3,3927,23850.25
2025-12-26,50624.55,53128.7,31616.7,18923.45,15206.75,22968.4,3947.8,23780.25
2025-12-29,50249.65,52870.4,31532.9,18823.75,15197.6,22886.55,3912.65,23682.1
2025-12-30,49765.4,52250.85,31342.5,18677.5,15304.6,22892.95,3916.9,23668.8
2025-12-31,50309.15,52707.65,31730.8,18856.45,15534.2,23057.8,3954.95,23871.55
2026-01-01,50394.5,52947.15,31716.9,18848.85,15608.85,23090.55,3979,23909.55
2026-01-02,50660.8,53337.05,32046.25,19032.85,15881.1,23338.65,4040.25,24099
2026-01-05,50820.55,53421.6,32054,19050.9,15874.8,23342,4043.75,24058.45
2026-01-06,50958.7,53484.9,32135.25,19079.7,15886.8,23501.85,4033.4,24010.5
2026-01-07,51064.45,53324.95,32157.2,19290.15,15827.95,23474.05,4051.6,24016.6
2026-01-08,50076.35,52494.45,31497.85,18921.15,15445.95,23112.35,3946.3,23680.1
2026-01-09,49332.75,51872.7,31250.45,18686,15370.15,22947,3884,23467.35
2026-01-12,49217.6,51870.9,31316.65,18685.7,15520.35,23025.8,3895.7,23510.45
2026-01-13,49347.65,51901.85,31326.8,18700.65,15574.8,22999.45,3888.55,23480.65
2026-01-14,49787.25,52031.8,31474.95,18688.95,15823.8,22865.05,3923.55,23475.85
2026-01-16,49829.2,52078.8,31510.25,18671.3,15854.75,22868.8,3914.5,23485.3
2026-01-19,49750.1,52250.65,31532,18636.75,15752.6,22866.7,3881.9,23373.75
2026-01-20,48522.2,51005.3,30836.95,18149.75,15419,22405.75,3767.05,22946.65
2026-01-21,47996.45,50664.35,30747.05,18030.15,15408.45,22351.65,3724.6,22835.15
2026-01-22,48455.85,51122.45,31128.15,18296.65,15619.75,22556.2,3758.2,23008.75
2026-01-23,47629.4,50406.2,30690.55,18045.3,15435.8,22332.75,3654.7,22706.2
2026-01-27,47879.95,50535.95,30818.1,18102.8,15669.6,22362,3686,22819.25
2026-01-28,48731.3,51094.65,31236.4,18549.35,16085.55,22531.05,3799.45,23082.1
2026-01-29,48845.75,51117.35,31230.1,18580.2,16307,22449.6,3813.65,23134.8
2026-01-30,48636.85,50783.85,31097.4,18572.4,15969.9,22434.05,3774.7,23079.5
2026-02-01,46961.25,49219.65,30355.7,18178.8,15454.1,22060.4,3632.65,22611.3
2026-02-02,47507.45,49817.8,30657.3,18399.4,15733.35,22259.9,3667.8,22837
2026-02-03,49078.85,51357.25,31239.7,18902.65,16070.25,22727.2,3809.1,23446.3
2026-02-04,49566.6,51874.9,31561.85,18891.8,16362.25,22768.9,3869.8,23534.95
2026-02-05,49171.9,51547.25,31531.2,18797.15,16285.85,22734.55,3832.55,23411.7
2026-02-06,49765.6,51813.2,31607.45,18692.9,16304.2,22737.95,3826.05,23434
2026-02-09,50768.5,52614.85,31919.9,18924.05,16489.6,22842.15,3911.15,23683.4
2026-02-10,50851.75,52643.95,32059.3,19073.15,16596.75,22904.8,3940.2,23753.75
2026-02-11,51015.15,52952.65,32187.95,19066.35,16662.75,23075.65,3937.15,23783.05
2026-02-12,51351.65,53249.9,32119.85,18807.6,16585.15,23004.75,3920.6,23651.55
2026-02-13,50272.85,52347.45,31581.4,18458.6,16265.25,22778.85,3830.5,23313.15
2026-02-16,50427.5,52412,31818.9,18560.5,16445.8,22914.8,3859.35,23472.45
2026-02-17,50750.45,52581.05,32103.4,18631.9,16493.55,23016.65,3861.9,23540.05
2026-02-18,51395.85,52972.65,32223.7,18701.35,16619,23072.5,3888.85,23645.8
2026-02-19,50660.6,52174.65,31828.1,18366.15,16441.2,22829.3,3805.55,23297.45
2026-02-20,51047.1,52568.65,32029.3,18436.1,16585.45,22947.3,3820.1,23395
2026-02-23,50985.75,52681.45,32310.1,18434.2,16605.8,23103.55,3818.5,23484.95
2026-02-24,50864.25,52537.3,32291.35,18292.9,16718.45,22952.35,3815.1,23304.6
2026-02-25,51265.7,53111.9,32591.85,18448.1,16895.9,23149.4,3841.75,23403.8
2026-02-26,51462.65,53352.3,32663.95,18466.9,16982.35,23179.05,3846.95,23448.5
2026-02-27,50663.15,52358.4,32313.2,18236.6,16854.05,22861.45,3781.6,23166.85
2026-03-02,49979.45,51496,31785.7,17976.75,16619.05,22552.05,3704.75,22835.95
2026-03-04,48631.1,50312.45,31126,17734.4,16125.3,22197.9,3609.25,22409.8
2026-03-05,49534.3,51314.7,31554.95,18043.05,16407.55,22443,3686.75,22697.8
2026-03-06,49128,50725.3,31290.3,18069.85,16293.05,22264.9,3653.6,22481.3
2026-03-09,48170.45,49580.3,30473.25,17795.05,15802.1,21852.65,3578.1,22056.55
2026-03-10,49260.5,50776.95,31053.15,18183.95,16058.85,22144.35,3661.3,22342.95
2026-03-11,48296.25,49695.6,30643.15,17936.3,16001.7,21825.05,3618.25,22042.3
2026-03-12,47888.5,49060.3,30549.45,17916,16073.85,21655.25,3632.25,21897.5
2026-03-13,46775.25,47768.25,29855.45,17524.95,15584.45,21263.05,3528.6,21391.2
2026-03-16,46892.45,48073.6,29660.7,17435.9,15476.25,21244.2,3519.8,21498.8
2026-03-17,47510.1,48767.95,29886.25,17570.8,15645.9,21372.2,3569.5,21669.3
2026-03-18,48229,49496.25,30173.25,17841.95,15708.4,21567.15,3639.55,21917.4
2026-03-19,46650.8,47666.05,29270.7,17359.8,15281.9,21008,3511.15,21225.8
2026-03-20,46708.75,47759.05,29465.3,17402.95,15395.65,21162.25,3521.45,21327.9
2026-03-23,44842.55,45951.45,28446.65,16795.45,14858,20633.2,3347.35,20664.25
2026-03-24,45980.9,47227.25,28976.5,17115.5,15044.6,20928.25,3422.8,21067
2026-03-25,47306.5,48558.7,29560.15,17424.3,15324.3,21240.35,3523.15,21478.2
2026-03-27,45890.35,47299.75,29044.7,17076.2,15117.1,20965.85,3432.9,21020.15
2026-03-30,44487.95,45987.05,28459.05,16709.15,14937.7,20579.9,3317.65,20528.05
2026-04-01,45779.85,47238.1,29018.1,17350.05,15219.95,20744.8,3456.75,20935.15
2026-04-02,45540.7,46966.4,28859.75,17439.1,15176.55,20705.5,3458.95,20938.35
2026-04-06,46389.55,47873.55,29207.25,17668.55,15361.35,20911.15,3539,21194.05
2026-04-07,46338,47880.9,29191.45,17756.2,15441,21033.4,3551,21296.45
2026-04-08,48574.3,50480.7,30200.75,18273,15904.8,21547.25,3749.25,22137.1
2026-04-09,48756.75,50489.9,30239,18431.4,15971.45,21604.95,3754.75,22037.5
2026-04-10,49828.45,51588.95,30691.2,18627.9,16106.5,21872.75,3817.35,22346.75
2026-04-13,49507.2,50841.6,30292.85,18531.5,16044.95,21665.95,3815.15,22179.05
2026-04-15,50337.4,51731.9,30793.3,18965.95,16356.65,22029.3,3920.75,22595.55
2026-04-16,50495.9,51739.4,30789.8,19108.5,16414.85,21993.35,3980.1,22656.3
2026-04-17,51029.9,52159.6,31226.75,19528.25,16571.65,22178.9,4045.75,22869.4
2026-04-20,51129.4,52280.4,31216.7,19450.25,16582.25,22220.1,4030.45,22865.8
2026-04-21,51242.2,52545.15,31381.95,19532.45,16632.7,22312.65,4051.6,23042.35
2026-04-22,51377.5,52376.35,31431.45,19536.15,16716.6,22190.6,4108.15,22991.5
2026-04-23,51097.15,51886.5,31185.6,19532.25,16559.15,22100.7,4068.15,22810.85
2026-04-24,50876.65,51698.5,30965.3,19345.15,16505.75,21890.45,4028.95,22570.05
2026-04-27,51292.85,52022.4,31207,19521.05,16721.95,22113.9,4111.3,22821.4
2026-04-28,51173.25,51881.75,31138.75,19545.55,16753.2,22107.75,4115.9,22765.6
2026-04-29,51409.85,52149.1,31178.05,19573.9,16786.05,22222.8,4121.9,22871
2026-04-30,50876.15,51758.85,30891.3,19406.7,16554.2,22153.7,4074.8,22683.55
2026-05-04,51248.9,52178.35,31083.9,19469.5,16629.45,22210.15,4132.7,22830.75
2026-05-05,51550.9,52338.55,31168.95,19633.7,16618.3,22195.2,4149.9,22808.25
2026-05-06,52287.9,53382.4,31655.05,19802.9,16823.05,22423.5,4246.9,23133.4
2026-05-07,53207.1,53993.1,31786.5,19996.35,16828.1,22508.55,4276.9,23214
2026-05-08,52914.3,53840.9,31707.65,19944.65,16647.05,22449.95,4270.7,23115.65
2026-05-11,52246.75,52971.45,31248.25,19633,16411.8,22235.05,4204.25,22795.75
2026-05-12,50964.7,51805.35,30634.95,19094.7,16273.15,21852,4056.15,22299.9
2026-05-13,51262.15,51967.75,30758.45,19236.9,16489.8,21818.5,4122.7,22377.35
2026-05-14,52122.5,52778.15,30960.5,19355.35,16611.15,22004.85,4159.25,22613.1
2026-05-15,51873.9,52588,30818.95,19363.4,16475.65,22063.25,4110.4,22531.15
2026-05-18,51400.75,52241.85,30638.4,19328.65,16262.35,21945.95,4073.9,22461.05
2026-05-19,51591.45,52347.7,30782.4,19511.15,16339.65,22036.9,4128.8,22521.75
2026-05-20,52032.7,52735.1,30856.9,19606.9,16432.65,22028.55,4130.7,22578.15
2026-05-21,52088.1,52634.2,30853.85,19700,16514.65,22023.2,4138.55,22602.85
2026-05-22,52104.45,52820.4,30847.65,19701.65,16510.45,22046.45,4152.9,22651.3
2026-05-25,52873.3,53637.2,31158.55,19791.6,16691.3,22224.75,4214.6,22929.45
2026-05-26,53131.5,53663.35,31134.05,19861.2,16736.65,22170.8,4241.7,22897.2
2026-05-27,53540.15,53950.8,31234.3,20052.65,16889.45,22225,4284.05,22967.4
2026-05-29,52795.35,53062.8,30747,19788.05,16576.7,21862.95,4254.35,22657
2026-06-01,51725.25,52223.6,30361.5,19549.25,16504.35,21688.85,4195.3,
2026-06-02,51828.4,52254,30457.6,19674.85,16500.65,21746.9,4219.7,
2026-06-03,52020.25,52285.45,30413.4,19471.75,16559.8,21615.05,4198.1,
2026-06-04,52299.55,52510.2,30519.4,19623.5,16592.6,21669,4208.15,
2026-06-05,52203.05,52409.6,30480.15,19471.9,16487.1,21649.35,4216.9,
2026-06-08,51062.6,51521.05,30071.15,19160.45,16273.15,21477.55,4126.45,
2026-06-09,51970.1,52392.45,30516.75,19361.6,16428.45,21622.6,4191.45,
2026-06-10,51155.35,51677.9,30172.4,19120.6,16152.7,21489.25,4119.8,
2026-06-11,50749.5,51363.45,29923.3,18860.25,16046.6,21370.75,4071.25,
